# Blender 5.0.1
# www.blender.org
o Icosphere
v 0.000000 -1.000000 0.000000
v 0.723607 -0.447220 0.525725
v -0.276388 -0.447220 0.850649
v -0.894426 -0.447216 0.000000
v -0.276388 -0.447220 -0.850649
v 0.723607 -0.447220 -0.525725
v 0.276388 0.447220 0.850649
v -0.723607 0.447220 0.525725
v -0.723607 0.447220 -0.525725
v 0.276388 0.447220 -0.850649
v 0.894426 0.447216 0.000000
v 0.000000 1.000000 0.000000
v -0.162456 -0.850654 0.499995
v 0.425323 -0.850654 0.309011
v 0.262869 -0.525738 0.809012
v 0.850648 -0.525736 0.000000
v 0.425323 -0.850654 -0.309011
v -0.525730 -0.850652 0.000000
v -0.688189 -0.525736 0.499997
v -0.162456 -0.850654 -0.499995
v -0.688189 -0.525736 -0.499997
v 0.262869 -0.525738 -0.809012
v 0.951058 0.000000 0.309013
v 0.951058 0.000000 -0.309013
v 0.000000 0.000000 1.000000
v 0.587786 0.000000 0.809017
v -0.951058 0.000000 0.309013
v -0.587786 0.000000 0.809017
v -0.587786 0.000000 -0.809017
v -0.951058 0.000000 -0.309013
v 0.587786 0.000000 -0.809017
v 0.000000 0.000000 -1.000000
v 0.688189 0.525736 0.499997
v -0.262869 0.525738 0.809012
v -0.850648 0.525736 0.000000
v -0.262869 0.525738 -0.809012
v 0.688189 0.525736 -0.499997
v 0.162456 0.850654 0.499995
v 0.525730 0.850652 0.000000
v -0.425323 0.850654 0.309011
v -0.425323 0.850654 -0.309011
v 0.162456 0.850654 -0.499995
vn 0.1024 -0.9435 0.3151
vn 0.7002 -0.6617 0.2680
vn -0.2680 -0.9435 0.1947
vn -0.2680 -0.9435 -0.1947
vn 0.1024 -0.9435 -0.3151
vn 0.9050 -0.3304 0.2680
vn 0.0247 -0.3304 0.9435
vn -0.8897 -0.3304 0.3151
vn -0.5746 -0.3304 -0.7488
vn 0.5346 -0.3304 -0.7779
vn 0.8026 -0.1256 0.5831
vn -0.3066 -0.1256 0.9435
vn -0.9921 -0.1256 -0.0000
vn -0.3066 -0.1256 -0.9435
vn 0.8026 -0.1256 -0.5831
vn 0.4089 0.6617 0.6284
vn -0.4713 0.6617 0.5831
vn -0.7002 0.6617 -0.2680
vn 0.0385 0.6617 -0.7488
vn 0.7240 0.6617 -0.1947
vn 0.2680 0.9435 -0.1947
vn 0.4911 0.7947 -0.3568
vn 0.4089 0.6617 -0.6284
vn -0.1024 0.9435 -0.3151
vn -0.1876 0.7947 -0.5773
vn -0.4713 0.6617 -0.5831
vn -0.3313 0.9435 -0.0000
vn -0.6071 0.7947 -0.0000
vn -0.7002 0.6617 0.2680
vn -0.1024 0.9435 0.3151
vn -0.1876 0.7947 0.5773
vn 0.0385 0.6617 0.7488
vn 0.2680 0.9435 0.1947
vn 0.4911 0.7947 0.3568
vn 0.7240 0.6617 0.1947
vn 0.8897 0.3304 -0.3151
vn 0.7947 0.1876 -0.5773
vn 0.5746 0.3304 -0.7488
vn -0.0247 0.3304 -0.9435
vn -0.3035 0.1876 -0.9342
vn -0.5346 0.3304 -0.7779
vn -0.9050 0.3304 -0.2680
vn -0.9822 0.1876 -0.0000
vn -0.9050 0.3304 0.2680
vn -0.5346 0.3304 0.7779
vn -0.3035 0.1876 0.9342
vn -0.0247 0.3304 0.9435
vn 0.5746 0.3304 0.7488
vn 0.7947 0.1876 0.5773
vn 0.8897 0.3304 0.3151
vn 0.3066 0.1256 -0.9435
vn 0.3035 -0.1876 -0.9342
vn 0.0247 -0.3304 -0.9435
vn -0.8026 0.1256 -0.5831
vn -0.7947 -0.1876 -0.5773
vn -0.8897 -0.3304 -0.3151
vn -0.8026 0.1256 0.5831
vn -0.7947 -0.1876 0.5773
vn -0.5746 -0.3304 0.7488
vn 0.3066 0.1256 0.9435
vn 0.3035 -0.1876 0.9342
vn 0.5346 -0.3304 0.7779
vn 0.9921 0.1256 -0.0000
vn 0.9822 -0.1876 -0.0000
vn 0.9050 -0.3304 -0.2680
vn 0.4713 -0.6617 -0.5831
vn 0.1876 -0.7947 -0.5773
vn -0.0385 -0.6617 -0.7488
vn -0.4089 -0.6617 -0.6284
vn -0.4911 -0.7947 -0.3568
vn -0.7240 -0.6617 -0.1947
vn -0.7240 -0.6617 0.1947
vn -0.4911 -0.7947 0.3568
vn -0.4089 -0.6617 0.6284
vn 0.7002 -0.6617 -0.2680
vn 0.6071 -0.7947 -0.0000
vn 0.3313 -0.9435 -0.0000
vn -0.0385 -0.6617 0.7488
vn 0.1876 -0.7947 0.5773
vn 0.4713 -0.6617 0.5831
vt 0.181819 0.000000
vt 0.227273 0.078731
vt 0.136365 0.078731
vt 0.272728 0.157461
vt 0.318182 0.078731
vt 0.363637 0.157461
vt 0.909091 0.000000
vt 0.954545 0.078731
vt 0.863636 0.078731
vt 0.727273 0.000000
vt 0.772727 0.078731
vt 0.681818 0.078731
vt 0.545455 0.000000
vt 0.590909 0.078731
vt 0.500000 0.078731
vt 0.318182 0.236191
vt 0.090910 0.157461
vt 0.181819 0.157461
vt 0.136365 0.236191
vt 0.818182 0.157461
vt 0.909091 0.157461
vt 0.863636 0.236191
vt 0.636364 0.157461
vt 0.727273 0.157461
vt 0.681818 0.236191
vt 0.454546 0.157461
vt 0.545455 0.157461
vt 0.500000 0.236191
vt 0.227273 0.236191
vt 0.045455 0.236191
vt 0.772727 0.236191
vt 0.590909 0.236191
vt 0.409092 0.236191
vt 0.181819 0.314921
vt 0.272728 0.314921
vt 0.227273 0.393651
vt 0.000000 0.314921
vt 0.090910 0.314921
vt 0.045455 0.393651
vt 0.727273 0.314921
vt 0.818182 0.314921
vt 0.772727 0.393651
vt 0.545455 0.314921
vt 0.636364 0.314921
vt 0.590909 0.393651
vt 0.363637 0.314921
vt 0.454546 0.314921
vt 0.409092 0.393651
vt 0.500000 0.393651
vt 0.454546 0.472382
vt 0.681818 0.393651
vt 0.636364 0.472382
vt 0.863636 0.393651
vt 0.818182 0.472382
vt 0.909091 0.314921
vt 0.136365 0.393651
vt 0.090910 0.472382
vt 0.318182 0.393651
vt 0.272728 0.472382
vt 0.954545 0.236191
vt 1.000000 0.157461
vt 0.409092 0.078731
vt 0.363637 0.000000
s 0
f 1/1/1 14/2/1 13/3/1
f 2/4/2 14/5/2 16/6/2
f 1/7/3 13/8/3 18/9/3
f 1/10/4 18/11/4 20/12/4
f 1/13/5 20/14/5 17/15/5
f 2/4/6 16/6/6 23/16/6
f 3/17/7 15/18/7 25/19/7
f 4/20/8 19/21/8 27/22/8
f 5/23/9 21/24/9 29/25/9
f 6/26/10 22/27/10 31/28/10
f 2/4/11 23/16/11 26/29/11
f 3/17/12 25/19/12 28/30/12
f 4/20/13 27/22/13 30/31/13
f 5/23/14 29/25/14 32/32/14
f 6/26/15 31/28/15 24/33/15
f 7/34/16 33/35/16 38/36/16
f 8/37/17 34/38/17 40/39/17
f 9/40/18 35/41/18 41/42/18
f 10/43/19 36/44/19 42/45/19
f 11/46/20 37/47/20 39/48/20
f 39/48/21 42/49/21 12/50/21
f 39/48/22 37/47/22 42/49/22
f 37/47/23 10/43/23 42/49/23
f 42/45/24 41/51/24 12/52/24
f 42/45/25 36/44/25 41/51/25
f 36/44/26 9/40/26 41/51/26
f 41/42/27 40/53/27 12/54/27
f 41/42/28 35/41/28 40/53/28
f 35/41/29 8/55/29 40/53/29
f 40/39/30 38/56/30 12/57/30
f 40/39/31 34/38/31 38/56/31
f 34/38/32 7/34/32 38/56/32
f 38/36/33 39/58/33 12/59/33
f 38/36/34 33/35/34 39/58/34
f 33/35/35 11/46/35 39/58/35
f 24/33/36 37/47/36 11/46/36
f 24/33/37 31/28/37 37/47/37
f 31/28/38 10/43/38 37/47/38
f 32/32/39 36/44/39 10/43/39
f 32/32/40 29/25/40 36/44/40
f 29/25/41 9/40/41 36/44/41
f 30/31/42 35/41/42 9/40/42
f 30/31/43 27/22/43 35/41/43
f 27/22/44 8/55/44 35/41/44
f 28/30/45 34/38/45 8/37/45
f 28/30/46 25/19/46 34/38/46
f 25/19/47 7/34/47 34/38/47
f 26/29/48 33/35/48 7/34/48
f 26/29/49 23/16/49 33/35/49
f 23/16/50 11/46/50 33/35/50
f 31/28/51 32/32/51 10/43/51
f 31/28/52 22/27/52 32/32/52
f 22/27/53 5/23/53 32/32/53
f 29/25/54 30/31/54 9/40/54
f 29/25/55 21/24/55 30/31/55
f 21/24/56 4/20/56 30/31/56
f 27/22/57 28/60/57 8/55/57
f 27/22/58 19/21/58 28/60/58
f 19/21/59 3/61/59 28/60/59
f 25/19/60 26/29/60 7/34/60
f 25/19/61 15/18/61 26/29/61
f 15/18/62 2/4/62 26/29/62
f 23/16/63 24/33/63 11/46/63
f 23/16/64 16/6/64 24/33/64
f 16/6/65 6/26/65 24/33/65
f 17/15/66 22/27/66 6/26/66
f 17/15/67 20/14/67 22/27/67
f 20/14/68 5/23/68 22/27/68
f 20/12/69 21/24/69 5/23/69
f 20/12/70 18/11/70 21/24/70
f 18/11/71 4/20/71 21/24/71
f 18/9/72 19/21/72 4/20/72
f 18/9/73 13/8/73 19/21/73
f 13/8/74 3/61/74 19/21/74
f 16/6/75 17/62/75 6/26/75
f 16/6/76 14/5/76 17/62/76
f 14/5/77 1/63/77 17/62/77
f 13/3/78 15/18/78 3/17/78
f 13/3/79 14/2/79 15/18/79
f 14/2/80 2/4/80 15/18/80
o Cube
v 2.000000 0.000000 3.000000
v 2.000000 2.000000 3.000000
v 2.000000 0.000000 1.000000
v 2.000000 2.000000 1.000000
v 4.000000 0.000000 3.000000
v 4.000000 2.000000 3.000000
v 4.000000 0.000000 1.000000
v 4.000000 2.000000 1.000000
v 3.000000 3.000000 3.000000
v 3.000000 3.000000 1.000000
v 3.000000 3.000000 1.000000
v 3.000000 3.000000 3.000000
vn -1.0000 -0.0000 -0.0000
vn -0.0000 -0.0000 -1.0000
vn 1.0000 -0.0000 -0.0000
vn -0.0000 -0.0000 1.0000
vn -0.0000 -1.0000 -0.0000
vn 0.7071 0.7071 -0.0000
vn -0.0000 1.0000 -0.0000
vn -0.7071 0.7071 -0.0000
vt 0.625000 0.000000
vt 0.375000 0.250000
vt 0.375000 0.000000
vt 0.625000 0.250000
vt 0.375000 0.500000
vt 0.625000 0.500000
vt 0.375000 0.750000
vt 0.625000 0.750000
vt 0.375000 1.000000
vt 0.125000 0.750000
vt 0.125000 0.500000
vt 0.625000 1.000000
s 0
f 44/64/81 45/65/81 43/66/81
f 46/67/82 49/68/82 45/65/82
f 50/69/83 47/70/83 49/68/83
f 48/71/84 43/72/84 47/70/84
f 49/68/85 43/73/85 45/74/85
f 50/69/86 54/71/86 48/71/86
f 53/69/87 51/69/87 54/69/87
f 44/64/88 52/67/88 46/67/88
f 44/75/87 54/71/87 51/75/87
f 50/69/87 52/67/87 53/69/87
f 44/64/81 46/67/81 45/65/81
f 46/67/82 50/69/82 49/68/82
f 50/69/83 48/71/83 47/70/83
f 48/71/84 44/75/84 43/72/84
f 49/68/85 47/70/85 43/73/85
f 50/69/86 53/69/86 54/71/86
f 53/69/87 52/69/87 51/69/87
f 44/64/88 51/64/88 52/67/88
f 44/75/84 48/71/84 54/71/84
f 50/69/82 46/67/82 52/67/82
o Icosphere.001
v 0.255499 4.379130 2.243752
v 0.948093 4.908211 2.746945
v -0.009043 4.908211 3.057941
v -0.600596 4.908214 2.243752
v -0.009046 4.908207 1.429554
v 0.948097 4.908208 1.740555
v 0.520045 5.764323 3.057957
v -0.437109 5.764323 2.746954
v -0.437113 5.764326 1.740546
v 0.520048 5.764327 1.429539
v 1.111609 5.764321 2.243752
v 0.255499 6.293436 2.243752
v 0.100007 4.522074 2.722314
v 0.662589 4.522073 2.539517
v 0.507100 4.833059 3.018088
v 1.069690 4.833059 2.243752
v 0.662591 4.522070 1.947985
v -0.247696 4.522074 2.243752
v -0.403195 4.833060 2.722318
v 0.100006 4.522069 1.765187
v -0.403198 4.833057 1.765182
v 0.507103 4.833055 1.469409
v 1.165805 5.336263 2.539524
v 1.165808 5.336263 1.947979
v 0.255499 5.336263 3.200899
v 0.818097 5.336263 3.018101
v -0.654807 5.336263 2.539524
v -0.307099 5.336263 3.018101
v -0.307104 5.336263 1.469396
v -0.654811 5.336263 1.947979
v 0.818102 5.336263 1.469396
v 0.255499 5.336263 1.286594
v 0.914207 5.839478 2.722329
v 0.003891 5.839478 3.018105
v -0.558710 5.839478 2.243752
v 0.003889 5.839482 1.469392
v 0.914210 5.839480 1.765172
v 0.410996 6.150482 2.722331
v 0.758711 6.150481 2.243752
v -0.151607 6.150482 2.539528
v -0.151608 6.150485 1.947975
v 0.410997 6.150486 1.765170
v 0.174677 4.415560 2.492500
v 0.827096 4.690565 2.659037
v 0.248773 4.852211 3.069441
v 1.038700 4.852211 2.505303
v 0.827099 4.690562 1.828465
v -0.006053 4.415560 2.243752
v -0.531862 4.852213 2.492503
v 0.174677 4.415557 1.995003
v -0.224388 4.852208 1.571793
v 0.746279 4.852207 1.579708
v 1.088660 5.113767 2.659042
v 1.173656 5.558759 2.090013
v 0.117993 5.113767 3.164464
v 0.685436 5.558760 3.069458
v -0.662647 5.113769 2.397489
v -0.396937 5.558760 2.907804
v -0.174439 5.113765 1.418047
v -0.577675 5.558762 1.828456
v 0.907933 5.113765 1.579701
v 0.393007 5.558762 1.323021
v 0.735392 5.820324 2.915720
v -0.235289 5.820324 2.907805
v -0.527722 5.820325 1.982194
v 0.262225 5.820329 1.418037
v 1.042879 5.820324 1.994994
v 0.473831 5.981978 2.915722
v 0.517061 6.257004 2.243752
v -0.316115 5.981978 2.659049
v -0.316118 5.981982 1.828453
v 0.473833 5.981983 1.571777
v 0.037172 4.690566 2.915702
v 0.467097 4.415559 2.397485
v 0.746275 4.852211 2.907790
v 1.038702 4.852210 1.982200
v 0.467098 4.415558 2.090018
v -0.451036 4.690567 2.243752
v -0.224384 4.852211 2.915705
v 0.037171 4.690561 1.571797
v -0.531865 4.852211 1.995000
v 0.248773 4.852207 1.418055
v 1.173654 5.558759 2.397490
v 1.088664 5.113765 1.828460
v 0.393005 5.558760 3.164473
v 0.907928 5.113767 2.907798
v -0.577671 5.558760 2.659046
v -0.174435 5.113767 3.069449
v -0.396942 5.558762 1.579695
v -0.662649 5.113768 2.090015
v 0.685441 5.558763 1.418038
v 0.117992 5.113765 1.323030
v 1.042877 5.820323 2.492509
v 0.262225 5.820324 3.069459
v -0.527720 5.820324 2.505309
v -0.235293 5.820328 1.579694
v 0.735395 5.820328 1.571778
v 0.336324 6.257003 2.492511
v 0.962055 5.981977 2.243752
v 0.043891 6.257004 2.397492
v 0.043891 6.257005 2.090012
v 0.336324 6.257006 1.994993
v 0.601804 6.192386 1.992147
v 0.866359 6.028879 1.992147
v 0.683556 6.028882 1.740541
v 0.123220 6.192387 1.836647
v 0.204969 6.028883 1.585040
v -0.090809 6.028883 1.681147
v -0.172558 6.192384 2.243752
v -0.386587 6.028880 2.088253
v -0.386585 6.028878 2.399250
v 0.123220 6.192383 2.650855
v -0.090807 6.028878 2.806354
v 0.204969 6.028877 2.902458
v 0.601803 6.192383 2.495357
v 0.683553 6.028878 2.746960
v 0.866357 6.028877 2.495357
v 1.080384 5.600818 1.836650
v 1.029856 5.336262 1.681152
v 0.897583 5.600818 1.585042
v 0.123220 5.600820 1.333436
v -0.040280 5.336262 1.333441
v -0.172560 5.600819 1.429543
v -0.651135 5.600817 2.088254
v -0.701654 5.336262 2.243752
v -0.651134 5.600816 2.399250
v -0.172556 5.600816 3.057953
v -0.040277 5.336262 3.154053
v 0.123221 5.600816 3.154058
v 0.897578 5.600816 2.902457
v 1.029850 5.336262 2.806349
v 1.080380 5.600817 2.650852
v 0.551277 5.336262 1.333441
v 0.683552 5.071708 1.429552
v 0.387776 5.071708 1.333447
v -0.518858 5.336262 1.681152
v -0.386577 5.071710 1.585051
v -0.569376 5.071710 1.836656
v -0.518853 5.336262 2.806348
v -0.569372 5.071711 2.650846
v -0.386572 5.071712 2.902448
v 0.551274 5.336262 3.154054
v 0.387774 5.071711 3.154047
v 0.683548 5.071711 3.057944
v 1.212652 5.336262 2.243752
v 1.162120 5.071711 2.399248
v 1.162122 5.071710 2.088256
v 0.601795 4.643664 1.681165
v 0.387772 4.480171 1.836663
v 0.306026 4.643663 1.585061
v -0.172545 4.643664 1.740557
v -0.090793 4.480172 1.992157
v -0.355342 4.643668 1.992155
v -0.355340 4.643670 2.495348
v -0.090792 4.480175 2.495347
v -0.172542 4.643669 2.746943
v 0.897563 4.643666 2.088258
v 0.897562 4.643668 2.399246
v 0.683538 4.480174 2.243752
v 0.306026 4.643669 2.902437
v 0.387771 4.480175 2.650839
v 0.601793 4.643668 2.806336
v 0.215489 4.387928 2.366890
v 0.894879 4.796338 2.708283
v 0.116031 4.876359 3.071491
v 0.999629 4.876359 2.632180
v 0.894882 4.796335 1.779218
v 0.126022 4.387928 2.243752
v -0.574831 4.876361 2.366892
v 0.215489 4.387927 2.120614
v -0.118200 4.876355 1.492110
v 0.854874 4.876355 1.656075
v 1.024361 5.005836 2.708286
v 1.150586 5.666692 2.167646
v 0.051291 5.005837 3.118530
v 0.604472 5.666693 3.071507
v -0.639574 5.005839 2.319856
v -0.423906 5.666694 2.831436
v -0.093473 5.005834 1.416001
v -0.513379 5.666696 1.779209
v 0.934898 5.005834 1.656072
v 0.459711 5.666697 1.368952
v 0.629201 5.796175 2.995403
v -0.343885 5.796176 2.831436
v -0.488651 5.796178 1.855314
v 0.394970 5.796180 1.415988
v 1.085847 5.796175 2.120609
v 0.499721 5.876199 2.995403
v 0.384980 6.284637 2.243752
v -0.383897 5.876200 2.708294
v -0.383900 5.876203 1.779207
v 0.499723 5.876204 1.492094
v 0.067402 4.597626 2.822665
v 0.569743 4.461489 2.472061
v 0.627927 4.837685 2.970959
v 1.062206 4.837683 2.114275
v 0.569743 4.461487 2.015442
v -0.353211 4.597627 2.243752
v -0.321034 4.837685 2.822669
v 0.067400 4.597621 1.664835
v -0.473248 4.837684 1.874331
v 0.381649 4.837680 1.436515
v 1.178475 5.446405 2.472067
v 1.136404 5.226120 1.885959
v 0.323568 5.446405 3.192104
v 0.867995 5.226120 2.970970
v -0.625407 5.446406 2.601545
v -0.246855 5.226120 3.050992
v -0.357006 5.446406 1.516524
v -0.667475 5.226120 2.015437
v 0.757860 5.446407 1.436499
v 0.187428 5.226119 1.295394
v 0.984259 5.834851 2.613179
v 0.129346 5.834852 3.050999
v -0.551226 5.834852 2.373231
v -0.116942 5.834856 1.516522
v 0.832048 5.834855 1.664817
v 0.375531 6.211070 2.613181
v 0.864229 6.074924 2.243752
v -0.058758 6.211071 2.472070
v -0.058759 6.211073 2.015433
v 0.375532 6.211074 1.874321
v 0.507103 6.181308 1.871228
v 0.898800 5.939222 1.871229
v 0.808582 5.939224 1.747054
v -0.021044 6.181308 1.889347
v 0.099993 5.939226 1.516821
v -0.045982 5.939225 1.564253
v -0.167018 6.181304 2.397238
v -0.483905 5.939221 2.167009
v -0.483904 5.939221 2.320495
v 0.270907 6.181304 2.693017
v -0.045979 5.939220 2.923246
v 0.099995 5.939220 2.970676
v 0.687541 6.181304 2.367926
v 0.808578 5.939220 2.740447
v 0.898797 5.939220 2.616274
v 1.004428 5.727962 1.794487
v 0.929617 5.336262 1.564257
v 0.864336 5.466828 1.516824
v 0.059648 5.727963 1.392647
v -0.182427 5.336262 1.392652
v -0.247712 5.466828 1.440081
v -0.614468 5.727960 2.167009
v -0.689267 5.336262 2.397236
v -0.664334 5.466827 2.473979
v -0.086325 5.727960 3.047418
v 0.109525 5.336262 3.189703
v 0.190216 5.466827 3.189705
v 0.914206 5.727959 2.817190
v 1.110047 5.336262 2.674894
v 1.134986 5.466827 2.598152
v 0.401474 5.336262 1.297791
v 0.597320 4.944568 1.440093
v 0.451346 4.944568 1.392662
v -0.599054 5.336262 1.812608
v -0.403201 4.944570 1.670321
v -0.493417 4.944571 1.794495
v -0.418614 5.336262 2.923241
v -0.493413 4.944572 2.693007
v -0.403196 4.944573 2.817179
v 0.693420 5.336262 3.094844
v 0.451344 4.944572 3.094833
v 0.597316 4.944572 3.047404
v 1.200266 5.336262 2.090267
v 1.125449 4.944571 2.320493
v 1.125450 4.944571 2.167010
v 0.556971 4.733316 1.564271
v 0.240090 4.491249 1.794502
v 0.199746 4.571937 1.670329
v -0.297569 4.733317 1.747068
v -0.176528 4.491252 2.119582
v -0.307091 4.571942 2.119582
v -0.387782 4.733322 2.616263
v 0.003905 4.491253 2.616260
v -0.036441 4.571942 2.740431
v 0.783628 4.571939 2.013530
v 0.783626 4.571941 2.473973
v 0.677999 4.491252 2.397233
v 0.410998 4.733321 2.970656
v 0.532029 4.491253 2.598142
v 0.637656 4.571941 2.674884
v 0.135471 4.461490 2.613166
v 0.747953 4.597625 2.601537
v 0.381648 4.837685 3.050981
v 1.062205 4.837684 2.373228
v 0.747955 4.597622 1.885965
v -0.132931 4.461489 2.243752
v -0.473245 4.837686 2.613171
v 0.135470 4.461486 1.874336
v -0.321038 4.837681 1.664831
v 0.627930 4.837680 1.516539
v 1.136400 5.226120 2.601543
v 1.178477 5.446405 2.015436
v 0.187429 5.226120 3.192099
v 0.757855 5.446405 3.050997
v -0.667472 5.226121 2.472066
v -0.357001 5.446405 2.970973
v -0.246860 5.226119 1.436504
v -0.625411 5.446406 1.885957
v 0.868001 5.226119 1.516528
v 0.323569 5.446407 1.295390
v 0.832044 5.834852 2.822682
v -0.116938 5.834852 2.970975
v -0.551227 5.834853 2.114273
v 0.129345 5.834857 1.436497
v 0.984262 5.834853 1.874323
v 0.443602 6.074924 2.822684
v 0.643943 6.211071 2.243752
v -0.236973 6.074924 2.601549
v -0.236975 6.074928 1.885954
v 0.443603 6.074929 1.664816
v 0.011282 4.796339 2.995385
v 0.360246 4.387928 2.319855
v 0.854870 4.876359 2.831424
v 0.999633 4.876357 1.855322
v 0.360247 4.387928 2.167649
v -0.534820 4.796341 2.243752
v -0.118196 4.876359 2.995387
v 0.011280 4.796334 1.492112
v -0.574832 4.876360 2.120612
v 0.116030 4.876355 1.416005
v 1.150585 5.666691 2.319857
v 1.024366 5.005835 1.779215
v 0.459709 5.666693 3.118543
v 0.934893 5.005836 2.831428
v -0.513375 5.666694 2.708293
v -0.093470 5.005836 3.071495
v -0.423911 5.666696 1.656063
v -0.639575 5.005838 2.167648
v 0.604476 5.666697 1.415988
v 0.051289 5.005834 1.368965
v 1.085846 5.796174 2.366894
v 0.394969 5.796175 3.071508
v -0.488647 5.796175 2.632188
v -0.343889 5.796179 1.656064
v 0.629205 5.796180 1.492095
v 0.295510 6.284637 2.366895
v 1.045837 5.876198 2.243752
v 0.150746 6.284637 2.319858
v 0.150746 6.284638 2.167646
v 0.295510 6.284638 2.120608
v 0.687542 6.181305 2.119577
v 0.818107 6.100610 2.119577
v 0.547450 6.100614 1.747053
v 0.270907 6.181308 1.794484
v 0.311253 6.100615 1.670309
v -0.126674 6.100614 1.812603
v -0.167019 6.181306 2.090265
v -0.272649 6.100612 2.013522
v -0.272647 6.100610 2.473981
v -0.021043 6.181304 2.598155
v -0.126672 6.100609 2.674899
v 0.311253 6.100609 2.817191
v 0.507102 6.181304 2.616275
v 0.547448 6.100610 2.740448
v 0.818107 6.100609 2.367927
v 1.134989 5.466828 1.889351
v 1.110052 5.336262 1.812607
v 0.914210 5.727962 1.670310
v 0.190215 5.466829 1.297788
v 0.109523 5.336262 1.297791
v -0.086328 5.727963 1.440078
v -0.664337 5.466827 2.013524
v -0.689269 5.336262 2.090268
v -0.614467 5.727960 2.320495
v -0.247707 5.466827 3.047415
v -0.182423 5.336262 3.094844
v 0.059650 5.727960 3.094848
v 0.864331 5.466827 2.970674
v 0.929612 5.336262 2.923242
v 1.004424 5.727960 2.693015
v 0.693424 5.336262 1.392652
v 0.758706 5.205697 1.440085
v 0.320781 5.205697 1.297794
v -0.418620 5.336262 1.564257
v -0.353336 5.205698 1.516829
v -0.623986 5.205698 1.889353
v -0.599050 5.336262 2.674894
v -0.623983 5.205698 2.598150
v -0.353330 5.205698 2.970669
v 0.401472 5.336262 3.189703
v 0.320781 5.205698 3.189700
v 0.758701 5.205698 3.047411
v 1.200265 5.336262 2.397236
v 1.175326 5.205698 2.473978
v 1.175329 5.205698 2.013525
v 0.637658 4.571938 1.812618
v 0.532031 4.491249 1.889360
v 0.410999 4.733315 1.516841
v -0.036443 4.571938 1.747070
v 0.003904 4.491250 1.871242
v -0.387785 4.733319 1.871239
v -0.307090 4.571943 2.367922
v -0.176527 4.491253 2.367922
v -0.297566 4.733321 2.740433
v 0.994882 4.733319 2.167011
v 0.994882 4.733320 2.320493
v 0.678000 4.491251 2.090271
v 0.199746 4.571942 2.817171
v 0.240090 4.491253 2.693000
v 0.556968 4.733321 2.923227
v 0.678779 4.742453 2.863699
v 0.719839 4.660329 2.737321
v 0.793673 4.763957 2.790513
v 0.456581 4.634344 2.862607
v 0.348129 4.551497 2.783812
v 0.498004 4.551497 2.735115
v 0.141492 4.763958 3.002421
v 0.169959 4.660330 2.915990
v 0.277461 4.742453 2.994096
v 0.578004 4.438490 2.165648
v 0.578004 4.438491 2.321856
v 0.469881 4.403448 2.243752
v 0.797754 4.551495 2.164959
v 0.906207 4.634343 2.243752
v 0.797753 4.551495 2.322545
v 0.941811 4.763955 1.900881
v 0.975910 4.742451 2.032767
v 0.868406 4.660326 1.954663
v -0.203308 4.742453 2.837888
v -0.070425 4.660330 2.837886
v -0.098198 4.763958 2.924543
v -0.270934 4.634345 2.626227
v -0.229509 4.551497 2.498735
v -0.136880 4.551497 2.626226
v -0.501275 4.763959 2.369764
v -0.410277 4.660331 2.370129
v -0.451340 4.742454 2.496506
v -0.451342 4.742453 1.990998
v -0.410278 4.660330 2.117375
v -0.501276 4.763958 2.117740
v -0.270937 4.634341 1.861275
v -0.136881 4.551493 1.861277
v -0.229511 4.551495 1.988769
v -0.098201 4.763953 1.562956
v -0.070428 4.660325 1.649614
v -0.203311 4.742449 1.649612
v 0.277462 4.742448 1.493401
v 0.169958 4.660324 1.571508
v 0.141491 4.763953 1.485076
v 0.456582 4.634338 1.624892
v 0.498005 4.551492 1.752387
v 0.348130 4.551491 1.703688
v 0.793677 4.763953 1.696988
v 0.719842 4.660325 1.750180
v 0.678782 4.742448 1.623801
v 1.134181 5.090339 1.954659
v 1.108798 4.957457 2.032766
v 1.074315 4.978339 1.900878
v 1.199934 5.202205 2.164957
v 1.199933 5.202205 2.322547
v 1.174327 5.068149 2.243752
v 1.185733 5.561686 2.243752
v 1.202741 5.449300 2.321858
v 1.202742 5.449300 2.165646
v 0.801971 5.090340 2.990085
v 0.719844 4.957458 2.990082
v 0.834621 4.978341 2.916529
v 0.622284 5.202205 3.117608
v 0.472405 5.202205 3.166306
v 0.539433 5.068149 3.117604
v 0.542953 5.561687 3.128453
v 0.473926 5.449301 3.168765
v 0.622494 5.449301 3.120492
v -0.285439 5.090341 2.994107
v -0.310815 4.957458 2.915998
v -0.205394 4.978341 3.002428
v -0.462248 5.202205 2.862620
v -0.554879 5.202205 2.735125
v -0.487848 5.068149 2.783822
v -0.497076 5.561687 2.790524
v -0.556746 5.449301 2.737332
v -0.464925 5.449301 2.863713
v -0.625296 5.090340 1.961163
v -0.558852 4.957457 1.912891
v -0.608474 4.978342 2.039860
v -0.554883 5.202204 1.752376
v -0.462253 5.202204 1.624879
v -0.487852 5.068147 1.703678
v -0.497081 5.561688 1.696976
v -0.464930 5.449302 1.623787
v -0.556751 5.449302 1.750169
v 0.252081 5.090338 1.318738
v 0.318524 4.957454 1.367015
v 0.182434 4.978338 1.359056
v 0.472408 5.202203 1.321188
v 0.622288 5.202204 1.369887
v 0.539436 5.068146 1.369891
v 0.542956 5.561689 1.359042
v 0.622498 5.449302 1.367002
v 0.473928 5.449302 1.318729
v 1.069860 5.715072 2.574618
v 1.136301 5.582186 2.526344
v 1.119484 5.694188 2.447647
v 0.998854 5.604378 2.783829
v 0.973250 5.470319 2.862624
v 1.065881 5.470320 2.735129
v 0.716398 5.694189 3.002441
v 0.796442 5.582186 2.994115
v 0.821822 5.715073 2.916010
v 0.192473 5.715073 3.120495
v 0.258916 5.582186 3.168766
v 0.328564 5.694189 3.128454
v -0.028439 5.604378 3.117615
v -0.111289 5.470319 3.117613
v 0.038590 5.470319 3.166312
v -0.323633 5.694189 2.916540
v -0.290980 5.582186 2.990094
v -0.208855 5.715073 2.990094
v -0.597813 5.715073 2.454741
v -0.623190 5.582187 2.532847
v -0.563327 5.694189 2.586630
v -0.663341 5.604378 2.243752
v -0.688942 5.470320 2.164957
v -0.688941 5.470319 2.322547
v -0.563331 5.694191 1.900873
v -0.623193 5.582187 1.954656
v -0.597815 5.715074 2.032762
v -0.208860 5.715076 1.497403
v -0.290985 5.582189 1.497404
v -0.323638 5.694192 1.570958
v -0.028442 5.604381 1.369880
v 0.038588 5.470321 1.321182
v -0.111293 5.470321 1.369882
v 0.328564 5.694192 1.359041
v 0.258916 5.582189 1.318727
v 0.192472 5.715077 1.367000
v 0.821827 5.715076 1.571489
v 0.796447 5.582189 1.493382
v 0.716403 5.694192 1.485057
v 0.998859 5.604380 1.703671
v 1.065886 5.470320 1.752373
v 0.973255 5.470320 1.624875
v 1.119486 5.694189 2.039856
v 1.136304 5.582187 1.961159
v 1.069864 5.715074 1.912885
v 0.921295 6.012215 2.370133
v 0.962357 5.930087 2.496513
v 1.012292 5.908581 2.369767
v 0.740524 6.121056 2.498744
v 0.647891 6.121056 2.626240
v 0.781949 6.038202 2.626240
v 0.428944 6.269116 2.369768
v 0.470510 6.234070 2.496514
v 0.562333 6.234070 2.370133
v 0.341041 6.012215 2.916011
v 0.233535 5.930087 2.994117
v 0.369508 5.908582 3.002442
v 0.162864 6.121056 2.783832
v 0.012985 6.121056 2.735132
v 0.054410 6.038202 2.862628
v 0.189247 6.269115 2.447649
v 0.081549 6.234069 2.526347
v 0.230118 6.234069 2.574620
v -0.357426 6.012216 2.532849
v -0.464931 5.930088 2.454742
v -0.430829 5.908582 2.586631
v -0.286776 6.121057 2.322548
v -0.286777 6.121058 2.164956
v -0.395231 6.038204 2.243752
v 0.041107 6.269116 2.243752
v -0.067021 6.234071 2.165645
v -0.067020 6.234070 2.321859
v -0.208859 6.012220 1.750165
v -0.167796 5.930092 1.623784
v -0.282694 5.908586 1.696974
v 0.012983 6.121060 1.752369
v 0.162864 6.121061 1.703669
v 0.054408 6.038208 1.624872
v 0.189247 6.269118 2.039855
v 0.230118 6.234073 1.912883
v 0.081548 6.234073 1.961157
v 0.581435 6.012220 1.649595
v 0.714321 5.930092 1.649596
v 0.609207 5.908587 1.562937
v 0.647893 6.121060 1.861262
v 0.740526 6.121058 1.988759
v 0.781952 6.038206 1.861263
v 0.428945 6.269117 2.117736
v 0.562333 6.234071 2.117371
v 0.470511 6.234073 1.990990
v 0.921296 6.012216 2.117371
v 1.012293 5.908581 2.117737
v 0.962359 5.930088 1.990991
v 0.341042 6.012221 1.571487
v 0.369509 5.908587 1.485056
v 0.233535 5.930093 1.493380
v -0.357428 6.012218 1.954654
v -0.430832 5.908584 1.900872
v -0.464933 5.930089 2.032762
v -0.208857 6.012216 2.737336
v -0.282690 5.908582 2.790527
v -0.167793 5.930088 2.863716
v 0.581433 6.012216 2.837905
v 0.609204 5.908582 2.924561
v 0.714318 5.930088 2.837904
v 1.067744 5.223223 1.750171
v 1.008070 5.110838 1.696981
v 0.975924 5.223223 1.623790
v 0.037070 5.223223 1.318734
v -0.031956 5.110837 1.359051
v -0.111499 5.223223 1.367007
v -0.691739 5.223225 2.165647
v -0.674725 5.110841 2.243752
v -0.691738 5.223225 2.321857
v -0.111495 5.223224 3.120487
v -0.031953 5.110840 3.128443
v 0.037072 5.223224 3.168760
v 0.975919 5.223224 2.863710
v 1.008065 5.110839 2.790519
v 1.067739 5.223224 2.737330
v 0.801976 5.090338 1.497412
v 0.834625 4.978338 1.570969
v 0.719849 4.957454 1.497416
v -0.285444 5.090338 1.493391
v -0.205398 4.978338 1.485069
v -0.310820 4.957455 1.571501
v -0.625293 5.090341 2.526340
v -0.608472 4.978343 2.447644
v -0.558849 4.957458 2.574612
v 0.252081 5.090341 3.168756
v 0.182435 4.978342 3.128439
v 0.318523 4.957458 3.120480
v 1.134178 5.090340 2.532844
v 1.074311 4.978341 2.586624
v 1.108796 4.957458 2.454738
v 0.429441 4.438488 1.961168
v 0.321747 4.403447 2.039864
v 0.280878 4.438488 1.912896
v 0.040495 4.438489 1.991000
v 0.082060 4.403447 2.117742
v -0.051323 4.438490 2.117376
v -0.051323 4.438492 2.370128
v 0.082060 4.403449 2.369762
v 0.040496 4.438492 2.496503
v 0.975908 4.742452 2.454736
v 0.941808 4.763957 2.586622
v 0.868404 4.660329 2.532840
v 0.280878 4.438492 2.574606
v 0.321747 4.403449 2.447640
v 0.429441 4.438492 2.526335
v 0.235737 4.381269 2.304574
v 0.923406 4.851966 2.729009
v 0.052125 4.891492 3.066511
v 0.975145 4.891491 2.691419
v 0.923409 4.851964 1.758492
v 0.191546 4.381269 2.243752
v -0.589843 4.891494 2.304575
v 0.235737 4.381269 2.182930
v -0.063570 4.891488 1.458576
v 0.903648 4.891488 1.697668
v 0.987361 4.955444 2.729010
v 1.132835 5.717086 2.206161
v 0.020148 4.955445 3.089745
v 0.562356 5.717087 3.066527
v -0.621822 4.955447 2.281342
v -0.432184 5.717088 2.789843
v -0.051357 4.955441 1.420983
v -0.476380 5.717090 1.758483
v 0.943174 4.955442 1.697666
v 0.490856 5.717091 1.397736
v 0.574571 5.781043 3.028937
v -0.392659 5.781043 2.789843
v -0.464166 5.781045 1.796074
v 0.458878 5.781047 1.420969
v 1.100858 5.781041 2.182928
v 0.510616 5.820569 3.028937
v 0.319454 6.291297 2.243752
v -0.412422 5.820570 2.729019
v -0.412426 5.820572 1.758482
v 0.510619 5.820573 1.458560
v 0.083544 4.557514 2.772984
v 0.617668 4.490272 2.506880
v 0.567361 4.834184 2.996594
v 1.067871 4.834183 2.179799
v 0.617669 4.490269 1.980623
v -0.300973 4.557515 2.243752
v -0.364131 4.834185 2.772988
v 0.083543 4.557509 1.714517
v -0.439317 4.834182 1.817991
v 0.445717 4.834179 1.451376
v 1.174162 5.390666 2.506887
v 1.153383 5.281859 1.916663
v 0.289120 5.390666 3.198761
v 0.844040 5.281860 2.996607
v -0.642384 5.390666 2.570840
v -0.278640 5.281860 3.036132
v -0.333050 5.390666 1.490889
v -0.663164 5.281860 1.980617
v 0.789644 5.390666 1.451362
v 0.221876 5.281859 1.288734
v 0.950326 5.838352 2.669520
v 0.065278 5.838353 3.036138
v -0.556890 5.838353 2.307706
v -0.056373 5.838357 1.490886
v 0.875146 5.838356 1.714500
v 0.393837 6.182285 2.669522
v 0.811990 6.115038 2.243752
v -0.106684 6.182286 2.506890
v -0.106685 6.182288 1.980613
v 0.393838 6.182290 1.817980
v 0.458752 6.168046 1.815961
v 0.908560 5.890046 1.815963
v 0.864159 5.890047 1.754850
v -0.088546 6.168046 1.918252
v 0.050448 5.890049 1.490461
v -0.021394 5.890049 1.513804
v -0.160387 6.168042 2.470368
v -0.524285 5.890045 2.205983
v -0.524285 5.890044 2.281521
v 0.342507 6.168042 2.709309
v -0.021391 5.890044 2.973693
v 0.050450 5.890044 2.997036
v 0.725163 6.168042 2.304865
v 0.864156 5.890044 2.732651
v 0.908557 5.890043 2.671539
v 0.960546 5.786074 1.778194
v 0.874637 5.336263 1.513808
v 0.842508 5.400521 1.490464
v 0.030592 5.786076 1.429348
v -0.247396 5.336263 1.429352
v -0.279526 5.400521 1.452695
v -0.588542 5.786072 2.205983
v -0.674440 5.336263 2.470365
v -0.662169 5.400520 2.508134
v -0.041248 5.786071 3.034805
v 0.183657 5.336263 3.198199
v 0.223370 5.400520 3.198201
v 0.916140 5.786071 2.770421
v 1.141037 5.336263 2.607015
v 1.153310 5.400520 2.569246
v 0.327341 5.336263 1.289294
v 0.552242 4.886459 1.452707
v 0.480401 4.886459 1.429364
v -0.630043 5.336263 1.880487
v -0.405134 4.886461 1.717091
v -0.449534 4.886461 1.778203
v -0.363634 5.336263 2.973689
v -0.449530 4.886464 2.709298
v -0.405130 4.886464 2.770410
v 0.758389 5.336263 3.058144
v 0.480398 4.886463 3.058132
v 0.552239 4.886463 3.034789
v 1.185440 5.336263 2.017138
v 1.099523 4.886463 2.281520
v 1.099523 4.886462 2.205983
v 0.532384 4.782490 1.513822
v 0.168492 4.504510 1.778209
v 0.148637 4.544221 1.717097
v -0.353147 4.782493 1.754862
v -0.214148 4.504514 2.182641
v -0.278405 4.544226 2.182641
v -0.397543 4.782496 2.671528
v 0.052254 4.504515 2.671524
v 0.032397 4.544226 2.732635
v 0.723355 4.544222 1.979375
v 0.723353 4.544225 2.508128
v 0.671369 4.504514 2.470360
v 0.460542 4.782495 2.997018
v 0.599529 4.504514 2.569238
v 0.651514 4.544225 2.607007
v 0.154725 4.436401 2.553906
v 0.788653 4.642136 2.631107
v 0.315692 4.843687 3.062201
v 1.052494 4.843686 2.439423
v 0.788656 4.642133 1.856395
v -0.070620 4.436401 2.243752
v -0.504297 4.843688 2.553910
v 0.154725 4.436398 1.933597
v -0.274272 4.843683 1.616985
v 0.687885 4.843682 1.546231
v 1.114787 5.169809 2.631113
v 1.178374 5.502716 2.052062
v 0.152629 5.169810 3.180681
v 0.722989 5.502716 3.062217
v -0.667367 5.169811 2.435440
v -0.378446 5.502716 2.941282
v -0.211993 5.169808 1.425285
v -0.603799 5.502717 1.856387
v 0.889444 5.169808 1.546221
v 0.358370 5.502718 1.306805
v 0.785277 5.828849 2.870528
v -0.176894 5.828849 2.941283
v -0.541516 5.828850 2.048076
v 0.195303 5.828854 1.425277
v 1.015314 5.828850 1.933586
v 0.459148 6.030410 2.870530
v 0.581630 6.236161 2.243752
v -0.277673 6.030410 2.631119
v -0.277675 6.030413 1.856383
v 0.459149 6.030415 1.616970
v 0.023586 4.742239 2.957518
v 0.413799 4.399344 2.358763
v 0.802204 4.863168 2.870977
v 1.020974 4.863167 1.917633
v 0.413799 4.399343 2.128741
v -0.495004 4.742240 2.243752
v -0.172088 4.863169 2.957520
v 0.023584 4.742234 1.529980
v -0.555473 4.863169 2.057657
v 0.181887 4.863164 1.414963
v 1.164323 5.613685 2.358766
v 1.058351 5.058840 1.802617
v 0.426950 5.613686 3.143632
v 0.923139 5.058842 2.870982
v -0.547360 5.613687 2.684890
v -0.134721 5.058842 3.072539
v -0.412155 5.613688 1.616509
v -0.653315 5.058844 2.128739
v 0.645727 5.613689 1.414946
v 0.084047 5.058839 1.343874
v 1.066486 5.809365 2.429851
v 0.329111 5.809366 3.072550
v -0.509990 5.809366 2.569877
v -0.291222 5.809370 1.616509
v 0.683099 5.809370 1.529962
v 0.315965 6.273220 2.429852
v 1.006022 5.930301 2.243752
v 0.097192 6.273220 2.358767
v 0.097191 6.273221 2.128736
v 0.315965 6.273222 2.057651
v 0.646218 6.189575 2.055668
v 0.843983 6.067347 2.055667
v 0.616229 6.067351 1.742193
v 0.197356 6.189577 1.814036
v 0.258467 6.067351 1.625950
v -0.110043 6.067350 1.745689
v -0.171153 6.189574 2.166258
v -0.331148 6.067348 2.050017
v -0.331146 6.067347 2.437487
v 0.049953 6.189572 2.625571
v -0.110041 6.067346 2.741812
v 0.258467 6.067346 2.861549
v 0.555115 6.189573 2.557225
v 0.616226 6.067347 2.745308
v 0.843982 6.067345 2.431836
v 1.110636 5.534027 1.861935
v 1.072863 5.336262 1.745694
v 0.908065 5.665872 1.625952
v 0.156615 5.534029 1.312478
v 0.034393 5.336262 1.312482
v -0.130414 5.665873 1.432215
v -0.660748 5.534027 2.050018
v -0.698512 5.336262 2.166259
v -0.635568 5.665870 2.359993
v -0.211891 5.534026 3.055280
v -0.113007 5.336262 3.127118
v 0.090695 5.665870 3.127123
v 0.882879 5.534026 2.939040
v 0.981758 5.336262 2.867196
v 1.044712 5.665870 2.673463
v 0.624008 5.336262 1.360376
v 0.722888 5.138498 1.432223
v 0.354381 5.138498 1.312487
v -0.470766 5.336262 1.620304
v -0.371881 5.138499 1.548465
v -0.599630 5.138499 1.861939
v -0.561861 5.336262 2.741807
v -0.599626 5.138500 2.625564
v -0.371876 5.138500 2.939034
v 0.476602 5.336262 3.175012
v 0.354380 5.138500 3.175007
v 0.722884 5.138500 3.055273
v 1.209509 5.336262 2.321245
v 1.171735 5.138500 2.437484
v 1.171737 5.138499 2.050020
v 0.621028 4.605198 1.745705
v 0.461037 4.482981 1.861946
v 0.359191 4.686677 1.548476
v -0.105219 4.605198 1.742210
v -0.044107 4.482982 1.930290
v -0.373708 4.686680 1.930288
v -0.332965 4.605204 2.431830
v -0.135205 4.482985 2.431828
v -0.237057 4.686682 2.745292
v 0.948786 4.686680 2.127515
v 0.948785 4.686681 2.359989
v 0.682133 4.482984 2.166261
v 0.252530 4.605203 2.861528
v 0.313638 4.482985 2.673449
v 0.580287 4.686682 2.867182
v 0.713958 4.796402 2.887552
v 0.775212 4.673889 2.699020
v 0.812304 4.725034 2.725913
v 0.530587 4.636710 2.836255
v 0.368459 4.512858 2.718460
v 0.443143 4.512858 2.694193
v 0.195287 4.806651 3.038735
v 0.238103 4.650202 2.910928
v 0.291871 4.691276 2.949993
v 0.522785 4.424623 2.127236
v 0.522785 4.424624 2.360268
v 0.469174 4.406521 2.321373
v 0.741882 4.512856 2.204488
v 0.904013 4.636709 2.322280
v 0.849969 4.595425 2.361544
v 0.886130 4.725031 1.863199
v 0.938417 4.691273 2.060101
v 0.884649 4.650199 2.021037
v -0.215122 4.796402 2.878716
v -0.016887 4.673890 2.878713
v -0.031002 4.725035 2.922299
v -0.223001 4.636711 2.688468
v -0.161073 4.512858 2.497875
v -0.114914 4.512858 2.561405
v -0.519187 4.806653 2.432147
v -0.384405 4.650203 2.433374
v -0.404942 4.691277 2.496581
v -0.493823 4.796402 1.992378
v -0.432563 4.673891 2.180909
v -0.478378 4.725036 2.180954
v -0.315321 4.636708 1.926096
v -0.114915 4.512855 1.926098
v -0.161074 4.512856 1.989629
v -0.163067 4.806647 1.565197
v -0.122584 4.650197 1.693764
v -0.189045 4.691271 1.693763
v 0.263022 4.796397 1.453425
v 0.102647 4.673885 1.569947
v 0.088447 4.725029 1.526387
v 0.381219 4.636705 1.602711
v 0.443144 4.512854 1.793308
v 0.368459 4.512854 1.769041
v 0.771501 4.806647 1.635989
v 0.661737 4.650197 1.714221
v 0.641200 4.691270 1.651012
v 1.113415 5.101551 1.890160
v 1.075548 4.903316 2.006680
v 1.059004 4.913488 1.940820
v 1.183990 5.135854 2.125958
v 1.183989 5.135855 2.361546
v 1.171229 5.069053 2.322281
v 1.182669 5.560943 2.166128
v 1.210183 5.392798 2.282817
v 1.210183 5.392798 2.204687
v 0.856896 5.101552 2.950404
v 0.734379 4.903317 2.950398
v 0.791903 4.913489 2.914311
v 0.654448 5.135855 3.090393
v 0.430388 5.135855 3.163194
v 0.463789 5.069053 3.138925
v 0.615832 5.560944 3.101552
v 0.513357 5.392798 3.163777
v 0.587663 5.392798 3.139634
v -0.230726 5.101552 3.034081
v -0.268582 4.903318 2.917558
v -0.216485 4.913490 2.961115
v -0.426425 5.135855 2.884800
v -0.564903 5.135855 2.694202
v -0.531501 5.069053 2.718469
v -0.448970 5.560945 2.851524
v -0.539818 5.392798 2.773293
v -0.493894 5.392798 2.836502
v -0.646407 5.101553 2.025550
v -0.547284 4.903317 1.953538
v -0.572611 4.913490 2.016545
v -0.564908 5.135854 1.793299
v -0.426431 5.135854 1.602699
v -0.439187 5.069051 1.641966
v -0.540228 5.560946 1.761578
v -0.493899 5.392799 1.650998
v -0.539823 5.392799 1.714208
v 0.184321 5.101550 1.318557
v 0.283441 4.903313 1.390577
v 0.215691 4.913486 1.385959
v 0.430390 5.135853 1.324300
v 0.654452 5.135853 1.397103
v 0.613166 5.069050 1.397105
v 0.468183 5.560946 1.337969
v 0.587667 5.392799 1.347860
v 0.513360 5.392799 1.323716
v 1.058295 5.769214 2.533971
v 1.157412 5.570973 2.461956
v 1.149653 5.626976 2.422988
v 1.042508 5.603474 2.718475
v 1.004230 5.403065 2.836269
v 1.050390 5.403065 2.772737
v 0.727492 5.759043 2.961130
v 0.848664 5.592186 2.950012
v 0.861358 5.658649 2.910947
v 0.227556 5.769215 3.096935
v 0.326676 5.570974 3.168947
v 0.361339 5.626977 3.149526
v 0.047205 5.603474 3.138936
v -0.076650 5.403065 3.138933
v -0.001963 5.403065 3.163200
v -0.280916 5.759043 2.914324
v -0.232898 5.592186 3.026130
v -0.191824 5.658649 3.026130
v -0.564564 5.769215 2.480828
v -0.602422 5.570974 2.597346
v -0.573240 5.626977 2.624312
v -0.660243 5.603474 2.322282
v -0.698514 5.403065 2.204487
v -0.698514 5.403065 2.283017
v -0.548022 5.759045 1.940814
v -0.639517 5.592187 2.021031
v -0.626824 5.658650 2.060096
v -0.223395 5.769219 1.537086
v -0.345910 5.570976 1.537087
v -0.362539 5.626979 1.573175
v -0.102173 5.603477 1.397094
v -0.001966 5.403065 1.324294
v -0.076654 5.403065 1.348561
v 0.295307 5.759047 1.385943
v 0.190744 5.592189 1.323714
v 0.157513 5.658653 1.347857
v 0.779594 5.769219 1.569927
v 0.741733 5.570977 1.453407
v 0.702273 5.626980 1.448743
v 0.950194 5.603476 1.641958
v 1.050395 5.403065 1.714764
v 1.004236 5.403065 1.651230
v 1.083625 5.759043 2.016540
v 1.110497 5.592187 1.897865
v 1.077266 5.658650 1.873721
v 0.943581 5.998653 2.306597
v 1.004837 5.876134 2.495132
v 1.030203 5.865885 2.432152
v 0.805692 6.077123 2.497885
v 0.667211 6.077123 2.688483
v 0.734014 6.035836 2.688483
v 0.474001 6.266043 2.306552
v 0.537037 6.215458 2.496589
v 0.582962 6.215458 2.433380
v 0.408353 5.998654 2.917572
v 0.247975 5.876135 3.034091
v 0.315711 5.865886 3.038754
v 0.183819 6.077123 2.845544
v -0.040242 6.077123 2.772741
v -0.019599 6.035836 2.836274
v 0.263291 6.266043 2.470965
v 0.102035 6.215458 2.589640
v 0.176341 6.215457 2.613784
v -0.338110 5.998655 2.597348
v -0.498486 5.876135 2.480828
v -0.481989 5.865886 2.546689
v -0.338992 6.077124 2.361548
v -0.338993 6.077125 2.125956
v -0.393037 6.035838 2.165222
v 0.041814 6.266043 2.321377
v -0.120886 6.215459 2.204687
v -0.120886 6.215459 2.282817
v -0.264234 5.998658 1.788468
v -0.202976 5.876140 1.599932
v -0.260516 5.865890 1.635975
v -0.040244 6.077128 1.714760
v 0.183819 6.077128 1.641956
v 0.129774 6.035841 1.602690
v 0.115639 6.266045 2.064514
v 0.176341 6.215462 1.873718
v 0.102034 6.215461 1.897862
v 0.527895 5.998660 1.608767
v 0.726135 5.876140 1.608767
v 0.674075 5.865891 1.565180
v 0.667213 6.077127 1.799019
v 0.805694 6.077125 1.989619
v 0.826337 6.035839 1.926086
v 0.382745 6.266045 2.055351
v 0.582963 6.215460 2.054124
v 0.537038 6.215461 1.990914
v 0.895424 6.022345 2.054124
v 1.030205 5.865886 2.055352
v 1.004839 5.876136 1.992371
v 0.272894 6.022350 1.576550
v 0.315712 5.865891 1.448742
v 0.247975 5.876140 1.453405
v -0.373672 6.022346 2.021030
v -0.481991 5.865888 1.940814
v -0.498488 5.876137 2.006675
v -0.150750 6.022345 2.773297
v -0.260512 5.865886 2.851525
v -0.202972 5.876135 2.887568
v 0.633590 6.022345 2.793754
v 0.674071 5.865886 2.922318
v 0.726131 5.876135 2.878732
v 1.050818 5.279726 1.714209
v 0.959965 5.111580 1.635982
v 0.943400 5.167630 1.599938
v -0.002362 5.279725 1.323719
v -0.104834 5.111580 1.385953
v -0.144233 5.167629 1.390569
v -0.699183 5.279726 2.204688
v -0.671661 5.111584 2.321375
v -0.679445 5.167632 2.360270
v -0.076665 5.279726 3.139631
v 0.042819 5.111583 3.149516
v 0.077405 5.167631 3.168939
v 1.004889 5.279726 2.836500
v 1.051213 5.111582 2.725919
v 1.080373 5.167631 2.699027
v 0.743894 5.080338 1.461376
v 0.791908 4.913486 1.573187
v 0.734383 4.903314 1.537100
v -0.337664 5.080339 1.537495
v -0.216489 4.913486 1.526382
v -0.268587 4.903314 1.569941
v -0.599485 5.080341 2.589633
v -0.572609 4.913491 2.470959
v -0.547282 4.903319 2.533965
v 0.320251 5.080341 3.163769
v 0.215691 4.913490 3.101536
v 0.283440 4.903317 3.096918
v 1.150501 5.080340 2.466470
v 1.059002 4.913489 2.546683
v 1.075546 4.903317 2.480823
v 0.408957 4.457098 1.897877
v 0.247706 4.406519 2.016548
v 0.227282 4.424622 1.953542
v -0.026029 4.457099 1.990924
v 0.037005 4.406520 2.180954
v -0.029229 4.424623 2.180909
v -0.071952 4.457102 2.433372
v 0.128257 4.406521 2.432145
v 0.107748 4.424625 2.495122
v 0.938416 4.691275 2.427403
v 0.886127 4.725034 2.624303
v 0.849089 4.673889 2.597338
v 0.334652 4.457102 2.613769
v 0.395352 4.406521 2.422982
v 0.448909 4.424624 2.461949
v 0.195034 4.399345 2.429844
v 0.862667 4.742238 2.684880
v 0.181887 4.863169 3.072532
v 1.020971 4.863168 2.569870
v 0.862670 4.742235 1.802621
v 0.059828 4.399344 2.243752
v -0.555471 4.863171 2.429847
v 0.195034 4.399343 2.057659
v -0.172092 4.863165 1.529977
v 0.802208 4.863165 1.616523
v 1.058347 5.058842 2.684884
v 1.164324 5.613685 2.128737
v 0.084049 5.058842 3.143620
v 0.645723 5.613686 3.072549
v -0.653313 5.058844 2.358765
v -0.412150 5.613686 2.870990
v -0.134725 5.058839 1.414957
v -0.547364 5.613688 1.802612
v 0.923144 5.058840 1.616517
v 0.426952 5.613689 1.343862
v 0.683095 5.809366 2.957536
v -0.291218 5.809366 2.870990
v -0.509993 5.809368 1.917626
v 0.329112 5.809371 1.414946
v 1.066488 5.809366 2.057652
v 0.487417 5.930302 2.957537
v 0.451178 6.273221 2.243752
v -0.351686 5.930303 2.684892
v -0.351689 5.930305 1.802610
v 0.487419 5.930307 1.529961
v 0.051856 4.642137 2.870510
v 0.519332 4.436401 2.435436
v 0.687881 4.843686 2.941267
v 1.052495 4.843685 2.048081
v 0.519333 4.436399 2.052067
v -0.403519 4.642138 2.243752
v -0.274268 4.843687 2.870514
v 0.051854 4.642132 1.616989
v -0.504300 4.843686 1.933593
v 0.315692 4.843682 1.425295
v 1.178372 5.502715 2.435442
v 1.114791 5.169809 1.856390
v 0.358369 5.502716 3.180688
v 0.889439 5.169810 2.941277
v -0.603796 5.502717 2.631115
v -0.211989 5.169810 3.062211
v -0.378451 5.502717 1.546216
v -0.667369 5.169811 2.052063
v 0.722994 5.502718 1.425279
v 0.152628 5.169808 1.306813
v 1.015312 5.828848 2.553917
v 0.195304 5.828849 3.062219
v -0.541514 5.828849 2.439427
v -0.176897 5.828853 1.546216
v 0.785281 5.828853 1.616971
v 0.356276 6.236160 2.553919
v 0.914537 6.030409 2.243752
v -0.008346 6.236161 2.435444
v -0.008347 6.236163 2.052059
v 0.356276 6.236164 1.933584
v 0.555116 6.189576 1.930278
v 0.884724 5.985864 1.930278
v 0.748072 5.985866 1.742193
v 0.049952 6.189576 1.861931
v 0.151803 5.985867 1.548456
v -0.069302 5.985867 1.620299
v -0.171153 6.189573 2.321246
v -0.437809 5.985864 2.127511
v -0.437808 5.985863 2.359993
v 0.197356 6.189572 2.673466
v -0.069300 5.985862 2.867201
v 0.151804 5.985862 2.939043
v 0.646217 6.189573 2.431836
v 0.748069 5.985862 2.745307
v 0.884722 5.985861 2.557225
v 1.044716 5.665872 1.814039
v 0.981763 5.336262 1.620303
v 0.882884 5.534028 1.548458
v 0.090693 5.665874 1.360372
v -0.113010 5.336262 1.360377
v -0.211895 5.534028 1.432216
v -0.635570 5.665871 2.127512
v -0.698511 5.336262 2.321245
v -0.660746 5.534026 2.437485
v -0.130410 5.665870 3.055281
v 0.034396 5.336262 3.175012
v 0.156617 5.534026 3.175015
v 0.908060 5.665870 2.861547
v 1.072859 5.336262 2.741807
v 1.110632 5.534026 2.625567
v 0.476604 5.336262 1.312482
v 0.641405 5.006656 1.432227
v 0.420302 5.006656 1.360385
v -0.561866 5.336262 1.745694
v -0.397058 5.006658 1.625962
v -0.533707 5.006658 1.814046
v -0.470761 5.336262 2.867196
v -0.533703 5.006660 2.673456
v -0.397053 5.006660 2.861538
v 0.624004 5.336262 3.127118
v 0.420300 5.006660 3.127110
v 0.641402 5.006660 3.055269
v 1.209510 5.336262 2.166259
v 1.146553 5.006659 2.359991
v 1.146554 5.006659 2.127513
v 0.580290 4.686677 1.620317
v 0.313639 4.482981 1.814053
v 0.252530 4.605197 1.625971
v -0.237060 4.686678 1.742209
v -0.135206 4.482984 2.055675
v -0.332966 4.605202 2.055674
v -0.373706 4.686683 2.557215
v -0.044106 4.482985 2.557213
v -0.105217 4.605203 2.745291
v 0.842125 4.605200 2.050023
v 0.842124 4.605202 2.437480
v 0.682133 4.482984 2.321243
v 0.359190 4.686682 2.939022
v 0.461036 4.482985 2.625556
v 0.621026 4.605203 2.741796
v 0.117165 4.490272 2.669506
v 0.705692 4.557513 2.570833
v 0.445715 4.834184 3.036120
v 1.067870 4.834183 2.307704
v 0.705694 4.557510 1.916670
v -0.192170 4.490273 2.243752
v -0.439313 4.834185 2.669510
v 0.117164 4.490268 1.817996
v -0.364135 4.834181 1.714512
v 0.567363 4.834179 1.490903
v 1.153380 5.281860 2.570839
v 1.174165 5.390666 1.980616
v 0.221877 5.281860 3.198759
v 0.789639 5.390666 3.036135
v -0.663162 5.281860 2.506886
v -0.333044 5.390666 2.996608
v -0.278645 5.281859 1.451364
v -0.642388 5.390666 1.916663
v 0.844046 5.281859 1.490890
v 0.289121 5.390666 1.288732
v 0.875143 5.838353 2.773000
v -0.056370 5.838353 2.996611
v -0.556891 5.838354 2.179798
v 0.065276 5.838357 1.451359
v 0.950330 5.838355 1.817982
v 0.427459 6.115038 2.773002
v 0.703184 6.182285 2.243752
v -0.194710 6.115039 2.570844
v -0.194712 6.115042 1.916659
v 0.427461 6.115043 1.714498
v 0.000386 4.851967 3.028920
v 0.307237 4.381269 2.281342
v 0.903644 4.891491 2.789832
v 0.975149 4.891489 1.796082
v 0.307237 4.381269 2.206162
v -0.570081 4.851969 2.243752
v -0.063567 4.891491 3.028921
v 0.000384 4.851963 1.458577
v -0.589844 4.891493 2.182929
v 0.052123 4.891488 1.420985
v 1.132835 5.717085 2.281343
v 0.987365 4.955442 1.758491
v 0.490853 5.717087 3.089760
v 0.943170 4.955444 2.789834
v -0.476376 5.717088 2.729018
v -0.051354 4.955445 3.066513
v -0.432189 5.717090 1.697657
v -0.621822 4.955447 2.206161
v 0.562359 5.717091 1.420969
v 0.020146 4.955441 1.397750
v 1.100858 5.781041 2.304576
v 0.458876 5.781043 3.066527
v -0.464162 5.781043 2.691428
v -0.392663 5.781046 1.697657
v 0.574574 5.781047 1.458560
v 0.275261 6.291297 2.304576
v 1.081096 5.820567 2.243752
v 0.203758 6.291297 2.281343
v 0.203758 6.291297 2.206161
v 0.275261 6.291297 2.182927
v 0.725163 6.168042 2.182639
v 0.789421 6.128328 2.182639
v 0.478609 6.128333 1.754848
v 0.342508 6.168046 1.778192
v 0.362364 6.128333 1.717078
v -0.140532 6.128331 1.880483
v -0.160388 6.168045 2.017135
v -0.212374 6.128331 1.979366
v -0.212373 6.128328 2.508137
v -0.088545 6.168042 2.569250
v -0.140530 6.128328 2.607020
v 0.362363 6.128327 2.770422
v 0.458751 6.168042 2.671540
v 0.478608 6.128328 2.732653
v 0.789421 6.128327 2.304865
v 1.153314 5.400521 1.918256
v 1.141041 5.336263 1.880487
v 0.916144 5.786074 1.717080
v 0.223369 5.400521 1.289292
v 0.183656 5.336263 1.289294
v -0.041251 5.786076 1.452691
v -0.662172 5.400521 1.979369
v -0.674442 5.336263 2.017138
v -0.588542 5.786072 2.281521
v -0.279521 5.400520 3.034802
v -0.247391 5.336263 3.058144
v 0.030594 5.786071 3.058148
v 0.842503 5.400520 2.997033
v 0.874631 5.336263 2.973690
v 0.960542 5.786071 2.709307
v 0.758394 5.336263 1.429352
v 0.790522 5.272005 1.452697
v 0.287628 5.272005 1.289295
v -0.363639 5.336263 1.513808
v -0.331509 5.272005 1.490466
v -0.642313 5.272005 1.918257
v -0.630039 5.336263 2.607015
v -0.642310 5.272005 2.569245
v -0.331504 5.272005 2.997031
v 0.327340 5.336263 3.198199
v 0.287627 5.272005 3.198198
v 0.790517 5.272005 3.034800
v 1.185437 5.336263 2.470365
v 1.173164 5.272005 2.508134
v 1.173167 5.272005 1.979369
v 0.651515 4.544222 1.880495
v 0.599530 4.504511 1.918265
v 0.460544 4.782490 1.490479
v 0.032396 4.544221 1.754866
v 0.052253 4.504510 1.815977
v -0.397547 4.782494 1.815973
v -0.278404 4.544227 2.304862
v -0.214148 4.504515 2.304862
v -0.353143 4.782495 2.732639
v 1.035264 4.782494 2.205984
v 1.035263 4.782495 2.281520
v 0.671370 4.504512 2.017143
v 0.148638 4.544226 2.770403
v 0.168493 4.504515 2.709292
v 0.532382 4.782495 2.973675
v 0.641198 4.691275 2.836488
v 0.661734 4.650201 2.773280
v 0.771497 4.806651 2.851511
v 0.381218 4.636711 2.884788
v 0.327175 4.595427 2.845523
v 0.551229 4.595426 2.772723
v 0.088448 4.725035 2.961111
v 0.102648 4.673890 2.917552
v 0.263022 4.796402 3.034072
v 0.631868 4.457100 2.204689
v 0.631868 4.457101 2.282816
v 0.469175 4.406520 2.166131
v 0.849970 4.595424 2.125960
v 0.904013 4.636709 2.165224
v 0.741882 4.512856 2.283016
v 0.992971 4.806649 1.940821
v 1.009467 4.796401 2.006681
v 0.849091 4.673886 1.890165
v -0.189042 4.691275 2.793737
v -0.122581 4.650201 2.793736
v -0.163064 4.806651 2.922301
v -0.315318 4.636711 2.561407
v -0.294675 4.595427 2.497876
v -0.156200 4.595426 2.688468
v -0.478377 4.725036 2.306550
v -0.432562 4.673891 2.306595
v -0.493821 4.796404 2.495126
v -0.404944 4.691275 1.990922
v -0.384406 4.650201 2.054130
v -0.519189 4.806651 2.055357
v -0.223004 4.636707 1.799034
v -0.156202 4.595422 1.799034
v -0.294677 4.595425 1.989628
v -0.031004 4.725029 1.565199
v -0.016889 4.673885 1.608786
v -0.215126 4.796398 1.608783
v 0.291871 4.691270 1.537505
v 0.238103 4.650196 1.576571
v 0.195287 4.806646 1.448762
v 0.530589 4.636705 1.651245
v 0.551231 4.595421 1.714778
v 0.327176 4.595421 1.641977
v 0.812307 4.725030 1.761589
v 0.775215 4.673886 1.788481
v 0.713962 4.796398 1.599947
v 1.150504 5.080340 2.021034
v 1.137809 5.013878 2.060098
v 1.084231 5.045549 1.863195
v 1.209509 5.269459 2.204487
v 1.209508 5.269459 2.283017
v 1.171230 5.069052 2.165223
v 1.182668 5.560943 2.321376
v 1.190450 5.504893 2.360271
v 1.190452 5.504894 2.127233
v 0.743890 5.080341 3.026121
v 0.702814 5.013879 3.026119
v 0.873523 5.045551 2.914315
v 0.587646 5.269459 3.138931
v 0.512960 5.269459 3.163198
v 0.613162 5.069053 3.090391
v 0.468181 5.560944 3.149526
v 0.433594 5.504894 3.168946
v 0.655229 5.504894 3.096933
v -0.337659 5.080341 2.950003
v -0.350351 5.013880 2.910937
v -0.191266 5.045551 3.038742
v -0.493230 5.269459 2.836267
v -0.539390 5.269459 2.772735
v -0.439182 5.069053 2.845534
v -0.540224 5.560945 2.725923
v -0.569382 5.504895 2.699030
v -0.432403 5.504894 2.887566
v -0.599489 5.080340 1.897870
v -0.566257 5.013879 1.873727
v -0.638646 5.045552 2.064519
v -0.539395 5.269459 1.714766
v -0.493236 5.269459 1.651233
v -0.531505 5.069052 1.769032
v -0.448975 5.560946 1.635976
v -0.432408 5.504896 1.599933
v -0.569386 5.504896 1.788471
v 0.320252 5.080338 1.323724
v 0.353483 5.013876 1.347870
v 0.149658 5.045548 1.337980
v 0.512962 5.269459 1.324296
v 0.587650 5.269459 1.348564
v 0.463792 5.069050 1.348569
v 0.615835 5.560946 1.385944
v 0.655233 5.504896 1.390562
v 0.433596 5.504896 1.318548
v 1.077263 5.658649 2.613782
v 1.110493 5.592186 2.589637
v 1.083623 5.759042 2.470963
v 0.950188 5.603474 2.845541
v 0.937429 5.536671 2.884806
v 1.075908 5.536671 2.694207
v 0.702269 5.626977 3.038753
v 0.741728 5.570974 3.034090
v 0.779590 5.769215 2.917571
v 0.157514 5.658649 3.139637
v 0.190745 5.592186 3.163780
v 0.295307 5.759043 3.101553
v -0.102169 5.603474 3.090401
v -0.143454 5.536671 3.090400
v 0.080607 5.536671 3.163202
v -0.362534 5.626977 2.914324
v -0.345905 5.570974 2.950411
v -0.223391 5.769216 2.950412
v -0.626822 5.658649 2.427408
v -0.639514 5.592186 2.466472
v -0.548020 5.759043 2.546689
v -0.660244 5.603475 2.165222
v -0.673001 5.536671 2.125957
v -0.673000 5.536671 2.361547
v -0.573244 5.626978 1.863191
v -0.602426 5.570975 1.890157
v -0.564567 5.769217 2.006676
v -0.191828 5.658652 1.461366
v -0.232903 5.592189 1.461367
v -0.280921 5.759047 1.573174
v 0.047203 5.603477 1.348558
v 0.080605 5.536673 1.324291
v -0.143458 5.536673 1.397095
v 0.361340 5.626980 1.337968
v 0.326677 5.570977 1.318547
v 0.227556 5.769219 1.390560
v 0.861363 5.658652 1.576551
v 0.848669 5.592188 1.537486
v 0.727496 5.759047 1.526368
v 1.042512 5.603476 1.769026
v 1.075913 5.536672 1.793295
v 0.937435 5.536672 1.602693
v 1.149655 5.626976 2.064516
v 1.157414 5.570974 2.025548
v 1.058298 5.769216 1.953532
v 0.895422 6.022344 2.433380
v 0.915959 5.981267 2.496589
v 0.989395 5.947506 2.306552
v 0.672086 6.159698 2.497885
v 0.625925 6.159698 2.561418
v 0.826334 6.035836 2.561417
v 0.382745 6.266043 2.432153
v 0.403256 6.247938 2.495133
v 0.540238 6.247938 2.306597
v 0.272894 6.022344 2.910949
v 0.219125 5.981268 2.950014
v 0.422553 5.947507 2.961131
v 0.142534 6.159697 2.718478
v 0.067847 6.159697 2.694211
v 0.129775 6.035836 2.884809
v 0.115640 6.266043 2.422989
v 0.062080 6.247938 2.461958
v 0.283716 6.247938 2.533973
v -0.373670 6.022345 2.466474
v -0.427439 5.981268 2.427409
v -0.375148 5.947507 2.624314
v -0.230903 6.159698 2.283017
v -0.230904 6.159698 2.204487
v -0.393037 6.035837 2.322282
v 0.041813 6.266044 2.166127
v -0.011800 6.247940 2.127231
v -0.011799 6.247938 2.360273
v -0.150752 6.022349 1.714204
v -0.130215 5.981273 1.650994
v -0.301325 5.947511 1.761575
v 0.067846 6.159702 1.793291
v 0.142533 6.159702 1.769023
v -0.019601 6.035841 1.651226
v 0.263291 6.266045 2.016538
v 0.283716 6.247941 1.953530
v 0.062079 6.247941 2.025546
v 0.633593 6.022349 1.693746
v 0.700056 5.981273 1.693747
v 0.542009 5.947512 1.565180
v 0.625927 6.159700 1.926085
v 0.672087 6.159700 1.989619
v 0.734016 6.035840 1.799019
v 0.474001 6.266044 2.180952
v 0.540238 6.247939 2.180907
v 0.403256 6.247941 1.992370
v 0.943581 5.998654 2.180907
v 0.989396 5.947506 2.180952
v 0.915961 5.981269 1.990915
v 0.408355 5.998660 1.569926
v 0.422555 5.947512 1.526367
v 0.219125 5.981273 1.537484
v -0.338112 5.998658 1.890154
v -0.375151 5.947510 1.863189
v -0.427440 5.981270 2.060095
v -0.264231 5.998655 2.699034
v -0.301322 5.947507 2.725926
v -0.130212 5.981268 2.836506
v 0.527893 5.998654 2.878733
v 0.542007 5.947507 2.922319
v 0.700053 5.981268 2.793754
v 1.080378 5.167630 1.788475
v 1.051218 5.111581 1.761583
v 1.004895 5.279726 1.651000
v 0.077403 5.167629 1.318555
v 0.042816 5.111580 1.337978
v -0.076669 5.279725 1.347863
v -0.679447 5.167632 2.127234
v -0.671662 5.111584 2.166129
v -0.699182 5.279727 2.282817
v -0.144229 5.167631 3.096926
v -0.104831 5.111582 3.101542
v -0.002359 5.279726 3.163775
v 0.943395 5.167631 2.887561
v 0.959960 5.111582 2.851518
v 1.050813 5.279726 2.773291
v 0.856901 5.101550 1.537094
v 0.873528 5.045548 1.573183
v 0.702818 5.013876 1.461378
v -0.230730 5.101550 1.453416
v -0.191270 5.045548 1.448754
v -0.350356 5.013877 1.576562
v -0.646404 5.101553 2.461953
v -0.638644 5.045553 2.422985
v -0.566253 5.013880 2.613776
v 0.184322 5.101552 3.168937
v 0.149659 5.045551 3.149514
v 0.353482 5.013879 3.139624
v 1.113411 5.101552 2.597342
v 1.084227 5.045551 2.624307
v 1.137806 5.013879 2.427405
v 0.448910 4.424622 2.025555
v 0.395352 4.406519 2.064522
v 0.334653 4.457098 1.873733
v 0.107747 4.424622 1.992381
v 0.128257 4.406519 2.055359
v -0.071953 4.457100 2.054131
v -0.029229 4.424624 2.306595
v 0.037005 4.406521 2.306550
v -0.026028 4.457102 2.496579
v 1.009465 4.796402 2.480822
v 0.992968 4.806651 2.546682
v 0.884647 4.650201 2.466467
v 0.227282 4.424625 2.533961
v 0.247706 4.406521 2.470955
v 0.408956 4.457102 2.589626
v 0.481757 4.462902 2.563361
v 0.501280 4.447327 2.499656
v 0.551701 4.474165 2.535564
v 0.355493 4.435488 2.551497
v 0.301461 4.418561 2.511728
v 0.375829 4.418561 2.487564
v 0.187393 4.474165 2.653937
v 0.207078 4.447327 2.595249
v 0.260317 4.462902 2.635312
v 0.827083 4.613924 2.503803
v 0.809149 4.626324 2.568662
v 0.766987 4.582963 2.538755
v 0.924387 4.699266 2.494625
v 0.960666 4.751701 2.521496
v 0.906852 4.710592 2.560593
v 1.030612 4.784347 2.347228
v 1.022042 4.788954 2.413992
v 0.987324 4.736332 2.387386
v 0.021449 4.462902 2.557701
v 0.088070 4.447327 2.556581
v 0.069500 4.474165 2.615632
v -0.006287 4.435488 2.433950
v 0.014840 4.418560 2.370274
v 0.060802 4.418560 2.433534
v -0.155661 4.474165 2.305732
v -0.093761 4.447327 2.306318
v -0.115412 4.462902 2.369332
v -0.115413 4.462901 2.118172
v -0.093762 4.447326 2.181186
v -0.155661 4.474165 2.181772
v -0.006287 4.435485 2.053554
v 0.060802 4.418558 2.053970
v 0.014839 4.418559 2.117230
v 0.069499 4.474162 1.871871
v 0.088069 4.447323 1.930921
v 0.021448 4.462899 1.929802
v 0.260317 4.462898 1.852190
v 0.207078 4.447323 1.892254
v 0.187393 4.474161 1.833565
v 0.355493 4.435484 1.936006
v 0.375829 4.418558 1.999939
v 0.301462 4.418558 1.975776
v 0.551702 4.474162 1.951939
v 0.501280 4.447324 1.987848
v 0.481758 4.462898 1.924142
v 1.119375 4.949984 2.387387
v 1.087832 4.895399 2.413993
v 1.095785 4.889794 2.347228
v 1.124385 5.022853 2.494627
v 1.106412 5.033473 2.560596
v 1.093707 4.966955 2.521498
v 1.158027 5.215652 2.538760
v 1.138096 5.158548 2.568667
v 1.157208 5.148052 2.503808
v 0.385847 4.949984 3.109728
v 0.350797 4.895399 3.087951
v 0.416751 4.889795 3.074883
v 0.285402 5.022854 3.147632
v 0.217108 5.033473 3.150925
v 0.250367 4.966955 3.126760
v 0.253823 5.215652 3.193266
v 0.219221 5.158549 3.183553
v 0.286812 5.148052 3.181686
v -0.527819 4.949985 2.635318
v -0.517939 4.895400 2.595254
v -0.485129 4.889796 2.653943
v -0.594907 5.022854 2.551503
v -0.619143 5.033474 2.487569
v -0.585883 4.966956 2.511732
v -0.648065 5.215652 2.535571
v -0.649520 5.158549 2.499661
v -0.626858 5.148053 2.563367
v -0.358967 4.949981 1.619772
v -0.317809 4.895396 1.616787
v -0.363487 4.889792 1.666128
v -0.299984 5.022851 1.530066
v -0.246668 5.033470 1.487258
v -0.259370 4.966952 1.526358
v -0.301261 5.215651 1.474586
v -0.267557 5.158547 1.462105
v -0.321143 5.148051 1.503345
v 0.659063 4.949980 1.466541
v 0.674619 4.895395 1.504763
v 0.613579 4.889791 1.476567
v 0.762604 5.022851 1.494916
v 0.819791 5.033470 1.532395
v 0.778680 4.966951 1.532397
v 0.814972 5.215651 1.476558
v 0.837258 5.158547 1.504755
v 0.781477 5.148050 1.466536
v 1.091187 5.280099 2.707006
v 1.105204 5.224336 2.669904
v 1.125442 5.280824 2.639049
v 1.024393 5.222845 2.802383
v 0.993934 5.166509 2.828581
v 1.039897 5.166509 2.765318
v 0.900279 5.280824 2.948959
v 0.923370 5.224337 2.920176
v 0.954324 5.280099 2.895381
v 0.073158 5.280099 3.181689
v 0.112774 5.224337 3.183555
v 0.148373 5.280824 3.193267
v -0.038191 5.222846 3.147638
v -0.072519 5.166509 3.126766
v 0.001851 5.166509 3.150929
v -0.215946 5.280824 3.074894
v -0.181436 5.224337 3.087961
v -0.148290 5.280099 3.109737
v -0.692884 5.280099 2.360172
v -0.682416 5.224337 2.398426
v -0.680652 5.280824 2.435283
v -0.694908 5.222846 2.243752
v -0.685665 5.166510 2.204654
v -0.685665 5.166510 2.282850
v -0.680655 5.280824 2.052220
v -0.682417 5.224337 2.089078
v -0.692885 5.280099 2.127331
v -0.148294 5.280098 1.377758
v -0.181440 5.224335 1.399535
v -0.215950 5.280823 1.412602
v -0.038194 5.222844 1.339856
v 0.001848 5.166507 1.336565
v -0.072522 5.166507 1.360729
v 0.148372 5.280823 1.294226
v 0.112773 5.224335 1.303939
v 0.073156 5.280098 1.305804
v 0.954330 5.280098 1.592118
v 0.923376 5.224336 1.567322
v 0.900284 5.280823 1.538539
v 1.024399 5.222845 1.685117
v 1.039902 5.166508 1.722182
v 0.993939 5.166508 1.658919
v 1.125447 5.280823 1.848453
v 1.105208 5.224336 1.817597
v 1.091192 5.280098 1.780496
v 0.763144 5.936208 2.790125
v 0.775591 5.883584 2.832056
v 0.821769 5.888191 2.783078
v 0.649188 5.973276 2.839893
v 0.596224 5.961949 2.882957
v 0.662743 5.920838 2.882957
v 0.495906 6.089587 2.783079
v 0.512436 6.046223 2.832057
v 0.565072 6.058624 2.790126
v -0.107265 5.936207 2.895387
v -0.143298 5.883584 2.920182
v -0.082447 5.888191 2.948964
v -0.189810 5.973276 2.802389
v -0.247133 5.961949 2.765325
v -0.226578 5.920838 2.828588
v -0.183143 6.089587 2.639054
v -0.224616 6.046224 2.669910
v -0.168472 6.058624 2.707011
v -0.476348 5.936209 2.100114
v -0.511065 5.883585 2.073507
v -0.519634 5.888192 2.140274
v -0.413411 5.973278 1.992871
v -0.395876 5.961952 1.926901
v -0.449690 5.920840 1.966000
v -0.256009 6.089590 1.948738
v -0.298172 6.046227 1.918830
v -0.316107 6.058626 1.983691
v 0.165950 5.936213 1.503336
v 0.180527 5.883589 1.462096
v 0.114380 5.888196 1.474579
v 0.287395 5.973281 1.530053
v 0.355556 5.961955 1.526345
v 0.301740 5.920843 1.487246
v 0.378009 6.089592 1.666114
v 0.393424 6.046228 1.616773
v 0.326194 6.058629 1.619759
v 0.932006 5.936209 1.929790
v 0.975732 5.883585 1.930910
v 0.943420 5.888193 1.871857
v 0.944124 5.973277 2.053546
v 0.968714 5.961949 2.117225
v 0.989269 5.920838 2.053962
v 0.842725 6.089587 2.181769
v 0.894414 6.046223 2.181183
v 0.870800 6.058624 2.118167
v 0.422935 6.225237 1.930908
v 0.489558 6.209661 1.929789
v 0.441506 6.198397 1.871856
v 0.450204 6.254005 2.053962
v 0.496168 6.254004 2.117225
v 0.517295 6.237076 2.053546
v 0.340514 6.287650 2.181985
v 0.407083 6.279292 2.181316
v 0.361720 6.279293 2.118881
v 0.797185 5.990166 1.801983
v 0.843038 5.990165 1.865093
v 0.855623 5.941171 1.807738
v 0.716487 6.082165 1.859960
v 0.695704 6.123732 1.923925
v 0.762961 6.082164 1.923925
v 0.528154 6.143560 1.807737
v 0.577605 6.154213 1.865092
v 0.598111 6.113202 1.801982
v 0.554571 5.893583 1.525336
v 0.620220 5.853009 1.525336
v 0.565445 5.837780 1.489707
v 0.596227 5.961954 1.604542
v 0.649191 5.973281 1.647607
v 0.662746 5.920843 1.604543
v 0.495908 6.089592 1.704422
v 0.565074 6.058629 1.697375
v 0.512438 6.046228 1.655442
v 0.009707 6.225237 1.987837
v 0.029230 6.209661 1.924129
v -0.040717 6.198397 1.951927
v 0.135163 6.254005 1.999929
v 0.209534 6.254005 1.975764
v 0.155500 6.237077 1.935993
v 0.223025 6.287651 2.143811
v 0.242960 6.279293 2.080294
v 0.169563 6.279293 2.104143
v 0.002737 5.990167 1.592065
v 0.076927 5.990168 1.567959
v 0.026268 5.941173 1.538266
v 0.032940 6.082166 1.686729
v 0.087353 6.123734 1.726262
v 0.108136 6.082166 1.662296
v -0.074923 6.143559 1.849706
v -0.005094 6.154214 1.820400
v -0.058778 6.113202 1.781395
v -0.335337 5.893582 1.737315
v -0.315051 5.853009 1.674880
v -0.365862 5.837779 1.715964
v -0.247136 5.961954 1.722175
v -0.189813 5.973280 1.685111
v -0.226581 5.920842 1.658912
v -0.183145 6.089591 1.848448
v -0.168474 6.058628 1.780490
v -0.224619 6.046227 1.817591
v -0.063846 6.225234 2.398428
v -0.118403 6.209658 2.360174
v -0.113580 6.198394 2.435287
v -0.013578 6.254004 2.282851
v -0.013578 6.254004 2.204654
v -0.068100 6.237075 2.243752
v 0.150413 6.287650 2.243752
v 0.096166 6.279292 2.205165
v 0.096166 6.279292 2.282339
v -0.442399 5.990163 2.282756
v -0.442399 5.990163 2.204749
v -0.486293 5.941169 2.243752
v -0.343035 6.082162 2.283284
v -0.288623 6.123730 2.243752
v -0.343035 6.082162 2.204220
v -0.221368 6.143556 2.436229
v -0.227662 6.154210 2.360763
v -0.281346 6.113198 2.399766
v -0.408730 5.893579 2.649164
v -0.461840 5.853005 2.610577
v -0.438469 5.837775 2.671596
v -0.395873 5.961950 2.560602
v -0.413409 5.973276 2.494632
v -0.449688 5.920838 2.521504
v -0.256008 6.089587 2.538765
v -0.316105 6.058624 2.503812
v -0.298170 6.046224 2.568673
v 0.303921 6.225234 2.595263
v 0.250680 6.209657 2.635328
v 0.323607 6.198393 2.653953
v 0.209534 6.254003 2.511739
v 0.135163 6.254003 2.487574
v 0.155500 6.237074 2.551510
v 0.223025 6.287650 2.343693
v 0.169563 6.279291 2.383361
v 0.242960 6.279291 2.407210
v 0.076929 5.990162 2.919540
v 0.002739 5.990162 2.895434
v 0.026270 5.941168 2.949232
v 0.108137 6.082161 2.825204
v 0.087354 6.123729 2.761239
v 0.032942 6.082161 2.800771
v 0.291195 6.143556 2.756756
v 0.217476 6.154210 2.739420
v 0.237981 6.113197 2.802530
v 0.435809 5.893578 3.000749
v 0.382699 5.853005 3.039335
v 0.447954 5.837775 3.035964
v 0.355555 5.961949 2.961153
v 0.287394 5.973276 2.957444
v 0.301740 5.920838 3.000251
v 0.378008 6.089586 2.821386
v 0.326194 6.058623 2.867740
v 0.393423 6.046223 2.870726
v 0.604773 6.225234 2.306321
v 0.626424 6.209658 2.369337
v 0.666674 6.198393 2.305734
v 0.496168 6.254003 2.370279
v 0.450203 6.254003 2.433542
v 0.517295 6.237074 2.433958
v 0.340514 6.287650 2.305519
v 0.361720 6.279292 2.368623
v 0.407083 6.279292 2.306187
v 0.843035 5.990162 2.622409
v 0.797182 5.990162 2.685519
v 0.855620 5.941167 2.679764
v 0.762959 6.082161 2.563578
v 0.695702 6.123729 2.563578
v 0.716485 6.082161 2.627543
v 0.754430 6.143556 2.368328
v 0.715162 6.154210 2.433081
v 0.781520 6.113197 2.433081
v 1.031171 5.893577 2.306187
v 1.051456 5.853004 2.368622
v 1.068415 5.837774 2.305519
v 0.968713 5.961948 2.370279
v 0.944123 5.973275 2.433957
v 0.989267 5.920837 2.433542
v 0.842724 6.089586 2.305735
v 0.870799 6.058623 2.369337
v 0.894414 6.046223 2.306321
v 1.028955 5.777135 1.892241
v 1.038834 5.722549 1.852177
v 0.996145 5.782741 1.833551
v 1.096897 5.705575 1.975766
v 1.130156 5.639055 1.999931
v 1.105920 5.649675 1.935996
v 1.120957 5.732688 2.143811
v 1.137390 5.681132 2.104144
v 1.104567 5.746782 2.080295
v 0.920216 5.468978 1.567962
v 0.953394 5.402620 1.592069
v 0.899049 5.401756 1.538269
v 0.988546 5.538035 1.662300
v 1.035019 5.538035 1.726265
v 1.022173 5.470777 1.686733
v 0.961592 5.729227 1.730747
v 1.004089 5.668054 1.748083
v 0.958237 5.668054 1.684973
v 0.673331 5.746786 1.486749
v 0.660794 5.681136 1.448162
v 0.617988 5.732693 1.451533
v 0.770377 5.705578 1.526346
v 0.810990 5.649677 1.530055
v 0.757672 5.639058 1.487247
v 0.874497 5.782742 1.666116
v 0.869975 5.722550 1.619761
v 0.828818 5.777138 1.616774
v 0.160198 5.777139 1.399528
v 0.125146 5.722551 1.377752
v 0.094241 5.782743 1.412596
v 0.260630 5.705579 1.360720
v 0.293890 5.639059 1.336556
v 0.225594 5.649678 1.339849
v 0.427887 5.732693 1.389766
v 0.395238 5.681137 1.361879
v 0.362414 5.746786 1.385727
v -0.181810 5.468979 1.402738
v -0.148630 5.402620 1.378633
v -0.216589 5.401756 1.413694
v -0.070976 5.538035 1.366904
v 0.004220 5.538036 1.342472
v -0.037346 5.470778 1.342473
v -0.014209 5.729228 1.413690
v 0.015412 5.668056 1.378630
v -0.058779 5.668055 1.402736
v -0.335337 5.746786 1.612445
v -0.375909 5.681136 1.612445
v -0.385931 5.732692 1.654197
v -0.267691 5.705578 1.532385
v -0.251614 5.649678 1.494906
v -0.308801 5.639058 1.532386
v -0.102589 5.782743 1.476552
v -0.148073 5.722551 1.466528
v -0.163631 5.777138 1.504748
v -0.576853 5.777135 2.073508
v -0.608394 5.722548 2.100114
v -0.584806 5.782740 2.140274
v -0.582726 5.705576 1.966000
v -0.595430 5.639057 1.926902
v -0.613402 5.649676 1.992873
v -0.503418 5.732692 1.815907
v -0.540029 5.681135 1.838340
v -0.527491 5.746784 1.876926
v -0.679484 5.468977 2.399765
v -0.692155 5.402619 2.360761
v -0.679812 5.401755 2.436227
v -0.679314 5.538033 2.283284
v -0.679314 5.538033 2.204220
v -0.692158 5.470776 2.243752
v -0.617277 5.729225 2.243752
v -0.641468 5.668052 2.204749
v -0.641468 5.668052 2.282755
v -0.527488 5.746782 2.610576
v -0.540025 5.681133 2.649162
v -0.503414 5.732690 2.671595
v -0.582723 5.705575 2.521503
v -0.613399 5.649675 2.494631
v -0.595427 5.639055 2.560601
v -0.584804 5.782739 2.347230
v -0.608392 5.722548 2.387389
v -0.576851 5.777134 2.413996
v -0.163627 5.777134 2.982749
v -0.148069 5.722547 3.020969
v -0.102586 5.782739 3.010945
v -0.267687 5.705575 2.955113
v -0.308796 5.639055 2.955112
v -0.251609 5.649675 2.992591
v -0.385927 5.732690 2.833303
v -0.375904 5.681133 2.875055
v -0.335333 5.746782 2.875055
v 0.114952 5.468977 3.181179
v 0.073942 5.402619 3.181178
v 0.149529 5.401755 3.192759
v 0.004223 5.538033 3.145023
v -0.070972 5.538033 3.120590
v -0.037343 5.470776 3.145022
v -0.014206 5.729225 3.073805
v -0.058776 5.668052 3.084759
v 0.015414 5.668052 3.108865
v 0.362413 5.746782 3.101768
v 0.395237 5.681133 3.125616
v 0.427885 5.732689 3.097729
v 0.260630 5.705575 3.126775
v 0.225595 5.649674 3.147645
v 0.293890 5.639055 3.150938
v 0.094242 5.782739 3.074899
v 0.125148 5.722548 3.109743
v 0.160199 5.777134 3.087968
v 0.828814 5.777134 2.870725
v 0.869971 5.722547 2.867739
v 0.874493 5.782739 2.821384
v 0.770372 5.705575 2.961152
v 0.757668 5.639055 3.000250
v 0.810985 5.649674 2.957443
v 0.617984 5.732689 3.035964
v 0.660790 5.681133 3.039334
v 0.673328 5.746782 3.000748
v 1.103619 5.468977 2.667099
v 1.090944 5.402619 2.706102
v 1.125317 5.401755 2.637792
v 1.035014 5.538033 2.761235
v 0.988540 5.538033 2.825201
v 1.022168 5.470776 2.800767
v 0.961588 5.729225 2.756754
v 0.958233 5.668052 2.802528
v 1.004085 5.668052 2.739418
v 1.104565 5.746781 2.407208
v 1.137389 5.681131 2.383360
v 1.120956 5.732688 2.343692
v 1.096895 5.705575 2.511737
v 1.105917 5.649674 2.551507
v 1.130153 5.639054 2.487572
v 0.996142 5.782738 2.653951
v 1.038830 5.722547 2.635325
v 1.028952 5.777133 2.595261
v 0.398225 5.448190 1.303934
v 0.437842 5.392426 1.305802
v 0.362626 5.391702 1.294223
v 0.509151 5.506018 1.336557
v 0.583522 5.506018 1.360722
v 0.549193 5.449680 1.339851
v 0.532972 5.667746 1.389766
v 0.574858 5.615487 1.385727
v 0.501460 5.615487 1.361879
v 0.495582 5.004474 1.378643
v 0.569771 5.004474 1.402749
v 0.525201 4.943303 1.413705
v 0.506775 5.134490 1.342480
v 0.548342 5.201747 1.342478
v 0.581970 5.134490 1.366913
v 0.361469 5.270769 1.294737
v 0.437057 5.269904 1.306318
v 0.396046 5.203546 1.306320
v 0.115761 4.991394 1.361893
v 0.148585 4.925746 1.385743
v 0.083114 4.939839 1.389781
v 0.217107 5.033470 1.336569
v 0.285402 5.022851 1.339862
v 0.250367 4.966951 1.360735
v 0.253823 5.215651 1.294227
v 0.286813 5.148050 1.305808
v 0.219221 5.158546 1.303941
v -0.594215 5.448189 1.817595
v -0.580197 5.392426 1.780495
v -0.614451 5.391702 1.848452
v -0.528911 5.506017 1.722179
v -0.482948 5.506017 1.658915
v -0.513405 5.449680 1.685115
v -0.470945 5.667745 1.715965
v -0.461843 5.615486 1.674881
v -0.507205 5.615486 1.737317
v -0.493080 5.004476 1.748091
v -0.447229 5.004476 1.684982
v -0.450582 4.943305 1.730756
v -0.524014 5.134491 1.726271
v -0.511171 5.201747 1.686737
v -0.477541 5.134490 1.662305
v -0.614321 5.270769 1.849712
v -0.579949 5.269904 1.781402
v -0.592620 5.203547 1.820406
v -0.626379 4.991398 2.104146
v -0.593553 4.925751 2.080298
v -0.609944 4.939844 2.143813
v -0.619146 5.033473 1.999935
v -0.594910 5.022853 1.936000
v -0.585885 4.966955 1.975771
v -0.648069 5.215652 1.951932
v -0.626861 5.148052 1.924135
v -0.649523 5.158549 1.987842
v -0.412376 5.448188 2.920179
v -0.443328 5.392426 2.895383
v -0.389283 5.391701 2.948961
v -0.482942 5.506016 2.828585
v -0.528906 5.506016 2.765322
v -0.513400 5.449679 2.802386
v -0.470941 5.667743 2.771536
v -0.507200 5.615484 2.750184
v -0.461838 5.615484 2.812619
v -0.447224 5.004478 2.802519
v -0.493076 5.004478 2.739410
v -0.450578 4.943307 2.756744
v -0.477536 5.134492 2.825195
v -0.511165 5.201748 2.800763
v -0.524009 5.134492 2.761230
v -0.388044 5.270770 2.949226
v -0.442389 5.269905 2.895428
v -0.409209 5.203548 2.919532
v -0.149786 4.991397 3.039321
v -0.162323 4.925750 3.000733
v -0.106981 4.939843 3.035949
v -0.246663 5.033473 3.000239
v -0.299980 5.022854 2.957432
v -0.259366 4.966955 2.961139
v -0.301256 5.215652 3.012911
v -0.321138 5.148053 2.984152
v -0.267552 5.158549 3.025392
v 0.692435 5.448189 3.087965
v 0.659288 5.392426 3.109740
v 0.726944 5.391701 3.074896
v 0.583518 5.506016 3.126773
v 0.509148 5.506016 3.150937
v 0.549190 5.449679 3.147643
v 0.532969 5.667743 3.097729
v 0.501458 5.615484 3.125616
v 0.574855 5.615484 3.101768
v 0.569768 5.004477 3.084747
v 0.495579 5.004477 3.108852
v 0.525198 4.943307 3.073791
v 0.581966 5.134492 3.120582
v 0.548338 5.201748 3.145016
v 0.506772 5.134492 3.145014
v 0.727580 5.270769 3.073800
v 0.659622 5.269905 3.108859
v 0.692800 5.203547 3.084752
v 0.886892 4.991397 2.875045
v 0.846319 4.925750 2.875043
v 0.896912 4.939842 2.833293
v 0.819786 5.033473 2.955103
v 0.762599 5.022853 2.992581
v 0.778675 4.966955 2.955101
v 0.814967 5.215652 3.010939
v 0.781472 5.148052 3.020961
v 0.837252 5.158548 2.982742
v 1.193420 5.448188 2.089077
v 1.203886 5.392425 2.127331
v 1.191655 5.391701 2.052220
v 1.196671 5.506015 2.204654
v 1.196670 5.506015 2.282850
v 1.205911 5.449678 2.243752
v 1.153428 5.667741 2.243752
v 1.170212 5.615482 2.282339
v 1.170213 5.615482 2.205165
v 1.152452 5.004477 2.204749
v 1.152452 5.004477 2.282755
v 1.128259 4.943306 2.243752
v 1.190303 5.134491 2.204221
v 1.203150 5.201748 2.243752
v 1.190303 5.134492 2.283284
v 1.190809 5.270769 2.051277
v 1.203152 5.269905 2.126743
v 1.190477 5.203547 2.087740
v 1.051014 4.991395 1.838346
v 1.038474 4.925748 1.876933
v 1.014402 4.939840 1.815914
v 1.106415 5.033471 1.926907
v 1.124387 5.022852 1.992876
v 1.093709 4.966953 1.966005
v 1.158030 5.215651 1.948743
v 1.157211 5.148052 1.983696
v 1.138100 5.158547 1.918835
v 0.654288 4.788950 1.567333
v 0.618255 4.736329 1.592130
v 0.593439 4.784343 1.538552
v 0.737565 4.751698 1.658928
v 0.758119 4.710588 1.722190
v 0.700797 4.699262 1.685127
v 0.876845 4.834757 1.715976
v 0.846320 4.778957 1.737328
v 0.826035 4.819528 1.674893
v 0.273015 4.559349 1.684991
v 0.293519 4.518341 1.748100
v 0.219803 4.528994 1.730764
v 0.402856 4.590384 1.662317
v 0.478049 4.590384 1.686749
v 0.423638 4.548819 1.726281
v 0.484723 4.731369 1.538285
v 0.508252 4.682376 1.592085
v 0.434065 4.682376 1.567979
v 0.128300 4.819527 1.448181
v 0.075191 4.778956 1.486768
v 0.063046 4.834756 1.451551
v 0.209258 4.751697 1.487267
v 0.223603 4.699262 1.530075
v 0.155444 4.710588 1.526366
v 0.396614 4.784343 1.474598
v 0.345044 4.736328 1.503357
v 0.330468 4.788949 1.462116
v -0.264584 4.788951 1.655459
v -0.252136 4.736330 1.697391
v -0.310761 4.784344 1.704437
v -0.151738 4.751698 1.604560
v -0.085220 4.710588 1.604561
v -0.138182 4.699262 1.647625
v -0.054441 4.834757 1.489724
v -0.043567 4.778956 1.525354
v -0.109215 4.819528 1.525353
v -0.270505 4.559353 2.054429
v -0.204149 4.518344 2.054430
v -0.243415 4.528998 2.119181
v -0.251946 4.590386 1.923937
v -0.205474 4.590385 1.859973
v -0.184690 4.548820 1.923937
v -0.344609 4.731371 1.807750
v -0.286172 4.682378 1.801997
v -0.332023 4.682379 1.865105
v -0.540441 4.819533 2.118885
v -0.520154 4.778962 2.181318
v -0.557400 4.834763 2.181986
v -0.478252 4.751702 2.053967
v -0.433107 4.699266 2.053552
v -0.457696 4.710593 2.117229
v -0.432405 4.784346 1.871867
v -0.420990 4.736332 1.929799
v -0.464716 4.788954 1.930918
v -0.464714 4.788956 2.556585
v -0.420988 4.736335 2.557704
v -0.432402 4.784348 2.615635
v -0.478250 4.751703 2.433536
v -0.457695 4.710594 2.370275
v -0.433105 4.699268 2.433952
v -0.557399 4.834763 2.305517
v -0.520153 4.778962 2.306185
v -0.540440 4.819533 2.368619
v -0.087100 4.559354 2.685503
v -0.066595 4.518345 2.622396
v -0.017146 4.528998 2.679749
v -0.205472 4.590389 2.627529
v -0.251944 4.590389 2.563566
v -0.184688 4.548824 2.563566
v -0.344606 4.731374 2.679752
v -0.332020 4.682382 2.622398
v -0.286169 4.682382 2.685505
v -0.109212 4.819532 2.962145
v -0.043564 4.778961 2.962144
v -0.054438 4.834761 2.997773
v -0.151735 4.751702 2.882939
v -0.138180 4.699267 2.839875
v -0.085217 4.710593 2.882938
v -0.310757 4.784348 2.783064
v -0.252132 4.736333 2.790110
v -0.264580 4.788955 2.832041
v 0.809151 4.626321 1.918840
v 0.827085 4.613922 1.983700
v 0.766989 4.582961 1.948748
v 0.906854 4.710590 1.926910
v 0.960668 4.751699 1.966007
v 0.924389 4.699264 1.992879
v 0.949455 4.834758 1.815915
v 0.972824 4.819529 1.876934
v 0.919714 4.778957 1.838349
v 0.738641 4.518344 2.360758
v 0.792324 4.559353 2.399761
v 0.732348 4.528998 2.436223
v 0.799600 4.548822 2.243752
v 0.854012 4.590387 2.204221
v 0.854012 4.590387 2.283283
v 0.732349 4.528996 2.051281
v 0.792325 4.559352 2.087743
v 0.738641 4.518343 2.126746
v 0.414825 4.393273 2.205167
v 0.414824 4.393273 2.282337
v 0.360579 4.384916 2.243752
v 0.524563 4.418559 2.204655
v 0.579083 4.435486 2.243752
v 0.524563 4.418559 2.282849
v 0.624564 4.474163 2.052224
v 0.629385 4.462900 2.127334
v 0.574831 4.447325 2.089082
v 0.330468 4.788955 3.025381
v 0.345044 4.736333 2.984141
v 0.396613 4.784348 3.012899
v 0.209258 4.751702 3.000231
v 0.155445 4.710593 2.961133
v 0.223604 4.699267 2.957423
v 0.063047 4.834761 3.035946
v 0.075192 4.778961 3.000729
v 0.128301 4.819532 3.039316
v 0.569762 4.559354 2.706089
v 0.516080 4.518345 2.667087
v 0.585906 4.528998 2.637782
v 0.478047 4.590388 2.800752
v 0.402855 4.590389 2.825183
v 0.423637 4.548824 2.761220
v 0.484721 4.731373 2.949213
v 0.434063 4.682382 2.919519
v 0.508250 4.682382 2.895414
v 0.826031 4.819531 2.812607
v 0.846316 4.778960 2.750173
v 0.876842 4.834761 2.771525
v 0.737562 4.751701 2.828572
v 0.700794 4.699266 2.802373
v 0.758116 4.710592 2.765310
v 0.593436 4.784348 2.948946
v 0.618252 4.736333 2.895369
v 0.654285 4.788954 2.920165
v 0.679455 4.613924 2.706996
v 0.694125 4.582963 2.639041
v 0.735598 4.626324 2.669897
v 0.273015 4.559354 2.802510
v 0.219804 4.528999 2.756737
v 0.293519 4.518345 2.739402
v 0.117578 4.626325 2.870706
v 0.132993 4.582964 2.821366
v 0.184805 4.613925 2.867720
v 0.629385 4.462901 2.360170
v 0.624563 4.474164 2.435279
v 0.574830 4.447326 2.398422
v 0.953375 4.682380 2.204750
v 0.997270 4.731372 2.243752
v 0.953375 4.682380 2.282754
v 1.022044 4.788953 2.073511
v 1.030612 4.784346 2.140276
v 0.987326 4.736331 2.100118
v -0.054064 4.613925 2.790107
v 0.015099 4.582964 2.783060
v -0.001431 4.626324 2.832038
v -0.270504 4.559355 2.433074
v -0.243415 4.528999 2.368323
v -0.204148 4.518346 2.433074
v -0.383396 4.626325 2.306319
v -0.331707 4.582965 2.305732
v -0.359781 4.613925 2.369333
v -0.359782 4.613925 2.118171
v -0.331707 4.582964 2.181772
v -0.383396 4.626325 2.181185
v -0.087102 4.559350 1.801998
v -0.017147 4.528995 1.807753
v -0.066596 4.518342 1.865107
v -0.001433 4.626319 1.655462
v 0.015097 4.582959 1.704440
v -0.054066 4.613920 1.697393
v 0.184805 4.613919 1.619780
v 0.132993 4.582959 1.666134
v 0.117577 4.626319 1.616793
v 0.569764 4.559350 1.781412
v 0.585908 4.528995 1.849720
v 0.516081 4.518341 1.820415
v 0.735600 4.626320 1.817605
v 0.694127 4.582960 1.848461
v 0.679457 4.613920 1.780505
v 1.119376 4.949983 2.100117
v 1.095786 4.889794 2.140275
v 1.087834 4.895398 2.073511
v 1.203150 5.269905 2.360761
v 1.190807 5.270769 2.436227
v 1.190476 5.203547 2.399764
v 1.193419 5.448188 2.398427
v 1.191653 5.391701 2.435284
v 1.203884 5.392425 2.360173
v 0.659059 4.949984 3.020956
v 0.613576 4.889795 3.010930
v 0.674616 4.895399 2.982735
v 0.437055 5.269905 3.181175
v 0.361468 5.270769 3.192757
v 0.396045 5.203547 3.181174
v 0.398223 5.448188 3.183559
v 0.362624 5.391701 3.193270
v 0.437840 5.392426 3.181692
v -0.358963 4.949984 2.867727
v -0.363483 4.889795 2.821372
v -0.317805 4.895399 2.870712
v -0.579944 5.269905 2.706100
v -0.614317 5.270769 2.637790
v -0.592616 5.203547 2.667096
v -0.594211 5.448189 2.669906
v -0.614447 5.391701 2.639050
v -0.580192 5.392426 2.707007
v -0.527822 4.949983 1.852184
v -0.485133 4.889793 1.833560
v -0.517942 4.895398 1.892249
v -0.442394 5.269904 1.592071
v -0.388050 5.270769 1.538272
v -0.409214 5.203547 1.567966
v -0.412382 5.448189 1.567319
v -0.389288 5.391702 1.538537
v -0.443334 5.392426 1.592116
v 0.385848 4.949980 1.377767
v 0.416753 4.889791 1.412613
v 0.350798 4.895394 1.399545
v 0.659626 5.269904 1.378636
v 0.727585 5.270769 1.413696
v 0.692804 5.203546 1.402743
v 0.692440 5.448190 1.399530
v 0.726949 5.391702 1.412600
v 0.659292 5.392426 1.377755
v 1.137863 5.524473 2.563370
v 1.159068 5.456873 2.535573
v 1.160526 5.513977 2.499663
v 0.920211 5.468977 2.919537
v 0.899044 5.401755 2.949229
v 0.953388 5.402619 2.895430
v 0.778554 5.513978 3.025399
v 0.812256 5.456874 3.012916
v 0.832140 5.524473 2.984159
v 0.224184 5.524474 3.181694
v 0.257174 5.456874 3.193271
v 0.291776 5.513977 3.183560
v -0.181805 5.468977 3.084757
v -0.216585 5.401755 3.073802
v -0.148626 5.402619 3.108862
v -0.326260 5.513978 2.982748
v -0.303973 5.456874 3.010943
v -0.270480 5.524474 3.020967
v -0.646218 5.524474 2.503810
v -0.647034 5.456874 2.538762
v -0.627106 5.513978 2.568670
v -0.679485 5.468977 2.087739
v -0.679814 5.401756 2.051276
v -0.692157 5.402620 2.126743
v -0.627109 5.513978 1.918833
v -0.647037 5.456874 1.948741
v -0.646221 5.524474 1.983694
v -0.270485 5.524475 1.466529
v -0.303978 5.456875 1.476554
v -0.326265 5.513979 1.504749
v 0.114950 5.468979 1.306314
v 0.149528 5.401756 1.294734
v 0.073940 5.402620 1.306315
v 0.291777 5.513979 1.303933
v 0.257174 5.456875 1.294222
v 0.224184 5.524476 1.305800
v 0.832146 5.524475 1.503339
v 0.812261 5.456875 1.474581
v 0.778558 5.513979 1.462098
v 1.103623 5.468978 1.820403
v 1.125321 5.401756 1.849710
v 1.090949 5.402620 1.781400
v 1.160528 5.513977 1.987840
v 1.159071 5.456874 1.951931
v 1.137866 5.524474 1.924132
v 0.932004 5.936207 2.557713
v 0.943417 5.888190 2.615645
v 0.975729 5.883583 2.556593
v 0.577604 6.154210 2.622410
v 0.528153 6.143556 2.679765
v 0.598109 6.113198 2.685519
v 0.422934 6.225234 2.556594
v 0.441505 6.198393 2.615646
v 0.489557 6.209658 2.557714
v 0.165951 5.936207 2.984161
v 0.114381 5.888191 3.012918
v 0.180528 5.883584 3.025401
v -0.005092 6.154210 2.667102
v -0.074921 6.143556 2.637796
v -0.058777 6.113198 2.706106
v 0.009708 6.225234 2.499666
v -0.040716 6.198393 2.535576
v 0.029231 6.209658 2.563374
v -0.476347 5.936208 2.387390
v -0.519633 5.888191 2.347230
v -0.511064 5.883584 2.413996
v -0.227662 6.154212 2.126741
v -0.221369 6.143558 2.051274
v -0.281347 6.113200 2.087738
v -0.063847 6.225236 2.089075
v -0.113581 6.198396 2.052217
v -0.118403 6.209659 2.127330
v -0.107268 5.936212 1.592112
v -0.082450 5.888196 1.538534
v -0.143301 5.883588 1.567317
v 0.217476 6.154214 1.748081
v 0.291195 6.143560 1.730745
v 0.237981 6.113203 1.684970
v 0.303922 6.225237 1.892239
v 0.323607 6.198397 1.833549
v 0.250680 6.209661 1.852174
v 0.763147 5.936212 1.697376
v 0.821772 5.888195 1.704423
v 0.775594 5.883587 1.655444
v 0.715163 6.154212 2.054422
v 0.754431 6.143557 2.119176
v 0.781521 6.113199 2.054422
v 0.604773 6.225235 2.181183
v 0.666674 6.198394 2.181769
v 0.626425 6.209659 2.118167
v 1.031171 5.893577 2.181317
v 1.068416 5.837774 2.181985
v 1.051457 5.853004 2.118882
v 0.435811 5.893583 1.486748
v 0.447956 5.837780 1.451533
v 0.382700 5.853010 1.448162
v -0.408734 5.893581 1.838338
v -0.438473 5.837778 1.815906
v -0.461843 5.853007 1.876926
v -0.335334 5.893579 2.750185
v -0.365858 5.837775 2.771536
v -0.315047 5.853005 2.812620
v 0.554569 5.893578 2.962162
v 0.565442 5.837775 2.997791
v 0.620217 5.853005 2.962162
v 1.018193 5.057042 1.737323
v 0.981932 5.004785 1.715973
v 0.972831 5.057042 1.674888
v 0.009540 5.057042 1.361891
v -0.021971 5.004784 1.389779
v -0.063857 5.057042 1.385739
v -0.659203 5.057046 2.205166
v -0.642417 5.004789 2.243752
v -0.659203 5.057046 2.282338
v -0.063853 5.057045 3.101757
v -0.021968 5.004787 3.097716
v 0.009542 5.057045 3.125604
v 0.972826 5.057044 2.812612
v 0.981927 5.004786 2.771528
v 1.018188 5.057044 2.750177
v 0.886897 4.991394 1.612454
v 0.896917 4.939839 1.654207
v 0.846323 4.925746 1.612456
v -0.149790 4.991394 1.448175
v -0.106984 4.939839 1.451547
v -0.162326 4.925746 1.486764
v -0.626377 4.991399 2.383358
v -0.609943 4.939845 2.343691
v -0.593552 4.925752 2.407205
v 0.115762 4.991397 3.125602
v 0.083115 4.939843 3.097714
v 0.148586 4.925750 3.101752
v 1.051010 4.991396 2.649156
v 1.014398 4.939842 2.671588
v 1.038471 4.925750 2.610569
v 0.341431 4.393272 2.104149
v 0.287971 4.384915 2.143815
v 0.268037 4.393272 2.080301
v 0.149282 4.393272 2.118886
v 0.170487 4.384916 2.181987
v 0.103921 4.393273 2.181319
v 0.103921 4.393273 2.306185
v 0.170487 4.384916 2.305516
v 0.149282 4.393274 2.368618
v 0.972821 4.819531 2.610568
v 0.949451 4.834761 2.671587
v 0.919711 4.778960 2.649154
v 0.268037 4.393274 2.407203
v 0.287971 4.384916 2.343689
v 0.341430 4.393274 2.383355
vn 0.0128 -0.9991 0.0393
vn 0.7252 -0.4767 0.4968
vn -0.0334 -0.9991 0.0243
vn -0.0334 -0.9991 -0.0243
vn 0.0128 -0.9991 -0.0393
vn 0.7507 -0.4354 0.4968
vn -0.2406 -0.4354 0.8675
vn -0.8994 -0.4354 0.0393
vn -0.3153 -0.4354 -0.8432
vn 0.7045 -0.4354 -0.5604
vn 0.7379 -0.4099 0.5361
vn -0.2819 -0.4099 0.8675
vn -0.9121 -0.4099 -0.0000
vn -0.2819 -0.4099 -0.8675
vn 0.7379 -0.4099 -0.5361
vn 0.2946 0.4767 0.8282
vn -0.6966 0.4767 0.5361
vn -0.7252 0.4767 -0.4969
vn 0.2484 0.4767 -0.8432
vn 0.8787 0.4767 -0.0243
vn 0.4969 0.8675 -0.0235
vn 0.5252 0.8498 -0.0441
vn 0.6580 0.5453 -0.5194
vn 0.1312 0.8675 -0.4798
vn 0.1203 0.8498 -0.5132
vn -0.2906 0.5453 -0.7863
vn -0.4158 0.8675 -0.2730
vn -0.4509 0.8498 -0.2730
vn -0.8376 0.5453 0.0334
vn -0.3882 0.8675 0.3111
vn -0.3990 0.8498 0.3444
vn -0.2271 0.5453 0.8069
vn 0.1759 0.8675 0.4653
vn 0.2043 0.8498 0.4859
vn 0.6973 0.5453 0.4653
vn 0.9495 0.0408 -0.3110
vn 0.9385 0.0232 -0.3444
vn 0.5892 0.0408 -0.8069
vn -0.0024 0.0408 -0.9992
vn -0.0375 0.0232 -0.9990
vn -0.5853 0.0408 -0.8098
vn -0.9510 0.0408 -0.3065
vn -0.9617 0.0232 -0.2730
vn -0.9510 0.0408 0.3065
vn -0.5853 0.0408 0.8098
vn -0.5568 0.0232 0.8303
vn -0.0024 0.0408 0.9992
vn 0.5892 0.0408 0.8069
vn 0.6176 0.0232 0.7862
vn 0.9495 0.0408 0.3111
vn 0.5569 0.0161 -0.8304
vn 0.5568 -0.0232 -0.8303
vn 0.2347 -0.5053 -0.8304
vn -0.6177 0.0161 -0.7863
vn -0.6176 -0.0232 -0.7862
vn -0.7172 -0.5053 -0.4798
vn -0.9387 0.0161 0.3445
vn -0.9385 -0.0232 0.3444
vn -0.6780 -0.5053 0.5339
vn 0.0376 0.0161 0.9992
vn 0.0375 -0.0232 0.9990
vn 0.2982 -0.5053 0.8097
vn 0.9619 0.0161 0.2730
vn 0.9617 -0.0232 0.2730
vn 0.8623 -0.5053 -0.0334
vn 0.4342 -0.8324 -0.3445
vn 0.3990 -0.8498 -0.3444
vn -0.1488 -0.8324 -0.5339
vn -0.1934 -0.8324 -0.5193
vn -0.2043 -0.8498 -0.4859
vn -0.5537 -0.8324 -0.0235
vn -0.5537 -0.8324 0.0235
vn -0.5252 -0.8498 0.0441
vn -0.1934 -0.8324 0.5193
vn 0.8376 -0.5453 -0.0334
vn 0.8266 -0.5628 -0.0000
vn 0.4158 -0.8675 0.2730
vn -0.1488 -0.8324 0.5339
vn -0.1203 -0.8498 0.5131
vn 0.4342 -0.8324 0.3445
vn 0.3648 -0.6946 0.6200
vn 0.4005 -0.7034 0.5872
vn 0.6018 -0.6479 0.4670
vn 0.0974 -0.7119 0.6955
vn 0.0867 -0.7438 0.6627
vn 0.1830 -0.8831 0.4320
vn -0.2124 -0.6478 0.7316
vn -0.1901 -0.6666 0.7207
vn 0.0693 -0.6946 0.7160
vn 0.4328 -0.9006 -0.0405
vn 0.4077 -0.9131 -0.0000
vn 0.2075 -0.9707 0.1209
vn 0.6358 -0.7545 -0.1628
vn 0.6571 -0.7438 -0.1223
vn 0.6358 -0.7545 0.1628
vn 0.7966 -0.5207 -0.3071
vn 0.7932 -0.5395 -0.2826
vn 0.6466 -0.7372 -0.1959
vn -0.4769 -0.6946 0.5385
vn -0.4347 -0.7034 0.5624
vn -0.2582 -0.6478 0.7167
vn -0.6314 -0.7119 0.3075
vn -0.6035 -0.7438 0.2873
vn -0.3544 -0.8831 0.3075
vn -0.7614 -0.6478 0.0241
vn -0.7442 -0.6666 0.0419
vn -0.6596 -0.6946 0.2872
vn -0.6596 -0.6946 -0.2871
vn -0.6692 -0.7034 -0.2397
vn -0.7614 -0.6478 -0.0241
vn -0.4876 -0.7119 -0.5054
vn -0.4597 -0.7438 -0.4852
vn -0.4020 -0.8831 -0.2420
vn -0.2582 -0.6479 -0.7167
vn -0.2698 -0.6666 -0.6948
vn -0.4769 -0.6946 -0.5385
vn 0.0693 -0.6946 -0.7160
vn 0.0212 -0.7034 -0.7105
vn -0.2124 -0.6479 -0.7316
vn 0.3300 -0.7119 -0.6199
vn 0.3194 -0.7438 -0.5871
vn 0.1059 -0.8831 -0.4571
vn 0.6018 -0.6479 -0.4670
vn 0.5775 -0.6666 -0.4713
vn 0.3648 -0.6946 -0.6200
vn 0.9486 -0.2487 -0.1959
vn 0.9342 -0.2957 -0.1994
vn 0.8219 -0.4797 -0.3071
vn 0.9989 -0.0232 -0.0405
vn 0.9989 -0.0470 -0.0000
vn 0.9460 -0.3002 0.1223
vn 0.9610 0.2485 0.1209
vn 0.9683 0.2184 0.1209
vn 0.9991 0.0156 -0.0405
vn 0.4794 -0.2487 0.8416
vn 0.4784 -0.2957 0.8269
vn 0.5461 -0.4797 0.6868
vn 0.3472 -0.0232 0.9375
vn 0.3087 -0.0470 0.9500
vn 0.1760 -0.3002 0.9375
vn 0.1819 0.2485 0.9514
vn 0.1842 0.2184 0.9583
vn 0.3473 0.0156 0.9376
vn -0.6523 -0.2487 0.7160
vn -0.6386 -0.2957 0.7105
vn -0.4845 -0.4797 0.7316
vn -0.7843 -0.0232 0.6199
vn -0.8081 -0.0470 0.5871
vn -0.8372 -0.3002 0.4571
vn -0.8486 0.2485 0.4670
vn -0.8545 0.2184 0.4713
vn -0.7844 0.0156 0.6200
vn -0.8825 -0.2487 -0.3991
vn -0.8730 -0.2957 -0.3878
vn -0.8455 -0.4797 -0.2347
vn -0.8319 -0.0232 -0.5544
vn -0.8081 -0.0470 -0.5871
vn -0.6934 -0.3002 -0.6550
vn -0.7064 0.2486 -0.6627
vn -0.7123 0.2184 -0.6670
vn -0.8321 0.0156 -0.5545
vn 0.1068 -0.2487 -0.9627
vn 0.0990 -0.2957 -0.9501
vn -0.0381 -0.4797 -0.8766
vn 0.2702 -0.0232 -0.9625
vn 0.3087 -0.0470 -0.9500
vn 0.4087 -0.3002 -0.8619
vn 0.4120 0.2485 -0.8766
vn 0.4143 0.2184 -0.8836
vn 0.2702 0.0156 -0.9627
vn 0.8481 0.3176 0.4241
vn 0.8731 0.2956 0.3878
vn 0.9484 0.2739 0.1599
vn 0.6934 0.3002 0.6550
vn 0.7041 0.2551 0.6627
vn 0.8319 0.0231 0.5544
vn 0.4452 0.2739 0.8525
vn 0.4719 0.2624 0.8417
vn 0.6654 0.3176 0.6755
vn -0.1413 0.3176 0.9376
vn -0.0990 0.2956 0.9502
vn 0.1409 0.2739 0.9514
vn -0.4087 0.3002 0.8619
vn -0.4127 0.2551 0.8744
vn -0.2702 0.0231 0.9625
vn -0.6732 0.2739 0.6868
vn -0.6547 0.2624 0.7089
vn -0.4368 0.3176 0.8416
vn -0.9354 0.3176 0.1554
vn -0.9343 0.2956 0.1994
vn -0.8613 0.2739 0.4280
vn -0.9460 0.3002 -0.1223
vn -0.9592 0.2551 -0.1223
vn -0.9989 0.0231 0.0405
vn -0.8613 0.2739 -0.4280
vn -0.8765 0.2624 -0.4036
vn -0.9354 0.3176 -0.1554
vn -0.4368 0.3176 -0.8416
vn -0.4784 0.2956 -0.8269
vn -0.6732 0.2739 -0.6868
vn -0.1760 0.3002 -0.9375
vn -0.1801 0.2551 -0.9500
vn -0.3472 0.0232 -0.9375
vn 0.1409 0.2739 -0.9514
vn 0.1130 0.2624 -0.9583
vn -0.1413 0.3176 -0.9376
vn 0.6654 0.3176 -0.6755
vn 0.6386 0.2956 -0.7105
vn 0.4452 0.2739 -0.8525
vn 0.8372 0.3002 -0.4571
vn 0.8479 0.2551 -0.4648
vn 0.7843 0.0231 -0.6199
vn 0.9484 0.2739 -0.1599
vn 0.9463 0.2624 -0.1887
vn 0.8481 0.3176 -0.4241
vn 0.6383 0.7372 0.2216
vn 0.6692 0.7034 0.2397
vn 0.8250 0.5207 0.2198
vn 0.4020 0.8831 0.2420
vn 0.3954 0.8724 0.2873
vn 0.4876 0.7119 0.5055
vn 0.0968 0.9707 0.2198
vn 0.1212 0.9638 0.2376
vn 0.3739 0.9006 0.2216
vn -0.0135 0.7372 0.6755
vn -0.0212 0.7034 0.7105
vn 0.0459 0.5207 0.8525
vn -0.1059 0.8831 0.4571
vn -0.1510 0.8724 0.4648
vn -0.3300 0.7119 0.6199
vn -0.1791 0.9707 0.1599
vn -0.1885 0.9638 0.1887
vn -0.0952 0.9006 0.4241
vn -0.6466 0.7372 0.1959
vn -0.6823 0.7034 0.1994
vn -0.7966 0.5207 0.3071
vn -0.4675 0.8831 0.0405
vn -0.4887 0.8724 -0.0000
vn -0.6916 0.7119 -0.1223
vn -0.2075 0.9707 -0.1209
vn -0.2377 0.9638 -0.1209
vn -0.4328 0.9006 0.0405
vn -0.3861 0.7372 -0.5545
vn -0.4005 0.7034 -0.5872
vn -0.5382 0.5207 -0.6627
vn -0.1830 0.8831 -0.4321
vn -0.1510 0.8724 -0.4648
vn -0.0974 0.7119 -0.6955
vn 0.0509 0.9707 -0.2347
vn 0.0416 0.9638 -0.2635
vn -0.1723 0.9006 -0.3991
vn 0.4080 0.7372 -0.5386
vn 0.4347 0.7034 -0.5624
vn 0.4640 0.5207 -0.7167
vn 0.3544 0.8831 -0.3075
vn 0.3954 0.8724 -0.2873
vn 0.6314 0.7119 -0.3075
vn 0.2389 0.9707 -0.0241
vn 0.2634 0.9638 -0.0419
vn 0.3263 0.9006 -0.2872
vn 0.7136 0.7001 -0.0240
vn 0.7442 0.6666 -0.0419
vn 0.7983 0.5307 -0.2847
vn 0.1977 0.7001 -0.6861
vn 0.1901 0.6666 -0.7208
vn -0.0240 0.5307 -0.8472
vn -0.5914 0.7001 -0.4000
vn -0.6267 0.6666 -0.4036
vn -0.8132 0.5307 -0.2389
vn -0.5632 0.7001 0.4388
vn -0.5775 0.6666 0.4713
vn -0.4785 0.5307 0.6995
vn 0.2433 0.7001 0.6713
vn 0.2698 0.6666 0.6949
vn 0.5174 0.5307 0.6713
vn 0.8781 -0.1907 -0.4388
vn 0.8545 -0.2184 -0.4713
vn 0.6887 -0.1907 -0.6995
vn -0.1460 -0.1907 -0.9707
vn -0.1842 -0.2184 -0.9583
vn -0.4525 -0.1907 -0.8712
vn -0.9683 -0.1907 -0.1611
vn -0.9683 -0.2184 -0.1209
vn -0.9683 -0.1907 0.1611
vn -0.4525 -0.1907 0.8712
vn -0.4142 -0.2184 0.8836
vn -0.1460 -0.1907 0.9707
vn 0.6887 -0.1907 0.6995
vn 0.7123 -0.2184 0.6670
vn 0.8781 -0.1907 0.4388
vn 0.6557 -0.2159 -0.7235
vn 0.6547 -0.2625 -0.7089
vn 0.4863 -0.4900 -0.7235
vn -0.4855 -0.2159 -0.8472
vn -0.4719 -0.2625 -0.8417
vn -0.5378 -0.4900 -0.6861
vn -0.9557 -0.2159 0.1999
vn -0.9463 -0.2625 0.1887
vn -0.8187 -0.4900 0.2995
vn -0.1052 -0.2159 0.9707
vn -0.1130 -0.2625 0.9583
vn 0.0318 -0.4900 0.8712
vn 0.8907 -0.2159 0.4000
vn 0.8765 -0.2625 0.4036
vn 0.8384 -0.4900 0.2389
vn 0.2343 -0.9514 -0.1999
vn 0.1885 -0.9638 -0.1887
vn -0.0721 -0.9514 -0.2995
vn -0.1177 -0.9514 -0.2846
vn -0.1212 -0.9638 -0.2376
vn -0.3071 -0.9514 -0.0240
vn -0.3071 -0.9514 0.0240
vn -0.2634 -0.9638 0.0419
vn -0.1177 -0.9514 0.2847
vn 0.8131 -0.5308 0.2389
vn 0.7932 -0.5395 0.2826
vn 0.5914 -0.7002 0.4000
vn -0.0721 -0.9514 0.2995
vn -0.0416 -0.9638 0.2634
vn 0.2344 -0.9514 0.1999
vn 0.1940 -0.9224 0.3340
vn 0.2240 -0.9286 0.2957
vn 0.3395 -0.8992 0.2760
vn 0.0701 -0.9349 0.3480
vn 0.0609 -0.9456 0.3197
vn 0.1125 -0.9701 0.2149
vn -0.1125 -0.8992 0.4228
vn -0.0834 -0.9165 0.3912
vn 0.0394 -0.9224 0.3842
vn 0.6314 -0.7285 0.2657
vn 0.6067 -0.7329 0.3079
vn 0.5065 -0.7929 0.3387
vn 0.7232 -0.6518 0.2284
vn 0.7293 -0.6351 0.2545
vn 0.6867 -0.6282 0.3658
vn 0.8336 -0.5430 0.1011
vn 0.8192 -0.5552 0.1435
vn 0.7433 -0.6430 0.1844
vn -0.2577 -0.9224 0.2877
vn -0.2120 -0.9286 0.3044
vn -0.1575 -0.8992 0.4082
vn -0.3093 -0.9349 0.1742
vn -0.2852 -0.9456 0.1567
vn -0.1696 -0.9701 0.1734
vn -0.4369 -0.8992 0.0237
vn -0.3978 -0.9165 0.0416
vn -0.3533 -0.9224 0.1562
vn -0.3533 -0.9224 -0.1562
vn -0.3550 -0.9286 -0.1075
vn -0.4369 -0.8992 -0.0237
vn -0.2613 -0.9349 -0.2403
vn -0.2372 -0.9456 -0.2228
vn -0.2173 -0.9702 -0.1077
vn -0.1575 -0.8992 -0.4082
vn -0.1624 -0.9165 -0.3655
vn -0.2577 -0.9224 -0.2877
vn 0.0394 -0.9224 -0.3842
vn -0.0074 -0.9286 -0.3709
vn -0.1125 -0.8992 -0.4228
vn 0.1478 -0.9349 -0.3227
vn 0.1386 -0.9456 -0.2944
vn 0.0353 -0.9702 -0.2399
vn 0.3395 -0.8992 -0.2759
vn 0.2974 -0.9165 -0.2674
vn 0.1940 -0.9224 -0.3340
vn 0.9075 -0.3773 0.1844
vn 0.8873 -0.4220 0.1862
vn 0.8585 -0.5028 0.1011
vn 0.9196 -0.2859 0.2693
vn 0.9074 -0.2989 0.2953
vn 0.8558 -0.4023 0.3252
vn 0.9357 -0.0984 0.3387
vn 0.9280 -0.1439 0.3437
vn 0.9340 -0.2390 0.2657
vn 0.1051 -0.3773 0.9201
vn 0.0971 -0.4220 0.9014
vn 0.1692 -0.5028 0.8477
vn 0.0281 -0.2859 0.9578
vn -0.0005 -0.2989 0.9543
vn -0.0448 -0.4023 0.9144
vn -0.0330 -0.0984 0.9946
vn -0.0401 -0.1439 0.9888
vn 0.0359 -0.2390 0.9704
vn -0.8426 -0.3773 0.3842
vn -0.8273 -0.4220 0.3709
vn -0.7539 -0.5028 0.4228
vn -0.9023 -0.2859 0.3227
vn -0.9077 -0.2989 0.2944
vn -0.8835 -0.4023 0.2399
vn -0.9561 -0.0984 0.2760
vn -0.9528 -0.1439 0.2674
vn -0.9118 -0.2390 0.3340
vn -0.6258 -0.3773 -0.6826
vn -0.6084 -0.4220 -0.6722
vn -0.6351 -0.5028 -0.5864
vn -0.5858 -0.2859 -0.7584
vn -0.5605 -0.2989 -0.7723
vn -0.5012 -0.4023 -0.7661
vn -0.5579 -0.0984 -0.8240
vn -0.5488 -0.1439 -0.8235
vn -0.5994 -0.2390 -0.7639
vn 0.4558 -0.3773 -0.8061
vn 0.4513 -0.4220 -0.7863
vn 0.3614 -0.5028 -0.7852
vn 0.5403 -0.2859 -0.7914
vn 0.5613 -0.2989 -0.7717
vn 0.5737 -0.4023 -0.7134
vn 0.6113 -0.0984 -0.7852
vn 0.6136 -0.1439 -0.7764
vn 0.5413 -0.2390 -0.8061
vn 0.8518 -0.0748 0.5184
vn 0.8703 -0.1019 0.4819
vn 0.9233 -0.0736 0.3770
vn 0.7801 -0.1027 0.6172
vn 0.7770 -0.1341 0.6150
vn 0.8124 -0.2200 0.5401
vn 0.6439 -0.0736 0.7616
vn 0.6708 -0.1002 0.7348
vn 0.7563 -0.0748 0.6499
vn -0.2298 -0.0748 0.9704
vn -0.1894 -0.1019 0.9766
vn -0.0733 -0.0736 0.9946
vn -0.3460 -0.1027 0.9326
vn -0.3448 -0.1341 0.9290
vn -0.2626 -0.2200 0.9395
vn -0.5253 -0.0736 0.8477
vn -0.4916 -0.1002 0.8651
vn -0.3844 -0.0748 0.9201
vn -0.9939 -0.0748 0.0813
vn -0.9873 -0.1019 0.1217
vn -0.9686 -0.0736 0.2377
vn -0.9939 -0.1027 -0.0408
vn -0.9901 -0.1341 -0.0408
vn -0.9746 -0.2200 0.0406
vn -0.9686 -0.0736 -0.2377
vn -0.9746 -0.1002 -0.2002
vn -0.9939 -0.0748 -0.0813
vn -0.3844 -0.0748 -0.9201
vn -0.4208 -0.1019 -0.9014
vn -0.5253 -0.0736 -0.8477
vn -0.2683 -0.1027 -0.9578
vn -0.2671 -0.1341 -0.9543
vn -0.3398 -0.2200 -0.9144
vn -0.0733 -0.0736 -0.9946
vn -0.1108 -0.1002 -0.9888
vn -0.2298 -0.0748 -0.9704
vn 0.7563 -0.0748 -0.6499
vn 0.7272 -0.1019 -0.6788
vn 0.6439 -0.0736 -0.7616
vn 0.8281 -0.1027 -0.5511
vn 0.8250 -0.1341 -0.5489
vn 0.7647 -0.2200 -0.6057
vn 0.9233 -0.0736 -0.3770
vn 0.9062 -0.1002 -0.4109
vn 0.8518 -0.0748 -0.5184
vn 0.4930 0.6430 0.5861
vn 0.5169 0.6049 0.6057
vn 0.6150 0.5430 0.5718
vn 0.3814 0.6947 0.6099
vn 0.3710 0.6780 0.6346
vn 0.4096 0.5855 0.6996
vn 0.2107 0.7929 0.5718
vn 0.2379 0.7657 0.5976
vn 0.3547 0.7285 0.5861
vn -0.4051 0.6430 0.6500
vn -0.4163 0.6049 0.6788
vn -0.3537 0.5430 0.7616
vn -0.4622 0.6947 0.5512
vn -0.4889 0.6780 0.5490
vn -0.5388 0.5855 0.6057
vn -0.4787 0.7929 0.3770
vn -0.4949 0.7657 0.4109
vn -0.4478 0.7285 0.5184
vn -0.7433 0.6430 -0.1844
vn -0.7742 0.6049 -0.1862
vn -0.8336 0.5430 -0.1011
vn -0.6670 0.6947 -0.2692
vn -0.6732 0.6780 -0.2953
vn -0.7426 0.5855 -0.3252
vn -0.5065 0.7929 -0.3387
vn -0.5437 0.7657 -0.3437
vn -0.6315 0.7285 -0.2657
vn -0.0543 0.6430 -0.7639
vn -0.0622 0.6049 -0.7939
vn -0.1615 0.5430 -0.8240
vn 0.0500 0.6947 -0.7176
vn 0.0729 0.6780 -0.7315
vn 0.0798 0.5855 -0.8067
vn 0.1656 0.7929 -0.5864
vn 0.1588 0.7657 -0.6233
vn 0.0576 0.7285 -0.6826
vn 0.7098 0.6430 -0.2877
vn 0.7358 0.6049 -0.3044
vn 0.7338 0.5430 -0.4082
vn 0.6979 0.6947 -0.1742
vn 0.7182 0.6780 -0.1567
vn 0.7919 0.5855 -0.1734
vn 0.6089 0.7929 -0.0237
vn 0.6419 0.7657 -0.0416
vn 0.6670 0.7285 -0.1562
vn 0.1878 0.9394 -0.2869
vn 0.2120 0.9286 -0.3044
vn 0.2263 0.8836 -0.4100
vn 0.1696 0.9701 -0.1734
vn 0.2155 0.9639 -0.1566
vn 0.3093 0.9349 -0.1742
vn 0.1011 0.9946 -0.0243
vn 0.1241 0.9914 -0.0410
vn 0.1452 0.9771 -0.1557
vn 0.5390 0.7168 -0.4424
vn 0.5773 0.7006 -0.4194
vn 0.6607 0.6149 -0.4305
vn 0.4411 0.7920 -0.4221
vn 0.4511 0.8082 -0.3786
vn 0.5378 0.7920 -0.2890
vn 0.2545 0.8660 -0.4305
vn 0.2949 0.8611 -0.4142
vn 0.4001 0.8027 -0.4424
vn 0.3290 0.6095 -0.7213
vn 0.3531 0.5713 -0.7409
vn 0.3517 0.4934 -0.7956
vn 0.3261 0.6824 -0.6543
vn 0.3710 0.6780 -0.6346
vn 0.4645 0.5968 -0.6543
vn 0.2648 0.8064 -0.5287
vn 0.2922 0.7790 -0.5547
vn 0.2995 0.7160 -0.6306
vn -0.2148 0.9394 -0.2673
vn -0.2240 0.9286 -0.2957
vn -0.3200 0.8836 -0.3419
vn -0.1125 0.9701 -0.2148
vn -0.0823 0.9639 -0.2533
vn -0.0701 0.9349 -0.3480
vn 0.0082 0.9946 -0.1036
vn -0.0006 0.9914 -0.1306
vn -0.1032 0.9771 -0.1862
vn -0.2541 0.7168 -0.6493
vn -0.2205 0.7006 -0.6786
vn -0.2052 0.6149 -0.7614
vn -0.2651 0.7920 -0.5499
vn -0.2207 0.8082 -0.5460
vn -0.1087 0.7920 -0.6007
vn -0.3308 0.8660 -0.3751
vn -0.3028 0.8611 -0.4084
vn -0.2971 0.8027 -0.5172
vn -0.5843 0.6095 -0.5358
vn -0.5956 0.5713 -0.5647
vn -0.6479 0.4934 -0.5803
vn -0.5215 0.6824 -0.5123
vn -0.4889 0.6780 -0.5489
vn -0.4787 0.5968 -0.6439
vn -0.4210 0.8064 -0.4152
vn -0.4373 0.7790 -0.4493
vn -0.5072 0.7160 -0.4797
vn -0.3206 0.9394 0.1217
vn -0.3505 0.9286 0.1217
vn -0.4240 0.8836 0.1987
vn -0.2391 0.9701 0.0406
vn -0.2664 0.9639 -0.0000
vn -0.3526 0.9349 -0.0408
vn -0.0960 0.9946 -0.0398
vn -0.1244 0.9914 -0.0398
vn -0.2090 0.9771 0.0406
vn -0.6961 0.7168 0.0411
vn -0.7136 0.7006 -0.0000
vn -0.7876 0.6149 -0.0401
vn -0.6049 0.7920 0.0822
vn -0.5875 0.8082 0.0412
vn -0.6049 0.7920 -0.0822
vn -0.4589 0.8660 0.1987
vn -0.4820 0.8611 0.1618
vn -0.5837 0.8027 0.1227
vn -0.6901 0.6095 0.3901
vn -0.7212 0.5713 0.3919
vn -0.7521 0.4934 0.4369
vn -0.6484 0.6824 0.3376
vn -0.6732 0.6780 0.2953
vn -0.7603 0.5968 0.2563
vn -0.5250 0.8064 0.2721
vn -0.5625 0.7790 0.2770
vn -0.6129 0.7160 0.3341
vn 0.0167 0.9394 0.3425
vn 0.0074 0.9286 0.3709
vn 0.0579 0.8836 0.4647
vn -0.0353 0.9701 0.2399
vn -0.0823 0.9639 0.2533
vn -0.1478 0.9349 0.3227
vn -0.0675 0.9946 0.0790
vn -0.0763 0.9914 0.1061
vn -0.0260 0.9771 0.2113
vn -0.1761 0.7168 0.6747
vn -0.2205 0.7006 0.6786
vn -0.2815 0.6149 0.7366
vn -0.1087 0.7920 0.6008
vn -0.1424 0.8082 0.5715
vn -0.2652 0.7920 0.5499
vn 0.0471 0.8660 0.4979
vn 0.0049 0.8611 0.5084
vn -0.0636 0.8027 0.5930
vn 0.1578 0.6095 0.7769
vn 0.1499 0.5713 0.8070
vn 0.1831 0.4934 0.8503
vn 0.1207 0.6824 0.7210
vn 0.0729 0.6780 0.7315
vn 0.0088 0.5968 0.8023
vn 0.0965 0.8064 0.5834
vn 0.0896 0.7790 0.6206
vn 0.1283 0.7160 0.6862
vn 0.3309 0.9394 0.0900
vn 0.3551 0.9286 0.1076
vn 0.4598 0.8836 0.0885
vn 0.2173 0.9701 0.1077
vn 0.2155 0.9639 0.1566
vn 0.2613 0.9349 0.2403
vn 0.0543 0.9946 0.0886
vn 0.0773 0.9914 0.1053
vn 0.1929 0.9771 0.0900
vn 0.5873 0.7168 0.3760
vn 0.5773 0.7006 0.4194
vn 0.6136 0.6149 0.4954
vn 0.5377 0.7920 0.2891
vn 0.4995 0.8082 0.3120
vn 0.4411 0.7920 0.4221
vn 0.4881 0.8660 0.1090
vn 0.4850 0.8611 0.1525
vn 0.5443 0.8027 0.2438
vn 0.7876 0.6095 0.0900
vn 0.8138 0.5713 0.1068
vn 0.8653 0.4933 0.0886
vn 0.7230 0.6824 0.1080
vn 0.7182 0.6780 0.1568
vn 0.7658 0.5968 0.2396
vn 0.5847 0.8064 0.0885
vn 0.6179 0.7790 0.1065
vn 0.6922 0.7160 0.0900
vn 0.8328 0.4350 -0.3425
vn 0.8273 0.4219 -0.3709
vn 0.7644 0.4470 -0.4647
vn 0.8835 0.4023 -0.2399
vn 0.8989 0.3574 -0.2533
vn 0.9023 0.2859 -0.3227
vn 0.9198 0.3844 -0.0790
vn 0.9209 0.3751 -0.1061
vn 0.8856 0.4137 -0.2113
vn 0.7199 0.1631 -0.6747
vn 0.7253 0.1161 -0.6786
vn 0.6759 0.0232 -0.7366
vn 0.7570 0.2569 -0.6007
vn 0.7865 0.2341 -0.5715
vn 0.8270 0.1170 -0.5499
vn 0.7535 0.4294 -0.4979
vn 0.7680 0.3895 -0.5084
vn 0.7464 0.3020 -0.5930
vn 0.4746 0.4137 -0.7769
vn 0.4439 0.3895 -0.8070
vn 0.3594 0.3844 -0.8503
vn 0.5563 0.4132 -0.7210
vn 0.5738 0.3684 -0.7315
vn 0.5299 0.2747 -0.8023
vn 0.6781 0.4470 -0.5834
vn 0.6567 0.4286 -0.6205
vn 0.5831 0.4350 -0.6862
vn -0.0684 0.4350 -0.8978
vn -0.0971 0.4219 -0.9014
vn -0.2057 0.4470 -0.8706
vn 0.0448 0.4023 -0.9144
vn 0.0368 0.3574 -0.9332
vn -0.0281 0.2859 -0.9579
vn 0.2091 0.3844 -0.8992
vn 0.1837 0.3751 -0.9086
vn 0.0727 0.4137 -0.9075
vn -0.4192 0.1631 -0.8931
vn -0.4213 0.1161 -0.8995
vn -0.4917 0.0232 -0.8705
vn -0.3374 0.2569 -0.9056
vn -0.3004 0.2341 -0.9246
vn -0.2675 0.1170 -0.9564
vn -0.2407 0.4294 -0.8705
vn -0.2462 0.3895 -0.8875
vn -0.3334 0.3020 -0.8931
vn -0.5922 0.4137 -0.6915
vn -0.6303 0.3895 -0.6716
vn -0.6977 0.3844 -0.6046
vn -0.5138 0.4132 -0.7519
vn -0.5184 0.3684 -0.7718
vn -0.5993 0.2747 -0.7519
vn -0.3453 0.4470 -0.8252
vn -0.3873 0.4286 -0.8163
vn -0.4724 0.4350 -0.7665
vn -0.8750 0.4350 -0.2124
vn -0.8873 0.4219 -0.1862
vn -0.8915 0.4470 -0.0734
vn -0.8558 0.4023 -0.3252
vn -0.8762 0.3574 -0.3234
vn -0.9197 0.2859 -0.2692
vn -0.7906 0.3844 -0.4767
vn -0.8074 0.3751 -0.4555
vn -0.8406 0.4137 -0.3495
vn -0.9790 0.1631 0.1227
vn -0.9856 0.1161 0.1227
vn -0.9798 0.0232 0.1987
vn -0.9656 0.2569 0.0411
vn -0.9722 0.2341 -0.0000
vn -0.9923 0.1170 -0.0412
vn -0.9022 0.4294 -0.0401
vn -0.9202 0.3895 -0.0401
vn -0.9524 0.3020 0.0411
vn -0.8406 0.4137 0.3496
vn -0.8335 0.3895 0.3919
vn -0.7906 0.3844 0.4767
vn -0.8739 0.4131 0.2563
vn -0.8942 0.3683 0.2545
vn -0.9003 0.2747 0.3376
vn -0.8915 0.4470 0.0734
vn -0.8960 0.4286 0.1160
vn -0.8750 0.4350 0.2124
vn -0.4724 0.4350 0.7666
vn -0.4513 0.4219 0.7863
vn -0.3453 0.4469 0.8252
vn -0.5738 0.4023 0.7134
vn -0.5783 0.3574 0.7333
vn -0.5403 0.2859 0.7914
vn -0.6977 0.3844 0.6046
vn -0.6827 0.3751 0.6271
vn -0.5922 0.4137 0.6915
vn -0.1858 0.1631 0.9690
vn -0.1879 0.1161 0.9753
vn -0.1138 0.0232 0.9932
vn -0.2593 0.2569 0.9310
vn -0.3004 0.2341 0.9246
vn -0.3458 0.1170 0.9310
vn -0.3170 0.4294 0.8457
vn -0.3225 0.3895 0.8627
vn -0.2553 0.3020 0.9185
vn 0.0727 0.4137 0.9075
vn 0.1152 0.3895 0.9138
vn 0.2091 0.3844 0.8992
vn -0.0263 0.4131 0.9103
vn -0.0343 0.3683 0.9291
vn 0.0429 0.2747 0.9606
vn -0.2057 0.4470 0.8706
vn -0.1665 0.4286 0.8880
vn -0.0684 0.4350 0.8978
vn 0.5830 0.4350 0.6862
vn 0.6084 0.4219 0.6722
vn 0.6781 0.4470 0.5834
vn 0.5012 0.4023 0.7661
vn 0.5187 0.3574 0.7767
vn 0.5858 0.2859 0.7584
vn 0.3594 0.3844 0.8503
vn 0.3854 0.3751 0.8430
vn 0.4746 0.4137 0.7769
vn 0.8641 0.1631 0.4761
vn 0.8695 0.1161 0.4800
vn 0.9094 0.0232 0.4152
vn 0.8053 0.2569 0.5343
vn 0.7865 0.2341 0.5715
vn 0.7786 0.1170 0.6166
vn 0.7063 0.4294 0.5628
vn 0.7209 0.3895 0.5733
vn 0.7946 0.3020 0.5266
vn 0.8856 0.4137 0.2113
vn 0.9047 0.3895 0.1728
vn 0.9198 0.3844 0.0790
vn 0.8576 0.4131 0.3063
vn 0.8730 0.3683 0.3197
vn 0.9268 0.2747 0.2560
vn 0.7644 0.4469 0.4647
vn 0.7931 0.4286 0.4328
vn 0.8328 0.4350 0.3425
vn 0.1882 0.1334 -0.9730
vn 0.1894 0.1018 -0.9766
vn 0.1139 0.0159 -0.9934
vn 0.2626 0.2200 -0.9395
vn 0.3032 0.1928 -0.9332
vn 0.3460 0.1027 -0.9326
vn 0.3260 0.3589 -0.8746
vn 0.3291 0.3321 -0.8840
vn 0.2603 0.2500 -0.9326
vn 0.2553 -0.3021 -0.9185
vn 0.2923 -0.3249 -0.8995
vn 0.3169 -0.4294 -0.8456
vn 0.2243 -0.1869 -0.9564
vn 0.2654 -0.1640 -0.9501
vn 0.3807 -0.1869 -0.9056
vn 0.1138 -0.0232 -0.9932
vn 0.1508 -0.0461 -0.9875
vn 0.1858 -0.1631 -0.9690
vn -0.1072 -0.3447 -0.9326
vn -0.1152 -0.3896 -0.9138
vn -0.1752 -0.4521 -0.8746
vn -0.0429 -0.2748 -0.9605
vn -0.0005 -0.2989 -0.9543
vn 0.0263 -0.4132 -0.9103
vn 0.0367 -0.1090 -0.9934
vn 0.0296 -0.1547 -0.9875
vn -0.0351 -0.2280 -0.9730
vn -0.8673 0.1334 -0.4797
vn -0.8703 0.1018 -0.4819
vn -0.9096 0.0159 -0.4152
vn -0.8124 0.2200 -0.5401
vn -0.7938 0.1928 -0.5768
vn -0.7801 0.1027 -0.6172
vn -0.7311 0.3589 -0.5803
vn -0.7391 0.3321 -0.5861
vn -0.8065 0.2500 -0.5358
vn -0.7946 -0.3021 -0.5266
vn -0.7651 -0.3249 -0.5559
vn -0.7063 -0.4294 -0.5627
vn -0.8403 -0.1869 -0.5089
vn -0.8216 -0.1640 -0.5460
vn -0.7436 -0.1869 -0.6419
vn -0.9094 -0.0232 -0.4152
vn -0.8926 -0.0461 -0.4485
vn -0.8641 -0.1631 -0.4761
vn -0.9201 -0.3447 -0.1862
vn -0.9046 -0.3896 -0.1728
vn -0.8859 -0.4521 -0.1036
vn -0.9268 -0.2748 -0.2560
vn -0.9077 -0.2989 -0.2944
vn -0.8576 -0.4132 -0.3063
vn -0.9334 -0.1090 -0.3419
vn -0.9300 -0.1547 -0.3333
vn -0.9363 -0.2280 -0.2673
vn -0.7242 0.1334 0.6766
vn -0.7272 0.1018 0.6788
vn -0.6760 0.0159 0.7367
vn -0.7647 0.2200 0.6057
vn -0.7938 0.1928 0.5768
vn -0.8281 0.1027 0.5512
vn -0.7778 0.3589 0.5159
vn -0.7858 0.3321 0.5218
vn -0.7588 0.2500 0.6015
vn -0.7464 -0.3021 0.5930
vn -0.7651 -0.3249 0.5559
vn -0.7535 -0.4294 0.4979
vn -0.7436 -0.1869 0.6419
vn -0.7732 -0.1640 0.6126
vn -0.8403 -0.1869 0.5089
vn -0.6759 -0.0232 0.7366
vn -0.7024 -0.0461 0.7103
vn -0.7198 -0.1631 0.6747
vn -0.4614 -0.3447 0.8175
vn -0.4439 -0.3896 0.8070
vn -0.3723 -0.4521 0.8105
vn -0.5299 -0.2748 0.8023
vn -0.5605 -0.2989 0.7723
vn -0.5563 -0.4132 0.7210
vn -0.6136 -0.1090 0.7821
vn -0.6044 -0.1547 0.7815
vn -0.5435 -0.2280 0.8078
vn 0.4197 0.1334 0.8978
vn 0.4208 0.1018 0.9014
vn 0.4918 0.0159 0.8706
vn 0.3398 0.2200 0.9144
vn 0.3032 0.1928 0.9332
vn 0.2683 0.1027 0.9578
vn 0.2503 0.3589 0.8992
vn 0.2534 0.3321 0.9086
vn 0.3375 0.2500 0.9075
vn 0.3333 -0.3021 0.8931
vn 0.2923 -0.3249 0.8995
vn 0.2406 -0.4294 0.8704
vn 0.3807 -0.1869 0.9056
vn 0.3437 -0.1640 0.9246
vn 0.2243 -0.1869 0.9564
vn 0.4917 -0.0232 0.8705
vn 0.4585 -0.0461 0.8875
vn 0.4192 -0.1631 0.8931
vn 0.6349 -0.3447 0.6915
vn 0.6303 -0.3896 0.6716
vn 0.6558 -0.4521 0.6046
vn 0.5993 -0.2748 0.7519
vn 0.5613 -0.2989 0.7718
vn 0.5138 -0.4132 0.7519
vn 0.5542 -0.1090 0.8252
vn 0.5565 -0.1547 0.8163
vn 0.6004 -0.2280 0.7665
vn 0.9836 0.1334 -0.1217
vn 0.9873 0.1018 -0.1217
vn 0.9799 0.0159 -0.1987
vn 0.9747 0.2200 -0.0406
vn 0.9812 0.1928 -0.0000
vn 0.9939 0.1027 0.0408
vn 0.9325 0.3589 0.0398
vn 0.9424 0.3321 0.0398
vn 0.9674 0.2500 -0.0406
vn 0.9524 -0.3021 -0.0410
vn 0.9457 -0.3249 -0.0000
vn 0.9022 -0.4294 0.0401
vn 0.9789 -0.1869 -0.0822
vn 0.9856 -0.1640 -0.0412
vn 0.9789 -0.1869 0.0822
vn 0.9798 -0.0232 -0.1986
vn 0.9858 -0.0461 -0.1618
vn 0.9789 -0.1631 -0.1227
vn 0.8538 -0.3447 -0.3901
vn 0.8335 -0.3896 -0.3919
vn 0.7776 -0.4521 -0.4369
vn 0.9003 -0.2748 -0.3376
vn 0.9074 -0.2989 -0.2953
vn 0.8738 -0.4132 -0.2563
vn 0.9561 -0.1090 -0.2720
vn 0.9483 -0.1547 -0.2770
vn 0.9145 -0.2280 -0.3341
vn 0.4432 -0.5881 -0.6766
vn 0.4163 -0.6049 -0.6788
vn 0.3165 -0.5976 -0.7367
vn 0.5387 -0.5856 -0.6057
vn 0.5275 -0.6238 -0.5767
vn 0.4622 -0.6947 -0.5511
vn 0.6689 -0.5352 -0.5159
vn 0.6484 -0.5544 -0.5217
vn 0.5630 -0.5669 -0.6014
vn 0.0636 -0.8027 -0.5930
vn 0.0516 -0.8297 -0.5559
vn -0.0471 -0.8660 -0.4978
vn 0.1654 -0.7487 -0.6419
vn 0.1991 -0.7649 -0.6126
vn 0.2086 -0.8352 -0.5089
vn 0.2815 -0.6149 -0.7366
vn 0.2730 -0.6489 -0.7103
vn 0.1761 -0.7168 -0.6747
vn -0.1019 -0.5669 -0.8175
vn -0.1499 -0.5713 -0.8069
vn -0.2378 -0.5352 -0.8105
vn -0.0088 -0.5968 -0.8023
vn -0.0167 -0.6351 -0.7723
vn -0.1207 -0.6824 -0.7210
vn 0.1770 -0.5975 -0.7821
vn 0.1319 -0.6098 -0.7815
vn 0.0391 -0.5881 -0.8078
vn -0.5065 -0.5881 -0.6305
vn -0.5169 -0.6049 -0.6057
vn -0.6029 -0.5975 -0.5287
vn -0.4096 -0.5856 -0.6995
vn -0.3855 -0.6238 -0.6799
vn -0.3813 -0.6947 -0.6099
vn -0.2840 -0.5352 -0.7955
vn -0.2958 -0.5544 -0.7779
vn -0.3980 -0.5669 -0.7212
vn -0.5443 -0.8027 -0.2438
vn -0.5127 -0.8297 -0.2208
vn -0.4880 -0.8660 -0.1090
vn -0.5594 -0.7487 -0.3557
vn -0.5211 -0.7649 -0.3786
vn -0.4195 -0.8352 -0.3557
vn -0.6136 -0.6149 -0.4954
vn -0.5912 -0.6489 -0.4791
vn -0.5873 -0.7168 -0.3759
vn -0.8090 -0.5669 -0.1557
vn -0.8138 -0.5713 -0.1068
vn -0.8444 -0.5352 -0.0243
vn -0.7658 -0.5968 -0.2396
vn -0.7396 -0.6350 -0.2228
vn -0.7230 -0.6824 -0.1079
vn -0.6891 -0.5975 -0.4100
vn -0.7025 -0.6098 -0.3670
vn -0.7562 -0.5881 -0.2869
vn -0.7562 -0.5881 0.2869
vn -0.7358 -0.6049 0.3044
vn -0.6891 -0.5975 0.4100
vn -0.7919 -0.5856 0.1734
vn -0.7657 -0.6238 0.1566
vn -0.6979 -0.6947 0.1742
vn -0.8444 -0.5352 0.0243
vn -0.8313 -0.5544 0.0410
vn -0.8090 -0.5669 0.1557
vn -0.4000 -0.8027 0.4423
vn -0.3685 -0.8297 0.4194
vn -0.2545 -0.8660 0.4305
vn -0.5111 -0.7487 0.4221
vn -0.5211 -0.7649 0.3786
vn -0.4679 -0.8352 0.2890
vn -0.6607 -0.6149 0.4305
vn -0.6383 -0.6489 0.4142
vn -0.5390 -0.7168 0.4424
vn -0.3980 -0.5669 0.7213
vn -0.3531 -0.5713 0.7409
vn -0.2840 -0.5352 0.7955
vn -0.4645 -0.5968 0.6542
vn -0.4405 -0.6350 0.6346
vn -0.3261 -0.6824 0.6542
vn -0.6028 -0.5975 0.5287
vn -0.5661 -0.6098 0.5547
vn -0.5065 -0.5881 0.6305
vn 0.6129 -0.7161 -0.3341
vn 0.6067 -0.7329 -0.3079
vn 0.5250 -0.8064 -0.2720
vn 0.6867 -0.6282 -0.3658
vn 0.7115 -0.6238 -0.3234
vn 0.7232 -0.6518 -0.2284
vn 0.7521 -0.4934 -0.4369
vn 0.7513 -0.5125 -0.4157
vn 0.6901 -0.6096 -0.3901
vn 0.5272 -0.8458 0.0817
vn 0.5446 -0.8297 0.1227
vn 0.5141 -0.8238 0.2388
vn 0.5484 -0.8352 -0.0412
vn 0.5875 -0.8082 -0.0412
vn 0.6616 -0.7487 0.0410
vn 0.5141 -0.8238 -0.2388
vn 0.5372 -0.8189 -0.2019
vn 0.5272 -0.8458 -0.0817
vn 0.2090 -0.9771 -0.0406
vn 0.1817 -0.9833 -0.0000
vn 0.0960 -0.9946 0.0398
vn 0.2956 -0.9518 -0.0813
vn 0.3229 -0.9456 -0.0408
vn 0.2956 -0.9518 0.0814
vn 0.4240 -0.8836 -0.1987
vn 0.4028 -0.9010 -0.1610
vn 0.3206 -0.9394 -0.1217
vn 0.0391 -0.5881 0.8078
vn 0.0622 -0.6049 0.7938
vn 0.1770 -0.5975 0.7821
vn -0.0798 -0.5856 0.8067
vn -0.0877 -0.6238 0.7766
vn -0.0499 -0.6947 0.7175
vn -0.2378 -0.5352 0.8105
vn -0.2179 -0.5544 0.8032
vn -0.1019 -0.5669 0.8175
vn 0.2971 -0.8027 0.5172
vn 0.2850 -0.8297 0.4800
vn 0.3307 -0.8660 0.3751
vn 0.2435 -0.7487 0.6165
vn 0.1991 -0.7649 0.6126
vn 0.1303 -0.8352 0.5343
vn 0.2052 -0.6149 0.7614
vn 0.1967 -0.6489 0.7351
vn 0.2541 -0.7168 0.6493
vn 0.5630 -0.5669 0.6014
vn 0.5956 -0.5713 0.5647
vn 0.6688 -0.5352 0.5159
vn 0.4787 -0.5968 0.6439
vn 0.4674 -0.6350 0.6150
vn 0.5215 -0.6824 0.5123
vn 0.3165 -0.5975 0.7367
vn 0.3526 -0.6098 0.7098
vn 0.4432 -0.5881 0.6766
vn 0.4049 -0.7747 0.4857
vn 0.4373 -0.7790 0.4493
vn 0.5219 -0.7487 0.4087
vn -0.0139 -0.7920 0.6104
vn -0.0260 -0.8189 0.5733
vn 0.0287 -0.8773 0.4791
vn -0.1820 -0.7487 0.6374
vn -0.1588 -0.7657 0.6233
vn -0.0421 -0.7747 0.6310
vn 0.4298 -0.8948 0.1207
vn 0.4028 -0.9010 0.1610
vn 0.3161 -0.9274 0.2002
vn 0.7424 -0.6650 -0.0811
vn 0.7598 -0.6489 -0.0401
vn 0.7424 -0.6650 0.0811
vn 0.8255 -0.5382 -0.1699
vn 0.8192 -0.5552 -0.1435
vn 0.7533 -0.6477 -0.1143
vn -0.3368 -0.7747 0.5352
vn -0.2922 -0.7790 0.5547
vn -0.2274 -0.7487 0.6227
vn -0.5848 -0.7920 0.1754
vn -0.5533 -0.8189 0.1525
vn -0.4468 -0.8773 0.1754
vn -0.6625 -0.7487 0.0238
vn -0.6419 -0.7657 0.0416
vn -0.6131 -0.7747 0.1550
vn -0.6131 -0.7747 -0.1549
vn -0.6179 -0.7790 -0.1065
vn -0.6625 -0.7487 -0.0238
vn -0.3475 -0.7920 -0.5020
vn -0.3160 -0.8189 -0.4791
vn -0.3049 -0.8773 -0.3707
vn -0.2274 -0.7487 -0.6227
vn -0.2379 -0.7657 -0.5976
vn -0.3368 -0.7747 -0.5352
vn -0.0421 -0.7747 -0.6310
vn -0.0896 -0.7790 -0.6205
vn -0.1820 -0.7487 -0.6374
vn 0.3700 -0.7920 -0.4856
vn 0.3580 -0.8189 -0.4485
vn 0.2584 -0.8773 -0.4045
vn 0.5219 -0.7487 -0.4087
vn 0.4948 -0.7657 -0.4109
vn 0.4049 -0.7747 -0.4857
vn 0.9162 -0.3841 -0.1143
vn 0.8960 -0.4286 -0.1160
vn 0.8506 -0.4977 -0.1699
vn 0.9924 -0.0232 0.1207
vn 0.9858 -0.0461 0.1618
vn 0.9660 -0.1613 0.2019
vn 0.9708 0.1320 0.2002
vn 0.9746 0.1002 0.2002
vn 0.9926 0.0157 0.1207
vn 0.3918 -0.3841 0.8360
vn 0.3872 -0.4286 0.8163
vn 0.4244 -0.4977 0.7564
vn 0.1919 -0.0232 0.9811
vn 0.1508 -0.0461 0.9875
vn 0.1065 -0.1613 0.9811
vn 0.1096 0.1320 0.9852
vn 0.1108 0.1002 0.9888
vn 0.1919 0.0157 0.9813
vn -0.6740 -0.3841 0.6310
vn -0.6567 -0.4286 0.6205
vn -0.5882 -0.4977 0.6374
vn -0.8738 -0.0232 0.4857
vn -0.8926 -0.0461 0.4485
vn -0.9002 -0.1613 0.4045
vn -0.9031 0.1320 0.4087
vn -0.9062 0.1002 0.4109
vn -0.8740 0.0157 0.4857
vn -0.8084 -0.3841 -0.4461
vn -0.7931 -0.4286 -0.4328
vn -0.7880 -0.4977 -0.3625
vn -0.7319 -0.0232 -0.6810
vn -0.7024 -0.0461 -0.7103
vn -0.6629 -0.1613 -0.7311
vn -0.6677 0.1320 -0.7326
vn -0.6708 0.1002 -0.7348
vn -0.7320 0.0157 -0.6811
vn 0.1744 -0.3841 -0.9067
vn 0.1665 -0.4286 -0.8880
vn 0.1012 -0.4977 -0.8614
vn 0.4215 -0.0232 -0.9065
vn 0.4585 -0.0461 -0.8875
vn 0.4905 -0.1613 -0.8564
vn 0.4904 0.1320 -0.8614
vn 0.4916 0.1002 -0.8651
vn 0.4216 0.0157 -0.9067
vn 0.9111 0.1786 0.3715
vn 0.9300 0.1547 0.3333
vn 0.9583 0.1570 0.2388
vn 0.6629 0.1612 0.7312
vn 0.6683 0.1143 0.7351
vn 0.7319 0.0232 0.6810
vn 0.5232 0.1570 0.8376
vn 0.5488 0.1439 0.8235
vn 0.6348 0.1786 0.7517
vn -0.0717 0.1786 0.9813
vn -0.0296 0.1547 0.9875
vn 0.0691 0.1570 0.9852
vn -0.4905 0.1612 0.8564
vn -0.4926 0.1143 0.8627
vn -0.4215 0.0232 0.9065
vn -0.6349 0.1570 0.7564
vn -0.6136 0.1439 0.7764
vn -0.5188 0.1786 0.8361
vn -0.9554 0.1786 0.2350
vn -0.9483 0.1547 0.2770
vn -0.9156 0.1570 0.3701
vn -0.9661 0.1612 -0.2019
vn -0.9727 0.1143 -0.2019
vn -0.9924 0.0232 -0.1207
vn -0.9156 0.1570 -0.3701
vn -0.9280 0.1439 -0.3436
vn -0.9554 0.1786 -0.2350
vn -0.5188 0.1786 -0.8360
vn -0.5565 0.1547 -0.8163
vn -0.6349 0.1570 -0.7564
vn -0.1065 0.1612 -0.9812
vn -0.1086 0.1143 -0.9875
vn -0.1919 0.0232 -0.9811
vn 0.0691 0.1570 -0.9852
vn 0.0401 0.1439 -0.9888
vn -0.0717 0.1786 -0.9813
vn 0.6348 0.1786 -0.7517
vn 0.6044 0.1547 -0.7815
vn 0.5232 0.1570 -0.8376
vn 0.9002 0.1612 -0.4045
vn 0.9056 0.1143 -0.4084
vn 0.8738 0.0232 -0.4857
vn 0.9583 0.1570 -0.2388
vn 0.9528 0.1439 -0.2674
vn 0.9111 0.1786 -0.3715
vn 0.6766 0.6477 0.3503
vn 0.7025 0.6098 0.3670
vn 0.7677 0.5382 0.3478
vn 0.3049 0.8773 0.3707
vn 0.2949 0.8611 0.4142
vn 0.3475 0.7919 0.5020
vn 0.1381 0.9274 0.3478
vn 0.1625 0.9165 0.3655
vn 0.2768 0.8948 0.3503
vn -0.1241 0.6477 0.7517
vn -0.1319 0.6098 0.7815
vn -0.0935 0.5382 0.8376
vn -0.2584 0.8773 0.4045
vn -0.3028 0.8611 0.4084
vn -0.3701 0.7919 0.4857
vn -0.2881 0.9274 0.2388
vn -0.2974 0.9165 0.2674
vn -0.2477 0.8948 0.3715
vn -0.7533 0.6477 0.1143
vn -0.7840 0.6098 0.1160
vn -0.8255 0.5382 0.1699
vn -0.4646 0.8773 -0.1207
vn -0.4820 0.8611 -0.1618
vn -0.5763 0.7920 -0.2019
vn -0.3161 0.9274 -0.2002
vn -0.3463 0.9165 -0.2002
vn -0.4298 0.8948 -0.1207
vn -0.3415 0.6477 -0.6811
vn -0.3526 0.6098 -0.7098
vn -0.4167 0.5382 -0.7326
vn -0.0287 0.8773 -0.4791
vn 0.0049 0.8611 -0.5084
vn 0.0139 0.7920 -0.6104
vn 0.0927 0.9274 -0.3625
vn 0.0834 0.9165 -0.3912
vn -0.0180 0.8948 -0.4461
vn 0.5423 0.6477 -0.5352
vn 0.5661 0.6098 -0.5547
vn 0.5680 0.5382 -0.6227
vn 0.4468 0.8773 -0.1754
vn 0.4850 0.8611 -0.1524
vn 0.5849 0.7920 -0.1754
vn 0.3734 0.9274 -0.0238
vn 0.3978 0.9165 -0.0416
vn 0.4187 0.8948 -0.1549
vn 0.8052 0.5925 -0.0242
vn 0.8313 0.5543 -0.0410
vn 0.8474 0.5081 -0.1541
vn 0.2258 0.5925 -0.7732
vn 0.2179 0.5543 -0.8033
vn 0.1153 0.5081 -0.8535
vn -0.6656 0.5925 -0.4537
vn -0.6966 0.5543 -0.4555
vn -0.7761 0.5081 -0.3734
vn -0.6372 0.5925 0.4928
vn -0.6484 0.5543 0.5218
vn -0.5950 0.5081 0.6228
vn 0.2718 0.5925 0.7583
vn 0.2958 0.5543 0.7779
vn 0.4084 0.5081 0.7583
vn 0.8149 -0.3049 -0.4928
vn 0.7858 -0.3321 -0.5217
vn 0.7206 -0.3049 -0.6228
vn -0.2169 -0.3049 -0.9273
vn -0.2534 -0.3321 -0.9086
vn -0.3696 -0.3049 -0.8777
vn -0.9490 -0.3049 -0.0803
vn -0.9424 -0.3321 -0.0398
vn -0.9490 -0.3049 0.0803
vn -0.3696 -0.3049 0.8777
vn -0.3291 -0.3321 0.8840
vn -0.2169 -0.3049 0.9273
vn 0.7205 -0.3049 0.6228
vn 0.7390 -0.3321 0.5861
vn 0.8149 -0.3049 0.4928
vn 0.6872 -0.3304 -0.6469
vn 0.6827 -0.3752 -0.6271
vn 0.6028 -0.4670 -0.6469
vn -0.4029 -0.3304 -0.8535
vn -0.3854 -0.3752 -0.8430
vn -0.4290 -0.4670 -0.7732
vn -0.9363 -0.3304 0.1195
vn -0.9209 -0.3752 0.1061
vn -0.8680 -0.4670 0.1691
vn -0.1757 -0.3304 0.9273
vn -0.1837 -0.3752 0.9086
vn -0.1074 -0.4670 0.8777
vn 0.8277 -0.3304 0.4537
vn 0.8073 -0.3752 0.4555
vn 0.8016 -0.4670 0.3734
vn 0.1232 -0.9852 -0.1194
vn 0.0763 -0.9914 -0.1061
vn -0.0295 -0.9852 -0.1691
vn -0.0755 -0.9852 -0.1541
vn -0.0773 -0.9914 -0.1053
vn -0.1699 -0.9852 -0.0242
vn -0.1699 -0.9852 0.0242
vn -0.1241 -0.9914 0.0410
vn -0.0755 -0.9852 0.1541
vn 0.7761 -0.5081 0.3734
vn 0.7513 -0.5125 0.4157
vn 0.6656 -0.5926 0.4537
vn -0.0295 -0.9852 0.1691
vn 0.0006 -0.9914 0.1307
vn 0.1232 -0.9852 0.1194
vn 0.1032 -0.9771 0.1862
vn 0.1324 -0.9802 0.1476
vn 0.1791 -0.9707 0.1599
vn 0.0562 -0.9833 0.1728
vn 0.0471 -0.9883 0.1448
vn 0.0763 -0.9914 0.1061
vn -0.0509 -0.9707 0.2347
vn -0.0204 -0.9802 0.1972
vn 0.0260 -0.9771 0.2113
vn 0.6901 -0.6096 0.3901
vn 0.6635 -0.6117 0.4307
vn 0.6301 -0.6479 0.4280
vn 0.7211 -0.5713 0.3919
vn 0.7232 -0.5522 0.4148
vn 0.6966 -0.5544 0.4555
vn 0.7966 -0.5207 0.3071
vn 0.7741 -0.5273 0.3504
vn 0.7460 -0.5669 0.3495
vn -0.1452 -0.9771 0.1557
vn -0.0994 -0.9802 0.1715
vn -0.0968 -0.9707 0.2198
vn -0.1470 -0.9833 0.1068
vn -0.1232 -0.9883 0.0895
vn -0.0773 -0.9914 0.1053
vn -0.2389 -0.9707 0.0241
vn -0.1938 -0.9802 0.0416
vn -0.1929 -0.9771 0.0900
vn -0.1929 -0.9771 -0.0900
vn -0.1938 -0.9802 -0.0416
vn -0.2389 -0.9707 -0.0241
vn -0.1470 -0.9833 -0.1068
vn -0.1232 -0.9883 -0.0895
vn -0.1241 -0.9914 -0.0410
vn -0.0967 -0.9707 -0.2198
vn -0.0994 -0.9802 -0.1715
vn -0.1452 -0.9771 -0.1557
vn 0.0260 -0.9771 -0.2113
vn -0.0204 -0.9802 -0.1972
vn -0.0509 -0.9707 -0.2347
vn 0.0562 -0.9834 -0.1728
vn 0.0471 -0.9883 -0.1448
vn 0.0006 -0.9914 -0.1306
vn 0.1791 -0.9707 -0.1599
vn 0.1324 -0.9802 -0.1475
vn 0.1032 -0.9771 -0.1862
vn 0.8406 -0.4137 0.3495
vn 0.8178 -0.4566 0.3504
vn 0.8219 -0.4797 0.3071
vn 0.8335 -0.3896 0.3919
vn 0.8173 -0.3999 0.4148
vn 0.7944 -0.4428 0.4157
vn 0.8612 -0.2739 0.4280
vn 0.8439 -0.3200 0.4307
vn 0.8538 -0.3447 0.3901
vn -0.0727 -0.4137 0.9075
vn -0.0806 -0.4566 0.8860
vn -0.0381 -0.4797 0.8766
vn -0.1152 -0.3896 0.9138
vn -0.1419 -0.3999 0.9055
vn -0.1498 -0.4428 0.8840
vn -0.1409 -0.2739 0.9514
vn -0.1489 -0.3200 0.9357
vn -0.1072 -0.3447 0.9326
vn -0.8855 -0.4137 0.2113
vn -0.8676 -0.4566 0.1972
vn -0.8455 -0.4797 0.2347
vn -0.9046 -0.3896 0.1728
vn -0.9050 -0.3999 0.1448
vn -0.8870 -0.4428 0.1307
vn -0.9484 -0.2739 0.1599
vn -0.9359 -0.3200 0.1476
vn -0.9201 -0.3447 0.1862
vn -0.4746 -0.4137 -0.7769
vn -0.4556 -0.4566 -0.7642
vn -0.4845 -0.4797 -0.7316
vn -0.4439 -0.3896 -0.8070
vn -0.4174 -0.3999 -0.8160
vn -0.3984 -0.4428 -0.8032
vn -0.4452 -0.2739 -0.8525
vn -0.4295 -0.3200 -0.8445
vn -0.4614 -0.3447 -0.8175
vn 0.5922 -0.4137 -0.6915
vn 0.5860 -0.4566 -0.6695
vn 0.5461 -0.4797 -0.6868
vn 0.6303 -0.3896 -0.6716
vn 0.6471 -0.3999 -0.6491
vn 0.6408 -0.4428 -0.6271
vn 0.6732 -0.2739 -0.6868
vn 0.6704 -0.3200 -0.6695
vn 0.6349 -0.3447 -0.6915
vn 0.8065 -0.2500 0.5358
vn 0.8220 -0.2763 0.4980
vn 0.8486 -0.2486 0.4670
vn 0.7773 -0.2772 0.5647
vn 0.7703 -0.3058 0.5596
vn 0.7858 -0.3321 0.5217
vn 0.7064 -0.2486 0.6627
vn 0.7276 -0.2763 0.6279
vn 0.7588 -0.2500 0.6014
vn -0.2603 -0.2500 0.9326
vn -0.2196 -0.2763 0.9357
vn -0.1819 -0.2486 0.9514
vn -0.2969 -0.2772 0.9138
vn -0.2942 -0.3058 0.9055
vn -0.2534 -0.3321 0.9086
vn -0.4120 -0.2486 0.8766
vn -0.3723 -0.2763 0.8860
vn -0.3375 -0.2500 0.9075
vn -0.9674 -0.2500 0.0406
vn -0.9577 -0.2763 0.0803
vn -0.9610 -0.2486 0.1209
vn -0.9608 -0.2772 -0.0000
vn -0.9521 -0.3058 -0.0000
vn -0.9424 -0.3321 0.0398
vn -0.9610 -0.2486 -0.1209
vn -0.9577 -0.2763 -0.0803
vn -0.9674 -0.2500 -0.0406
vn -0.3375 -0.2500 -0.9075
vn -0.3723 -0.2763 -0.8860
vn -0.4120 -0.2486 -0.8766
vn -0.2969 -0.2772 -0.9138
vn -0.2942 -0.3058 -0.9055
vn -0.3291 -0.3321 -0.8840
vn -0.1819 -0.2486 -0.9514
vn -0.2196 -0.2763 -0.9357
vn -0.2603 -0.2500 -0.9326
vn 0.7588 -0.2500 -0.6014
vn 0.7276 -0.2763 -0.6279
vn 0.7064 -0.2486 -0.6627
vn 0.7773 -0.2772 -0.5647
vn 0.7703 -0.3058 -0.5596
vn 0.7390 -0.3321 -0.5861
vn 0.8486 -0.2486 -0.4670
vn 0.8220 -0.2763 -0.4980
vn 0.8065 -0.2500 -0.5358
vn 0.3980 0.5669 0.7213
vn 0.4203 0.5273 0.7385
vn 0.4640 0.5207 0.7167
vn 0.3531 0.5713 0.7410
vn 0.3413 0.5522 0.7607
vn 0.3635 0.5125 0.7779
vn 0.2582 0.6478 0.7167
vn 0.2837 0.6117 0.7385
vn 0.3290 0.6095 0.7213
vn -0.5630 0.5669 0.6015
vn -0.5725 0.5273 0.6279
vn -0.5382 0.5207 0.6627
vn -0.5956 0.5713 0.5648
vn -0.6180 0.5522 0.5596
vn -0.6275 0.5125 0.5861
vn -0.6018 0.6478 0.4670
vn -0.6147 0.6117 0.4980
vn -0.5843 0.6095 0.5358
vn -0.7460 0.5669 -0.3495
vn -0.7741 0.5273 -0.3504
vn -0.7966 0.5207 -0.3071
vn -0.7212 0.5713 -0.3919
vn -0.7232 0.5522 -0.4148
vn -0.7514 0.5125 -0.4157
vn -0.6302 0.6478 -0.4280
vn -0.6636 0.6117 -0.4307
vn -0.6901 0.6095 -0.3901
vn 0.1019 0.5669 -0.8175
vn 0.0941 0.5273 -0.8445
vn 0.0459 0.5207 -0.8525
vn 0.1499 0.5713 -0.8070
vn 0.1710 0.5522 -0.8160
vn 0.1632 0.5125 -0.8430
vn 0.2124 0.6478 -0.7316
vn 0.2046 0.6117 -0.7642
vn 0.1578 0.6095 -0.7769
vn 0.8090 0.5669 -0.1557
vn 0.8322 0.5273 -0.1715
vn 0.8250 0.5207 -0.2198
vn 0.8138 0.5713 -0.1068
vn 0.8289 0.5522 -0.0895
vn 0.8522 0.5125 -0.1053
vn 0.7614 0.6478 -0.0241
vn 0.7900 0.6117 -0.0416
vn 0.7876 0.6095 -0.0900
vn 0.3533 0.9224 -0.1562
vn 0.3766 0.9100 -0.1732
vn 0.3739 0.9006 -0.2216
vn 0.3551 0.9286 -0.1075
vn 0.3969 0.9135 -0.0894
vn 0.4205 0.9010 -0.1065
vn 0.3071 0.9514 -0.0240
vn 0.3317 0.9424 -0.0419
vn 0.3309 0.9394 -0.0900
vn 0.5443 0.8027 -0.2438
vn 0.5801 0.7842 -0.2202
vn 0.6101 0.7545 -0.2420
vn 0.5128 0.8296 -0.2208
vn 0.5175 0.8374 -0.1761
vn 0.5533 0.8189 -0.1525
vn 0.4020 0.8831 -0.2420
vn 0.4420 0.8696 -0.2202
vn 0.4745 0.8458 -0.2438
vn 0.5065 0.5881 -0.6306
vn 0.5286 0.5488 -0.6477
vn 0.5174 0.5307 -0.6713
vn 0.5169 0.6049 -0.6057
vn 0.5565 0.5943 -0.5806
vn 0.5785 0.5552 -0.5976
vn 0.4769 0.6946 -0.5386
vn 0.5025 0.6584 -0.5604
vn 0.4930 0.6430 -0.5861
vn -0.0394 0.9224 -0.3842
vn -0.0483 0.9100 -0.4117
vn -0.0952 0.9006 -0.4241
vn 0.0074 0.9286 -0.3709
vn 0.0376 0.9135 -0.4051
vn 0.0286 0.9010 -0.4328
vn 0.0721 0.9514 -0.2995
vn 0.0627 0.9424 -0.3284
vn 0.0167 0.9394 -0.3425
vn -0.0636 0.8027 -0.5930
vn -0.0302 0.7842 -0.6197
vn -0.0416 0.7545 -0.6550
vn -0.0516 0.8296 -0.5559
vn -0.0075 0.8374 -0.5466
vn 0.0260 0.8189 -0.5733
vn -0.1059 0.8831 -0.4571
vn -0.0728 0.8696 -0.4884
vn -0.0852 0.8458 -0.5266
vn -0.4432 0.5881 -0.6766
vn -0.4526 0.5488 -0.7028
vn -0.4785 0.5307 -0.6995
vn -0.4163 0.6049 -0.6788
vn -0.3802 0.5943 -0.7087
vn -0.3896 0.5552 -0.7348
vn -0.3648 0.6946 -0.6200
vn -0.3777 0.6584 -0.6510
vn -0.4051 0.6430 -0.6499
vn -0.3776 0.9224 -0.0813
vn -0.4065 0.9100 -0.0813
vn -0.4328 0.9006 -0.0405
vn -0.3505 0.9286 -0.1217
vn -0.3737 0.9135 -0.1610
vn -0.4028 0.9010 -0.1610
vn -0.2625 0.9514 -0.1611
vn -0.2930 0.9424 -0.1611
vn -0.3206 0.9394 -0.1217
vn -0.5837 0.8027 -0.1227
vn -0.5987 0.7842 -0.1628
vn -0.6358 0.7545 -0.1628
vn -0.5446 0.8296 -0.1227
vn -0.5222 0.8374 -0.1617
vn -0.5372 0.8189 -0.2019
vn -0.4675 0.8831 -0.0405
vn -0.4870 0.8696 -0.0817
vn -0.5272 0.8458 -0.0817
vn -0.7804 0.5881 0.2124
vn -0.8083 0.5488 0.2133
vn -0.8132 0.5307 0.2389
vn -0.7742 0.6049 0.1862
vn -0.7915 0.5943 0.1426
vn -0.8193 0.5552 0.1435
vn -0.7024 0.6946 0.1554
vn -0.7359 0.6584 0.1581
vn -0.7433 0.6430 0.1844
vn -0.1940 0.9224 0.3340
vn -0.2029 0.9100 0.3615
vn -0.1723 0.9006 0.3991
vn -0.2240 0.9286 0.2957
vn -0.2686 0.9135 0.3056
vn -0.2776 0.9010 0.3333
vn -0.2344 0.9514 0.1999
vn -0.2438 0.9424 0.2289
vn -0.2148 0.9394 0.2673
vn -0.2971 0.8027 0.5172
vn -0.3399 0.7842 0.5191
vn -0.3513 0.7545 0.5544
vn -0.2850 0.8296 0.4801
vn -0.3152 0.8374 0.4466
vn -0.3580 0.8189 0.4486
vn -0.1830 0.8831 0.4321
vn -0.2282 0.8696 0.4380
vn -0.2406 0.8458 0.4761
vn -0.0392 0.5881 0.8079
vn -0.0469 0.5488 0.8347
vn -0.0240 0.5307 0.8472
vn -0.0622 0.6049 0.7939
vn -0.1090 0.5943 0.7968
vn -0.1167 0.5552 0.8235
vn -0.0693 0.6946 0.7160
vn -0.0771 0.6584 0.7487
vn -0.0543 0.6430 0.7639
vn 0.2577 0.9224 0.2877
vn 0.2811 0.9100 0.3047
vn 0.3263 0.9006 0.2872
vn 0.2120 0.9286 0.3044
vn 0.2077 0.9135 0.3499
vn 0.2312 0.9010 0.3670
vn 0.1177 0.9514 0.2847
vn 0.1423 0.9424 0.3026
vn 0.1878 0.9394 0.2869
vn 0.4001 0.8027 0.4424
vn 0.3887 0.7842 0.4837
vn 0.4187 0.7545 0.5055
vn 0.3685 0.8296 0.4194
vn 0.3274 0.8374 0.4378
vn 0.3160 0.8189 0.4791
vn 0.3544 0.8831 0.3075
vn 0.3460 0.8696 0.3524
vn 0.3785 0.8458 0.3760
vn 0.7562 0.5881 0.2869
vn 0.7793 0.5488 0.3026
vn 0.7983 0.5307 0.2847
vn 0.7358 0.6049 0.3044
vn 0.7242 0.5943 0.3499
vn 0.7471 0.5552 0.3655
vn 0.6596 0.6946 0.2872
vn 0.6883 0.6584 0.3047
vn 0.7098 0.6430 0.2877
vn 0.9118 0.2390 -0.3340
vn 0.9047 0.2255 -0.3615
vn 0.8826 0.2487 -0.3991
vn 0.9308 0.2149 -0.2957
vn 0.9372 0.1683 -0.3056
vn 0.9300 0.1547 -0.3333
vn 0.9557 0.2158 -0.1999
vn 0.9520 0.2034 -0.2289
vn 0.9363 0.2280 -0.2673
vn 0.8508 0.0932 -0.5172
vn 0.8534 0.0467 -0.5191
vn 0.8319 0.0231 -0.5544
vn 0.8695 0.1161 -0.4800
vn 0.8899 0.0925 -0.4466
vn 0.8926 0.0460 -0.4485
vn 0.8717 0.2313 -0.4320
vn 0.8798 0.1848 -0.4379
vn 0.8641 0.1631 -0.4761
vn 0.5435 0.2280 -0.8078
vn 0.5118 0.2034 -0.8346
vn 0.4855 0.2158 -0.8472
vn 0.5689 0.2149 -0.7939
vn 0.5803 0.1683 -0.7968
vn 0.5488 0.1439 -0.8235
vn 0.6523 0.2487 -0.7160
vn 0.6234 0.2255 -0.7487
vn 0.5994 0.2390 -0.7639
vn -0.0359 0.2390 -0.9704
vn -0.0642 0.2255 -0.9721
vn -0.1068 0.2487 -0.9627
vn 0.0064 0.2149 -0.9766
vn -0.0011 0.1683 -0.9857
vn -0.0296 0.1547 -0.9875
vn 0.1052 0.2158 -0.9707
vn 0.0765 0.2034 -0.9761
vn 0.0351 0.2280 -0.9730
vn -0.2290 0.0932 -0.9690
vn -0.2300 0.0467 -0.9721
vn -0.2702 0.0231 -0.9625
vn -0.1879 0.1161 -0.9753
vn -0.1498 0.0925 -0.9844
vn -0.1508 0.0460 -0.9875
vn -0.1415 0.2313 -0.9625
vn -0.1446 0.1848 -0.9721
vn -0.1858 0.1631 -0.9690
vn -0.6004 0.2280 -0.7665
vn -0.6356 0.2034 -0.7447
vn -0.6557 0.2158 -0.7235
vn -0.5792 0.2149 -0.7863
vn -0.5785 0.1683 -0.7981
vn -0.6136 0.1439 -0.7764
vn -0.4794 0.2487 -0.8416
vn -0.5195 0.2255 -0.8242
vn -0.5413 0.2390 -0.8061
vn -0.9340 0.2390 -0.2657
vn -0.9444 0.2255 -0.2393
vn -0.9486 0.2487 -0.1959
vn -0.9268 0.2149 -0.3079
vn -0.9378 0.1683 -0.3036
vn -0.9483 0.1547 -0.2770
vn -0.8907 0.2158 -0.4000
vn -0.9047 0.2034 -0.3744
vn -0.9146 0.2280 -0.3341
vn -0.9923 0.0932 -0.0817
vn -0.9956 0.0467 -0.0817
vn -0.9989 0.0231 -0.0405
vn -0.9856 0.1161 -0.1227
vn -0.9825 0.0925 -0.1617
vn -0.9858 0.0460 -0.1617
vn -0.9592 0.2313 -0.1628
vn -0.9692 0.1848 -0.1628
vn -0.9790 0.1631 -0.1227
vn -0.9146 0.2280 0.3341
vn -0.9047 0.2034 0.3744
vn -0.8907 0.2158 0.4000
vn -0.9268 0.2149 0.3079
vn -0.9378 0.1683 0.3036
vn -0.9280 0.1439 0.3437
vn -0.9486 0.2487 0.1959
vn -0.9444 0.2255 0.2393
vn -0.9340 0.2390 0.2657
vn -0.5413 0.2390 0.8061
vn -0.5195 0.2255 0.8242
vn -0.4794 0.2487 0.8416
vn -0.5792 0.2149 0.7863
vn -0.5785 0.1683 0.7981
vn -0.5565 0.1547 0.8163
vn -0.6557 0.2158 0.7235
vn -0.6356 0.2034 0.7447
vn -0.6004 0.2280 0.7666
vn -0.3843 0.0932 0.9185
vn -0.3853 0.0467 0.9216
vn -0.3472 0.0231 0.9375
vn -0.4213 0.1161 0.8995
vn -0.4574 0.0925 0.8844
vn -0.4585 0.0460 0.8875
vn -0.4513 0.2313 0.8619
vn -0.4544 0.1848 0.8714
vn -0.4192 0.1631 0.8931
vn 0.0351 0.2280 0.9730
vn 0.0765 0.2034 0.9761
vn 0.1052 0.2158 0.9707
vn 0.0064 0.2149 0.9766
vn -0.0011 0.1683 0.9857
vn 0.0401 0.1439 0.9888
vn -0.1068 0.2487 0.9627
vn -0.0642 0.2255 0.9721
vn -0.0359 0.2390 0.9704
vn 0.5994 0.2390 0.7639
vn 0.6233 0.2255 0.7487
vn 0.6523 0.2487 0.7160
vn 0.5689 0.2149 0.7939
vn 0.5803 0.1683 0.7968
vn 0.6044 0.1547 0.7815
vn 0.4855 0.2158 0.8472
vn 0.5118 0.2034 0.8347
vn 0.5435 0.2280 0.8079
vn 0.7548 0.0932 0.6493
vn 0.7574 0.0467 0.6513
vn 0.7843 0.0231 0.6199
vn 0.7252 0.1161 0.6786
vn 0.6998 0.0925 0.7084
vn 0.7024 0.0460 0.7103
vn 0.6803 0.2313 0.6955
vn 0.6884 0.1848 0.7014
vn 0.7198 0.1631 0.6747
vn 0.9363 0.2280 0.2673
vn 0.9520 0.2034 0.2289
vn 0.9557 0.2158 0.1999
vn 0.9308 0.2149 0.2957
vn 0.9372 0.1683 0.3056
vn 0.9528 0.1439 0.2674
vn 0.8826 0.2487 0.3991
vn 0.9047 0.2255 0.3615
vn 0.9118 0.2390 0.3340
vn 0.3844 0.0747 -0.9201
vn 0.3850 0.0434 -0.9219
vn 0.3473 0.0156 -0.9376
vn 0.4208 0.1018 -0.9014
vn 0.4572 0.0743 -0.8862
vn 0.4578 0.0427 -0.8880
vn 0.4525 0.1906 -0.8712
vn 0.4542 0.1594 -0.8765
vn 0.4197 0.1334 -0.8978
vn 0.4192 -0.1631 -0.8931
vn 0.4544 -0.1848 -0.8714
vn 0.4513 -0.2313 -0.8619
vn 0.4213 -0.1161 -0.8995
vn 0.4574 -0.0926 -0.8844
vn 0.4926 -0.1143 -0.8627
vn 0.3472 -0.0232 -0.9375
vn 0.3853 -0.0468 -0.9216
vn 0.3843 -0.0933 -0.9185
vn 0.0684 -0.4350 -0.8978
vn 0.0605 -0.4776 -0.8765
vn 0.0318 -0.4900 -0.8712
vn 0.0971 -0.4220 -0.9014
vn 0.1380 -0.4422 -0.8862
vn 0.1302 -0.4845 -0.8650
vn 0.1413 -0.3176 -0.9376
vn 0.1334 -0.3638 -0.9219
vn 0.1051 -0.3773 -0.9201
vn -0.7563 0.0747 -0.6499
vn -0.7578 0.0434 -0.6510
vn -0.7844 0.0156 -0.6200
vn -0.7272 0.1018 -0.6788
vn -0.7016 0.0743 -0.7087
vn -0.7031 0.0427 -0.7098
vn -0.6887 0.1906 -0.6995
vn -0.6933 0.1594 -0.7028
vn -0.7242 0.1334 -0.6766
vn -0.7199 -0.1631 -0.6747
vn -0.6884 -0.1848 -0.7014
vn -0.6803 -0.2313 -0.6955
vn -0.7253 -0.1161 -0.6786
vn -0.6998 -0.0926 -0.7083
vn -0.6683 -0.1143 -0.7351
vn -0.7843 -0.0232 -0.6199
vn -0.7574 -0.0468 -0.6513
vn -0.7548 -0.0933 -0.6493
vn -0.8327 -0.4350 -0.3425
vn -0.8149 -0.4776 -0.3284
vn -0.8187 -0.4900 -0.2995
vn -0.8273 -0.4220 -0.3709
vn -0.8002 -0.4422 -0.4051
vn -0.7825 -0.4845 -0.3912
vn -0.8481 -0.3176 -0.4241
vn -0.8356 -0.3638 -0.4117
vn -0.8426 -0.3773 -0.3842
vn -0.8518 0.0747 0.5184
vn -0.8534 0.0434 0.5195
vn -0.8321 0.0156 0.5545
vn -0.8703 0.1018 0.4819
vn -0.8908 0.0743 0.4482
vn -0.8923 0.0427 0.4493
vn -0.8781 0.1906 0.4388
vn -0.8827 0.1594 0.4421
vn -0.8672 0.1334 0.4797
vn -0.8641 -0.1631 0.4761
vn -0.8798 -0.1848 0.4380
vn -0.8717 -0.2313 0.4321
vn -0.8695 -0.1161 0.4800
vn -0.8899 -0.0926 0.4466
vn -0.9056 -0.1143 0.4084
vn -0.8319 -0.0232 0.5544
vn -0.8534 -0.0468 0.5191
vn -0.8508 -0.0933 0.5172
vn -0.5830 -0.4350 0.6862
vn -0.5642 -0.4776 0.6735
vn -0.5378 -0.4900 0.6861
vn -0.6084 -0.4220 0.6722
vn -0.6326 -0.4422 0.6359
vn -0.6138 -0.4845 0.6233
vn -0.6654 -0.3176 0.6755
vn -0.6498 -0.3638 0.6674
vn -0.6258 -0.3773 0.6826
vn 0.2298 0.0747 0.9704
vn 0.2304 0.0434 0.9721
vn 0.2702 0.0156 0.9627
vn 0.1894 0.1018 0.9766
vn 0.1510 0.0743 0.9857
vn 0.1516 0.0427 0.9875
vn 0.1460 0.1906 0.9707
vn 0.1477 0.1594 0.9761
vn 0.1882 0.1334 0.9730
vn 0.1858 -0.1631 0.9690
vn 0.1446 -0.1848 0.9721
vn 0.1415 -0.2313 0.9625
vn 0.1879 -0.1161 0.9753
vn 0.1498 -0.0926 0.9844
vn 0.1086 -0.1143 0.9875
vn 0.2702 -0.0232 0.9625
vn 0.2300 -0.0468 0.9721
vn 0.2289 -0.0933 0.9690
vn 0.4724 -0.4350 0.7665
vn 0.4662 -0.4776 0.7447
vn 0.4863 -0.4900 0.7235
vn 0.4513 -0.4220 0.7863
vn 0.4093 -0.4422 0.7981
vn 0.4031 -0.4845 0.7764
vn 0.4368 -0.3176 0.8416
vn 0.4340 -0.3638 0.8242
vn 0.4558 -0.3773 0.8061
vn 0.9939 0.0747 0.0813
vn 0.9957 0.0434 0.0813
vn 0.9991 0.0156 0.0405
vn 0.9873 0.1018 0.1217
vn 0.9842 0.0743 0.1610
vn 0.9860 0.0427 0.1610
vn 0.9684 0.1906 0.1611
vn 0.9740 0.1594 0.1611
vn 0.9836 0.1334 0.1217
vn 0.9789 -0.1631 0.1227
vn 0.9692 -0.1848 0.1628
vn 0.9592 -0.2313 0.1628
vn 0.9856 -0.1161 0.1227
vn 0.9825 -0.0926 0.1618
vn 0.9727 -0.1143 0.2019
vn 0.9989 -0.0232 0.0405
vn 0.9956 -0.0468 0.0817
vn 0.9923 -0.0933 0.0817
vn 0.8750 -0.4350 -0.2124
vn 0.8523 -0.4776 -0.2133
vn 0.8384 -0.4900 -0.2389
vn 0.8873 -0.4220 -0.1862
vn 0.8855 -0.4422 -0.1426
vn 0.8629 -0.4845 -0.1435
vn 0.9354 -0.3176 -0.1554
vn 0.9180 -0.3638 -0.1580
vn 0.9075 -0.3773 -0.1844
vn 0.4478 -0.7285 -0.5184
vn 0.4204 -0.7439 -0.5195
vn 0.3861 -0.7372 -0.5544
vn 0.4803 -0.7329 -0.4819
vn 0.4648 -0.7636 -0.4482
vn 0.4373 -0.7790 -0.4493
vn 0.5632 -0.7002 -0.4388
vn 0.5373 -0.7182 -0.4421
vn 0.5071 -0.7161 -0.4797
vn 0.2406 -0.8458 -0.4761
vn 0.2282 -0.8696 -0.4379
vn 0.1830 -0.8831 -0.4320
vn 0.2850 -0.8297 -0.4800
vn 0.3152 -0.8374 -0.4466
vn 0.3028 -0.8611 -0.4084
vn 0.3513 -0.7545 -0.5544
vn 0.3399 -0.7843 -0.5191
vn 0.2971 -0.8027 -0.5172
vn -0.1283 -0.7161 -0.6861
vn -0.1748 -0.7182 -0.6735
vn -0.1977 -0.7002 -0.6861
vn -0.1053 -0.7329 -0.6722
vn -0.1126 -0.7636 -0.6358
vn -0.1588 -0.7657 -0.6233
vn 0.0135 -0.7372 -0.6755
vn -0.0348 -0.7439 -0.6674
vn -0.0576 -0.7285 -0.6826
vn -0.3547 -0.7285 -0.5861
vn -0.3642 -0.7439 -0.5604
vn -0.4080 -0.7372 -0.5385
vn -0.3099 -0.7329 -0.6057
vn -0.2827 -0.7636 -0.5806
vn -0.2922 -0.7790 -0.5547
vn -0.2433 -0.7002 -0.6712
vn -0.2545 -0.7182 -0.6476
vn -0.2995 -0.7161 -0.6305
vn -0.3785 -0.8458 -0.3759
vn -0.3460 -0.8696 -0.3523
vn -0.3544 -0.8831 -0.3075
vn -0.3685 -0.8297 -0.4194
vn -0.3274 -0.8374 -0.4378
vn -0.2949 -0.8611 -0.4142
vn -0.4187 -0.7545 -0.5054
vn -0.3887 -0.7843 -0.4836
vn -0.4000 -0.8027 -0.4423
vn -0.6922 -0.7160 -0.0900
vn -0.6946 -0.7182 -0.0419
vn -0.7136 -0.7002 -0.0240
vn -0.6718 -0.7329 -0.1075
vn -0.6395 -0.7636 -0.0894
vn -0.6419 -0.7657 -0.0416
vn -0.6383 -0.7372 -0.2216
vn -0.6455 -0.7439 -0.1732
vn -0.6670 -0.7285 -0.1562
vn -0.6670 -0.7285 0.1562
vn -0.6455 -0.7439 0.1732
vn -0.6383 -0.7372 0.2216
vn -0.6718 -0.7329 0.1075
vn -0.6395 -0.7636 0.0894
vn -0.6179 -0.7790 0.1065
vn -0.7136 -0.7002 0.0240
vn -0.6946 -0.7182 0.0419
vn -0.6922 -0.7160 0.0900
vn -0.4745 -0.8458 0.2438
vn -0.4420 -0.8696 0.2202
vn -0.4020 -0.8831 0.2420
vn -0.5127 -0.8297 0.2208
vn -0.5175 -0.8374 0.1761
vn -0.4850 -0.8611 0.1525
vn -0.6101 -0.7545 0.2420
vn -0.5801 -0.7842 0.2202
vn -0.5443 -0.8027 0.2438
vn -0.2995 -0.7161 0.6305
vn -0.2545 -0.7182 0.6476
vn -0.2433 -0.7002 0.6712
vn -0.3099 -0.7329 0.6057
vn -0.2826 -0.7636 0.5806
vn -0.2379 -0.7657 0.5976
vn -0.4080 -0.7372 0.5385
vn -0.3642 -0.7439 0.5604
vn -0.3547 -0.7285 0.5861
vn 0.7433 -0.6430 -0.1844
vn 0.7359 -0.6584 -0.1580
vn 0.7024 -0.6946 -0.1554
vn 0.7742 -0.6049 -0.1862
vn 0.7915 -0.5943 -0.1426
vn 0.7840 -0.6098 -0.1160
vn 0.8131 -0.5308 -0.2389
vn 0.8083 -0.5488 -0.2133
vn 0.7804 -0.5881 -0.2124
vn 0.6961 -0.7168 0.0411
vn 0.7111 -0.6984 0.0811
vn 0.6915 -0.7119 0.1223
vn 0.7135 -0.7006 -0.0000
vn 0.7448 -0.6673 -0.0000
vn 0.7598 -0.6489 0.0401
vn 0.6915 -0.7119 -0.1223
vn 0.7111 -0.6984 -0.0811
vn 0.6961 -0.7168 -0.0410
vn 0.3206 -0.9394 0.1217
vn 0.2930 -0.9424 0.1611
vn 0.2625 -0.9514 0.1611
vn 0.3504 -0.9286 0.1217
vn 0.3737 -0.9135 0.1610
vn 0.3462 -0.9165 0.2002
vn 0.4328 -0.9006 0.0405
vn 0.4065 -0.9100 0.0813
vn 0.3776 -0.9224 0.0813
vn -0.0576 -0.7285 0.6826
vn -0.0348 -0.7439 0.6674
vn 0.0135 -0.7372 0.6755
vn -0.1053 -0.7329 0.6722
vn -0.1126 -0.7636 0.6358
vn -0.0896 -0.7790 0.6205
vn -0.1977 -0.7002 0.6861
vn -0.1748 -0.7182 0.6735
vn -0.1283 -0.7160 0.6862
vn 0.0852 -0.8458 0.5266
vn 0.0728 -0.8696 0.4884
vn 0.1059 -0.8831 0.4571
vn 0.0516 -0.8297 0.5559
vn 0.0075 -0.8374 0.5466
vn -0.0049 -0.8611 0.5084
vn 0.0416 -0.7545 0.6550
vn 0.0302 -0.7842 0.6197
vn 0.0636 -0.8027 0.5930
vn 0.5071 -0.7161 0.4797
vn 0.5373 -0.7182 0.4421
vn 0.5632 -0.7002 0.4388
vn 0.4803 -0.7329 0.4819
vn 0.4648 -0.7636 0.4482
vn 0.4948 -0.7657 0.4109
vn 0.3861 -0.7372 0.5544
vn 0.4204 -0.7439 0.5195
vn 0.4478 -0.7285 0.5184
vn 0.4167 -0.5382 0.7326
vn 0.4526 -0.5488 0.7028
vn 0.4785 -0.5308 0.6995
vn 0.3896 -0.5552 0.7348
vn 0.3802 -0.5943 0.7087
vn 0.4163 -0.6049 0.6788
vn 0.2906 -0.5453 0.7863
vn 0.3259 -0.5587 0.7627
vn 0.3537 -0.5430 0.7616
vn 0.5601 -0.6282 0.5401
vn 0.5472 -0.6645 0.5090
vn 0.5775 -0.6666 0.4713
vn 0.5275 -0.6238 0.5767
vn 0.5018 -0.6417 0.5800
vn 0.4889 -0.6780 0.5489
vn 0.5139 -0.5395 0.6670
vn 0.5044 -0.5789 0.6406
vn 0.5387 -0.5856 0.6057
vn 0.6479 -0.4934 0.5803
vn 0.6784 -0.4955 0.5424
vn 0.6966 -0.4767 0.5361
vn 0.6275 -0.5125 0.5861
vn 0.6180 -0.5522 0.5596
vn 0.6484 -0.5544 0.5217
vn 0.5382 -0.5207 0.6627
vn 0.5725 -0.5273 0.6279
vn 0.5950 -0.5081 0.6228
vn 0.3066 -0.6650 0.6810
vn 0.2969 -0.6984 0.6512
vn 0.3300 -0.7119 0.6199
vn 0.2730 -0.6489 0.7103
vn 0.2302 -0.6673 0.7083
vn 0.2205 -0.7006 0.6786
vn 0.2554 -0.5628 0.7861
vn 0.2480 -0.5965 0.7633
vn 0.2815 -0.6149 0.7366
vn 0.2086 -0.8352 0.5089
vn 0.1634 -0.8487 0.5030
vn 0.1510 -0.8724 0.4648
vn 0.2207 -0.8082 0.5460
vn 0.1876 -0.7947 0.5773
vn 0.1424 -0.8082 0.5714
vn 0.3194 -0.7438 0.5871
vn 0.2766 -0.7623 0.5852
vn 0.2651 -0.7920 0.5499
vn 0.3860 -0.8238 0.4152
vn 0.3735 -0.8475 0.3770
vn 0.3990 -0.8498 0.3444
vn 0.3580 -0.8189 0.4485
vn 0.3152 -0.8374 0.4466
vn 0.3028 -0.8611 0.4084
vn 0.3513 -0.7545 0.5544
vn 0.3399 -0.7843 0.5191
vn 0.3700 -0.7920 0.4856
vn -0.1153 -0.5081 0.8535
vn -0.0941 -0.5273 0.8445
vn -0.0459 -0.5207 0.8525
vn -0.1632 -0.5125 0.8430
vn -0.1710 -0.5522 0.8160
vn -0.1499 -0.5713 0.8070
vn -0.2484 -0.4767 0.8432
vn -0.2300 -0.4955 0.8376
vn -0.1831 -0.4934 0.8503
vn 0.0062 -0.6518 0.7584
vn -0.0016 -0.6881 0.7256
vn 0.0212 -0.7034 0.7105
vn -0.0167 -0.6350 0.7723
vn -0.0650 -0.6417 0.7642
vn -0.0729 -0.6780 0.7315
vn -0.0237 -0.5395 0.8417
vn -0.0315 -0.5789 0.8148
vn -0.0088 -0.5968 0.8023
vn 0.1615 -0.5430 0.8240
vn 0.1847 -0.5587 0.8086
vn 0.2270 -0.5453 0.8069
vn 0.1167 -0.5552 0.8235
vn 0.1090 -0.5943 0.7968
vn 0.1319 -0.6098 0.7815
vn 0.0240 -0.5308 0.8472
vn 0.0469 -0.5488 0.8346
vn 0.0935 -0.5382 0.8376
vn 0.3161 -0.9274 -0.2002
vn 0.2930 -0.9424 -0.1611
vn 0.2625 -0.9514 -0.1611
vn 0.3462 -0.9165 -0.2002
vn 0.3737 -0.9135 -0.1610
vn 0.3504 -0.9286 -0.1217
vn 0.4158 -0.8675 -0.2730
vn 0.3968 -0.8866 -0.2376
vn 0.3674 -0.8992 -0.2376
vn 0.2391 -0.9701 0.0406
vn 0.2654 -0.9607 0.0814
vn 0.2377 -0.9638 0.1209
vn 0.2664 -0.9639 -0.0000
vn 0.2965 -0.9550 -0.0000
vn 0.3229 -0.9456 0.0408
vn 0.2377 -0.9638 -0.1209
vn 0.2654 -0.9607 -0.0813
vn 0.2391 -0.9702 -0.0406
vn 0.0960 -0.9946 -0.0398
vn 0.0682 -0.9977 -0.0000
vn 0.0413 -0.9991 -0.0000
vn 0.1244 -0.9914 -0.0398
vn 0.1523 -0.9883 -0.0000
vn 0.1245 -0.9914 0.0398
vn 0.2075 -0.9707 -0.1209
vn 0.1812 -0.9802 -0.0803
vn 0.1517 -0.9852 -0.0803
vn 0.4645 -0.8773 -0.1207
vn 0.4870 -0.8696 -0.0817
vn 0.4674 -0.8831 -0.0405
vn 0.4820 -0.8611 -0.1617
vn 0.5222 -0.8374 -0.1617
vn 0.5446 -0.8297 -0.1227
vn 0.4508 -0.8498 -0.2730
vn 0.4740 -0.8476 -0.2388
vn 0.4589 -0.8660 -0.1986
vn 0.6049 -0.7920 0.0822
vn 0.6420 -0.7623 0.0822
vn 0.6571 -0.7438 0.1223
vn 0.5875 -0.8082 0.0412
vn 0.6070 -0.7947 -0.0000
vn 0.6442 -0.7649 -0.0000
vn 0.4887 -0.8724 -0.0000
vn 0.5289 -0.8487 -0.0000
vn 0.5484 -0.8352 0.0412
vn 0.4589 -0.8660 0.1987
vn 0.4740 -0.8475 0.2388
vn 0.4508 -0.8498 0.2730
vn 0.4820 -0.8611 0.1618
vn 0.5222 -0.8374 0.1618
vn 0.5372 -0.8189 0.2019
vn 0.4674 -0.8831 0.0405
vn 0.4870 -0.8696 0.0817
vn 0.4645 -0.8773 0.1207
vn 0.6656 -0.5926 -0.4537
vn 0.6635 -0.6117 -0.4307
vn 0.6301 -0.6479 -0.4280
vn 0.6966 -0.5544 -0.4555
vn 0.7232 -0.5522 -0.4148
vn 0.7211 -0.5713 -0.3919
vn 0.7252 -0.4767 -0.4968
vn 0.7255 -0.4956 -0.4776
vn 0.6974 -0.5352 -0.4767
vn 0.6670 -0.6947 -0.2692
vn 0.6896 -0.6881 -0.2257
vn 0.6822 -0.7034 -0.1994
vn 0.6731 -0.6780 -0.2953
vn 0.7067 -0.6417 -0.2980
vn 0.7293 -0.6351 -0.2545
vn 0.6267 -0.6666 -0.4036
vn 0.6532 -0.6645 -0.3631
vn 0.6484 -0.6824 -0.3376
vn 0.5065 -0.7929 -0.3387
vn 0.4989 -0.8086 -0.3119
vn 0.4618 -0.8324 -0.3064
vn 0.5437 -0.7657 -0.3436
vn 0.5699 -0.7636 -0.3036
vn 0.5625 -0.7790 -0.2770
vn 0.5914 -0.7002 -0.4000
vn 0.5865 -0.7182 -0.3744
vn 0.5500 -0.7487 -0.3701
vn -0.5680 -0.5382 0.6227
vn -0.5286 -0.5488 0.6476
vn -0.5174 -0.5308 0.6713
vn -0.5785 -0.5552 0.5976
vn -0.5565 -0.5943 0.5806
vn -0.5169 -0.6049 0.6057
vn -0.6580 -0.5453 0.5194
vn -0.6247 -0.5587 0.5456
vn -0.6150 -0.5430 0.5718
vn -0.3405 -0.6282 0.6995
vn -0.3150 -0.6645 0.6777
vn -0.2698 -0.6666 0.6949
vn -0.3855 -0.6238 0.6799
vn -0.3966 -0.6417 0.6565
vn -0.3710 -0.6780 0.6346
vn -0.4756 -0.5395 0.6949
vn -0.4534 -0.5789 0.6777
vn -0.4096 -0.5856 0.6995
vn -0.3517 -0.4934 0.7955
vn -0.3062 -0.4955 0.8128
vn -0.2946 -0.4767 0.8282
vn -0.3635 -0.5125 0.7779
vn -0.3413 -0.5522 0.7607
vn -0.2958 -0.5544 0.7779
vn -0.4640 -0.5207 0.7167
vn -0.4203 -0.5273 0.7385
vn -0.4084 -0.5081 0.7583
vn -0.5529 -0.6650 0.5020
vn -0.5276 -0.6984 0.4836
vn -0.4876 -0.7119 0.5054
vn -0.5912 -0.6489 0.4791
vn -0.6025 -0.6673 0.4378
vn -0.5773 -0.7006 0.4194
vn -0.6687 -0.5628 0.4859
vn -0.6493 -0.5965 0.4718
vn -0.6136 -0.6149 0.4954
vn -0.4195 -0.8352 0.3557
vn -0.4278 -0.8487 0.3109
vn -0.3954 -0.8724 0.2873
vn -0.4511 -0.8082 0.3786
vn -0.4911 -0.7947 0.3568
vn -0.4995 -0.8082 0.3120
vn -0.4597 -0.7438 0.4852
vn -0.4711 -0.7623 0.4439
vn -0.4411 -0.7920 0.4221
vn -0.2756 -0.8238 0.4954
vn -0.2431 -0.8475 0.4718
vn -0.2043 -0.8498 0.4859
vn -0.3160 -0.8189 0.4791
vn -0.3274 -0.8374 0.4378
vn -0.2949 -0.8611 0.4142
vn -0.4187 -0.7545 0.5054
vn -0.3887 -0.7842 0.4836
vn -0.3475 -0.7920 0.5020
vn -0.8474 -0.5081 0.1541
vn -0.8322 -0.5273 0.1715
vn -0.8250 -0.5207 0.2198
vn -0.8522 -0.5125 0.1053
vn -0.8289 -0.5522 0.0895
vn -0.8138 -0.5713 0.1068
vn -0.8787 -0.4767 0.0243
vn -0.8677 -0.4955 0.0401
vn -0.8653 -0.4934 0.0886
vn -0.7193 -0.6518 0.2403
vn -0.6906 -0.6881 0.2227
vn -0.6692 -0.7034 0.2397
vn -0.7396 -0.6350 0.2228
vn -0.7469 -0.6417 0.1743
vn -0.7182 -0.6780 0.1567
vn -0.8078 -0.5395 0.2376
vn -0.7846 -0.5789 0.2218
vn -0.7658 -0.5968 0.2396
vn -0.7338 -0.5430 0.4082
vn -0.7119 -0.5587 0.4255
vn -0.6973 -0.5453 0.4653
vn -0.7471 -0.5552 0.3655
vn -0.7242 -0.5943 0.3499
vn -0.7025 -0.6098 0.3670
vn -0.7983 -0.5308 0.2847
vn -0.7793 -0.5488 0.3026
vn -0.7677 -0.5382 0.3478
vn -0.7677 -0.5382 -0.3477
vn -0.7793 -0.5488 -0.3025
vn -0.7983 -0.5308 -0.2847
vn -0.7471 -0.5552 -0.3655
vn -0.7242 -0.5943 -0.3499
vn -0.7358 -0.6049 -0.3044
vn -0.6973 -0.5453 -0.4653
vn -0.7119 -0.5587 -0.4255
vn -0.7338 -0.5430 -0.4082
vn -0.7705 -0.6282 -0.1077
vn -0.7419 -0.6645 -0.0902
vn -0.7442 -0.6666 -0.0419
vn -0.7657 -0.6238 -0.1566
vn -0.7469 -0.6417 -0.1743
vn -0.7182 -0.6780 -0.1567
vn -0.8078 -0.5395 -0.2376
vn -0.7846 -0.5789 -0.2218
vn -0.7919 -0.5856 -0.1734
vn -0.8653 -0.4934 -0.0886
vn -0.8677 -0.4955 -0.0401
vn -0.8787 -0.4767 -0.0243
vn -0.8522 -0.5125 -0.1053
vn -0.8289 -0.5522 -0.0895
vn -0.8313 -0.5544 -0.0410
vn -0.8250 -0.5207 -0.2198
vn -0.8322 -0.5273 -0.1715
vn -0.8474 -0.5081 -0.1541
vn -0.6483 -0.6650 -0.3707
vn -0.6230 -0.6984 -0.3523
vn -0.6314 -0.7119 -0.3075
vn -0.6383 -0.6489 -0.4142
vn -0.6025 -0.6673 -0.4378
vn -0.5773 -0.7006 -0.4194
vn -0.6687 -0.5628 -0.4859
vn -0.6493 -0.5965 -0.4718
vn -0.6607 -0.6149 -0.4305
vn -0.4679 -0.8352 -0.2890
vn -0.4278 -0.8487 -0.3108
vn -0.3954 -0.8724 -0.2873
vn -0.4995 -0.8082 -0.3120
vn -0.4911 -0.7947 -0.3568
vn -0.4511 -0.8082 -0.3786
vn -0.6035 -0.7438 -0.2873
vn -0.5678 -0.7623 -0.3108
vn -0.5377 -0.7920 -0.2890
vn -0.5563 -0.8238 -0.1090
vn -0.5238 -0.8476 -0.0854
vn -0.5252 -0.8498 -0.0441
vn -0.5533 -0.8189 -0.1524
vn -0.5175 -0.8374 -0.1760
vn -0.4850 -0.8611 -0.1524
vn -0.6101 -0.7545 -0.2420
vn -0.5801 -0.7842 -0.2202
vn -0.5848 -0.7920 -0.1754
vn -0.4084 -0.5081 -0.7583
vn -0.4203 -0.5273 -0.7385
vn -0.4640 -0.5207 -0.7167
vn -0.3635 -0.5125 -0.7779
vn -0.3413 -0.5522 -0.7607
vn -0.3531 -0.5713 -0.7409
vn -0.2946 -0.4767 -0.8282
vn -0.3062 -0.4956 -0.8128
vn -0.3517 -0.4934 -0.7955
vn -0.4508 -0.6518 -0.6099
vn -0.4252 -0.6881 -0.5880
vn -0.4347 -0.7034 -0.5623
vn -0.4405 -0.6351 -0.6346
vn -0.3966 -0.6417 -0.6565
vn -0.3710 -0.6780 -0.6346
vn -0.4756 -0.5395 -0.6948
vn -0.4534 -0.5789 -0.6777
vn -0.4645 -0.5968 -0.6542
vn -0.6150 -0.5430 -0.5717
vn -0.6247 -0.5587 -0.5456
vn -0.6580 -0.5453 -0.5193
vn -0.5785 -0.5552 -0.5976
vn -0.5565 -0.5943 -0.5806
vn -0.5661 -0.6098 -0.5547
vn -0.5174 -0.5308 -0.6712
vn -0.5286 -0.5488 -0.6476
vn -0.5680 -0.5382 -0.6227
vn 0.0935 -0.5382 -0.8376
vn 0.0469 -0.5488 -0.8346
vn 0.0240 -0.5308 -0.8472
vn 0.1167 -0.5552 -0.8235
vn 0.1090 -0.5943 -0.7968
vn 0.0622 -0.6049 -0.7938
vn 0.2270 -0.5453 -0.8069
vn 0.1847 -0.5587 -0.8086
vn 0.1615 -0.5431 -0.8240
vn -0.1357 -0.6282 -0.7661
vn -0.1435 -0.6645 -0.7334
vn -0.1901 -0.6666 -0.7207
vn -0.0877 -0.6238 -0.7766
vn -0.0650 -0.6417 -0.7642
vn -0.0729 -0.6780 -0.7315
vn -0.0237 -0.5395 -0.8417
vn -0.0315 -0.5789 -0.8148
vn -0.0798 -0.5856 -0.8067
vn -0.1831 -0.4934 -0.8503
vn -0.2300 -0.4956 -0.8376
vn -0.2484 -0.4767 -0.8432
vn -0.1632 -0.5125 -0.8430
vn -0.1710 -0.5522 -0.8160
vn -0.2179 -0.5544 -0.8032
vn -0.0459 -0.5207 -0.8525
vn -0.0941 -0.5273 -0.8445
vn -0.1153 -0.5081 -0.8535
vn 0.1522 -0.6650 -0.7311
vn 0.1426 -0.6984 -0.7014
vn 0.0974 -0.7119 -0.6955
vn 0.1967 -0.6489 -0.7351
vn 0.2302 -0.6673 -0.7083
vn 0.2205 -0.7006 -0.6786
vn 0.2554 -0.5628 -0.7861
vn 0.2480 -0.5965 -0.7633
vn 0.2052 -0.6149 -0.7614
vn 0.1303 -0.8352 -0.5343
vn 0.1634 -0.8487 -0.5030
vn 0.1510 -0.8724 -0.4648
vn 0.1424 -0.8082 -0.5714
vn 0.1876 -0.7947 -0.5773
vn 0.2207 -0.8082 -0.5460
vn 0.0867 -0.7438 -0.6627
vn 0.1202 -0.7623 -0.6360
vn 0.1087 -0.7920 -0.6007
vn -0.0682 -0.8238 -0.5627
vn -0.0806 -0.8476 -0.5246
vn -0.1203 -0.8498 -0.5131
vn -0.0260 -0.8189 -0.5733
vn 0.0075 -0.8374 -0.5466
vn -0.0049 -0.8611 -0.5084
vn 0.0416 -0.7545 -0.6550
vn 0.0302 -0.7843 -0.6197
vn -0.0139 -0.7920 -0.6104
vn 0.5950 -0.5081 -0.6227
vn 0.5725 -0.5273 -0.6279
vn 0.5382 -0.5207 -0.6627
vn 0.6275 -0.5125 -0.5861
vn 0.6180 -0.5522 -0.5596
vn 0.5956 -0.5713 -0.5647
vn 0.6966 -0.4767 -0.5361
vn 0.6784 -0.4956 -0.5424
vn 0.6479 -0.4934 -0.5803
vn 0.4407 -0.6518 -0.6172
vn 0.4278 -0.6881 -0.5861
vn 0.4005 -0.7034 -0.5872
vn 0.4674 -0.6351 -0.6150
vn 0.5018 -0.6417 -0.5800
vn 0.4889 -0.6780 -0.5489
vn 0.5139 -0.5395 -0.6670
vn 0.5044 -0.5789 -0.6406
vn 0.4787 -0.5968 -0.6439
vn 0.3537 -0.5431 -0.7616
vn 0.3259 -0.5587 -0.7627
vn 0.2906 -0.5453 -0.7863
vn 0.3896 -0.5552 -0.7348
vn 0.3802 -0.5943 -0.7087
vn 0.3526 -0.6098 -0.7098
vn 0.4785 -0.5308 -0.6995
vn 0.4526 -0.5488 -0.7028
vn 0.4167 -0.5382 -0.7326
vn 0.9156 -0.1571 -0.3701
vn 0.9047 -0.2035 -0.3744
vn 0.8907 -0.2159 -0.4000
vn 0.9280 -0.1439 -0.3436
vn 0.9378 -0.1683 -0.3036
vn 0.9268 -0.2150 -0.3079
vn 0.9510 -0.0408 -0.3065
vn 0.9463 -0.0847 -0.3119
vn 0.9357 -0.0984 -0.3387
vn 0.8558 -0.4023 -0.3252
vn 0.8600 -0.4255 -0.2817
vn 0.8372 -0.4682 -0.2826
vn 0.8761 -0.3575 -0.3234
vn 0.8900 -0.3452 -0.2980
vn 0.8942 -0.3684 -0.2545
vn 0.8765 -0.2625 -0.4036
vn 0.8864 -0.2871 -0.3631
vn 0.8690 -0.3333 -0.3658
vn 0.7906 -0.3844 -0.4767
vn 0.7677 -0.4273 -0.4776
vn 0.7507 -0.4354 -0.4968
vn 0.8073 -0.3752 -0.4555
vn 0.8173 -0.3999 -0.4148
vn 0.7944 -0.4428 -0.4157
vn 0.8612 -0.2739 -0.4280
vn 0.8439 -0.3200 -0.4307
vn 0.8277 -0.3304 -0.4537
vn 0.9660 -0.1613 -0.2019
vn 0.9692 -0.1848 -0.1628
vn 0.9592 -0.2313 -0.1628
vn 0.9727 -0.1143 -0.2019
vn 0.9825 -0.0926 -0.1617
vn 0.9856 -0.1161 -0.1227
vn 0.9617 -0.0232 -0.2730
vn 0.9700 -0.0449 -0.2388
vn 0.9668 -0.0915 -0.2388
vn 0.9655 -0.2570 0.0410
vn 0.9689 -0.2334 0.0822
vn 0.9591 -0.2551 0.1223
vn 0.9722 -0.2341 -0.0000
vn 0.9822 -0.1876 -0.0000
vn 0.9856 -0.1640 0.0412
vn 0.9591 -0.2551 -0.1223
vn 0.9689 -0.2334 -0.0822
vn 0.9655 -0.2570 -0.0410
vn 0.9022 -0.4294 -0.0401
vn 0.8924 -0.4512 -0.0000
vn 0.8730 -0.4877 -0.0000
vn 0.9202 -0.3895 -0.0401
vn 0.9299 -0.3678 -0.0000
vn 0.9202 -0.3895 0.0401
vn 0.9460 -0.3002 -0.1223
vn 0.9427 -0.3238 -0.0811
vn 0.9268 -0.3666 -0.0811
vn 0.9490 0.3049 -0.0803
vn 0.9577 0.2762 -0.0803
vn 0.9610 0.2485 -0.1209
vn 0.9424 0.3321 -0.0398
vn 0.9521 0.3058 -0.0000
vn 0.9608 0.2772 -0.0000
vn 0.9121 0.4099 -0.0000
vn 0.9229 0.3851 -0.0000
vn 0.9325 0.3589 -0.0398
vn 0.9939 0.1027 -0.0408
vn 0.9972 0.0749 -0.0000
vn 0.9990 0.0436 -0.0000
vn 0.9901 0.1341 -0.0408
vn 0.9868 0.1619 -0.0000
vn 0.9901 0.1341 0.0408
vn 0.9683 0.2184 -0.1209
vn 0.9780 0.1922 -0.0813
vn 0.9836 0.1612 -0.0813
vn 0.9686 0.0735 -0.2377
vn 0.9705 0.0416 -0.2377
vn 0.9619 0.0161 -0.2730
vn 0.9746 0.1002 -0.2002
vn 0.9842 0.0743 -0.1610
vn 0.9860 0.0427 -0.1610
vn 0.9684 0.1906 -0.1611
vn 0.9740 0.1594 -0.1611
vn 0.9708 0.1320 -0.2002
vn 0.6349 -0.1571 0.7564
vn 0.6356 -0.2035 0.7447
vn 0.6557 -0.2159 0.7235
vn 0.6136 -0.1439 0.7764
vn 0.5785 -0.1683 0.7981
vn 0.5792 -0.2149 0.7863
vn 0.5853 -0.0408 0.8098
vn 0.5891 -0.0847 0.8036
vn 0.6113 -0.0984 0.7852
vn 0.5737 -0.4023 0.7134
vn 0.5337 -0.4255 0.7308
vn 0.5275 -0.4682 0.7089
vn 0.5783 -0.3575 0.7333
vn 0.5584 -0.3452 0.7543
vn 0.5184 -0.3684 0.7718
vn 0.6547 -0.2625 0.7089
vn 0.6192 -0.2871 0.7308
vn 0.6164 -0.3333 0.7134
vn 0.6976 -0.3844 0.6046
vn 0.6914 -0.4273 0.5825
vn 0.7045 -0.4354 0.5604
vn 0.6827 -0.3752 0.6271
vn 0.6471 -0.3999 0.6491
vn 0.6408 -0.4428 0.6271
vn 0.6732 -0.2739 0.6868
vn 0.6704 -0.3200 0.6695
vn 0.6872 -0.3304 0.6470
vn 0.4905 -0.1613 0.8564
vn 0.4544 -0.1848 0.8714
vn 0.4513 -0.2313 0.8619
vn 0.4926 -0.1143 0.8627
vn 0.4574 -0.0926 0.8844
vn 0.4213 -0.1161 0.8995
vn 0.5568 -0.0232 0.8303
vn 0.5268 -0.0449 0.8488
vn 0.5258 -0.0915 0.8457
vn 0.2593 -0.2570 0.9310
vn 0.2212 -0.2334 0.9469
vn 0.1801 -0.2551 0.9500
vn 0.3004 -0.2341 0.9246
vn 0.3035 -0.1876 0.9342
vn 0.2654 -0.1640 0.9501
vn 0.4127 -0.2551 0.8744
vn 0.3776 -0.2334 0.8961
vn 0.3374 -0.2570 0.9056
vn 0.3169 -0.4294 0.8457
vn 0.2758 -0.4512 0.8488
vn 0.2698 -0.4877 0.8303
vn 0.3225 -0.3895 0.8627
vn 0.2874 -0.3678 0.8844
vn 0.2462 -0.3895 0.8875
vn 0.4087 -0.3002 0.8619
vn 0.3685 -0.3238 0.8714
vn 0.3636 -0.3666 0.8564
vn 0.3696 0.3049 0.8777
vn 0.3723 0.2762 0.8860
vn 0.4120 0.2485 0.8766
vn 0.3291 0.3321 0.8840
vn 0.2942 0.3058 0.9055
vn 0.2969 0.2772 0.9138
vn 0.2819 0.4099 0.8675
vn 0.2852 0.3851 0.8777
vn 0.3260 0.3589 0.8746
vn 0.3460 0.1027 0.9326
vn 0.3081 0.0749 0.9484
vn 0.3087 0.0436 0.9502
vn 0.3448 0.1341 0.9291
vn 0.3049 0.1619 0.9385
vn 0.2671 0.1341 0.9543
vn 0.4143 0.2184 0.8836
vn 0.3796 0.1922 0.9050
vn 0.3813 0.1612 0.9103
vn 0.5253 0.0735 0.8477
vn 0.5259 0.0416 0.8495
vn 0.5569 0.0161 0.8304
vn 0.4916 0.1002 0.8651
vn 0.4572 0.0743 0.8862
vn 0.4578 0.0427 0.8880
vn 0.4525 0.1906 0.8712
vn 0.4542 0.1594 0.8765
vn 0.4904 0.1320 0.8614
vn -0.5232 -0.1571 0.8376
vn -0.5118 -0.2035 0.8346
vn -0.4855 -0.2159 0.8472
vn -0.5488 -0.1439 0.8235
vn -0.5803 -0.1683 0.7968
vn -0.5688 -0.2149 0.7939
vn -0.5892 -0.0408 0.8069
vn -0.5823 -0.0847 0.8086
vn -0.5579 -0.0984 0.8240
vn -0.5012 -0.4023 0.7661
vn -0.5301 -0.4255 0.7334
vn -0.5112 -0.4682 0.7207
vn -0.5187 -0.3575 0.7766
vn -0.5448 -0.3452 0.7642
vn -0.5738 -0.3684 0.7315
vn -0.4719 -0.2625 0.8417
vn -0.5037 -0.2871 0.8148
vn -0.4880 -0.3333 0.8067
vn -0.3594 -0.3844 0.8503
vn -0.3403 -0.4273 0.8376
vn -0.3153 -0.4354 0.8432
vn -0.3854 -0.3752 0.8430
vn -0.4174 -0.3999 0.8160
vn -0.3984 -0.4428 0.8032
vn -0.4452 -0.2739 0.8525
vn -0.4295 -0.3200 0.8445
vn -0.4029 -0.3304 0.8535
vn -0.6629 -0.1613 0.7311
vn -0.6884 -0.1848 0.7014
vn -0.6803 -0.2313 0.6955
vn -0.6683 -0.1143 0.7351
vn -0.6998 -0.0926 0.7083
vn -0.7252 -0.1161 0.6786
vn -0.6176 -0.0232 0.7862
vn -0.6444 -0.0449 0.7633
vn -0.6418 -0.0915 0.7614
vn -0.8053 -0.2570 0.5343
vn -0.8322 -0.2334 0.5030
vn -0.8479 -0.2551 0.4648
vn -0.7865 -0.2341 0.5715
vn -0.7946 -0.1876 0.5774
vn -0.8216 -0.1640 0.5460
vn -0.7041 -0.2551 0.6627
vn -0.7355 -0.2334 0.6360
vn -0.7570 -0.2570 0.6007
vn -0.7063 -0.4294 0.5628
vn -0.7220 -0.4512 0.5246
vn -0.7063 -0.4877 0.5131
vn -0.7208 -0.3895 0.5733
vn -0.7523 -0.3678 0.5466
vn -0.7680 -0.3895 0.5084
vn -0.6934 -0.3002 0.6550
vn -0.7149 -0.3238 0.6197
vn -0.7021 -0.3666 0.6104
vn -0.7206 0.3049 0.6228
vn -0.7276 0.2762 0.6279
vn -0.7064 0.2485 0.6627
vn -0.7390 0.3321 0.5861
vn -0.7703 0.3058 0.5596
vn -0.7773 0.2772 0.5648
vn -0.7379 0.4099 0.5361
vn -0.7466 0.3851 0.5424
vn -0.7311 0.3589 0.5803
vn -0.7801 0.1027 0.6172
vn -0.8067 0.0749 0.5861
vn -0.8082 0.0436 0.5872
vn -0.7770 0.1341 0.6150
vn -0.7983 0.1619 0.5800
vn -0.8250 0.1341 0.5490
vn -0.7123 0.2184 0.6670
vn -0.7434 0.1922 0.6407
vn -0.7479 0.1612 0.6439
vn -0.6439 0.0735 0.7616
vn -0.6454 0.0416 0.7627
vn -0.6177 0.0161 0.7863
vn -0.6708 0.1002 0.7348
vn -0.7016 0.0743 0.7087
vn -0.7031 0.0427 0.7098
vn -0.6887 0.1906 0.6995
vn -0.6933 0.1594 0.7028
vn -0.6677 0.1320 0.7326
vn -0.9583 -0.1571 -0.2387
vn -0.9520 -0.2035 -0.2289
vn -0.9557 -0.2159 -0.1999
vn -0.9528 -0.1439 -0.2674
vn -0.9372 -0.1683 -0.3056
vn -0.9308 -0.2150 -0.2957
vn -0.9495 -0.0408 -0.3110
vn -0.9489 -0.0847 -0.3039
vn -0.9561 -0.0984 -0.2760
vn -0.8835 -0.4023 -0.2399
vn -0.8613 -0.4255 -0.2775
vn -0.8434 -0.4682 -0.2634
vn -0.8989 -0.3575 -0.2533
vn -0.8952 -0.3452 -0.2820
vn -0.8730 -0.3684 -0.3197
vn -0.9463 -0.2625 -0.1887
vn -0.9305 -0.2871 -0.2273
vn -0.9180 -0.3333 -0.2148
vn -0.9198 -0.3844 -0.0790
vn -0.9018 -0.4273 -0.0649
vn -0.8994 -0.4354 -0.0393
vn -0.9209 -0.3752 -0.1061
vn -0.9050 -0.3999 -0.1448
vn -0.8870 -0.4428 -0.1306
vn -0.9484 -0.2739 -0.1599
vn -0.9359 -0.3200 -0.1475
vn -0.9363 -0.3304 -0.1194
vn -0.9002 -0.1613 -0.4045
vn -0.8798 -0.1848 -0.4379
vn -0.8717 -0.2313 -0.4320
vn -0.9056 -0.1143 -0.4084
vn -0.8899 -0.0926 -0.4466
vn -0.8695 -0.1161 -0.4800
vn -0.9385 -0.0232 -0.3444
vn -0.9251 -0.0449 -0.3770
vn -0.9225 -0.0915 -0.3751
vn -0.7570 -0.2570 -0.6007
vn -0.7355 -0.2334 -0.6360
vn -0.7041 -0.2551 -0.6627
vn -0.7865 -0.2341 -0.5714
vn -0.7947 -0.1876 -0.5773
vn -0.7732 -0.1640 -0.6126
vn -0.8479 -0.2551 -0.4648
vn -0.8322 -0.2334 -0.5030
vn -0.8053 -0.2570 -0.5343
vn -0.7535 -0.4294 -0.4978
vn -0.7220 -0.4512 -0.5246
vn -0.7063 -0.4877 -0.5131
vn -0.7680 -0.3895 -0.5084
vn -0.7523 -0.3678 -0.5466
vn -0.7208 -0.3895 -0.5733
vn -0.8372 -0.3002 -0.4571
vn -0.8103 -0.3238 -0.4884
vn -0.7975 -0.3666 -0.4791
vn -0.8150 0.3049 -0.4928
vn -0.8220 0.2762 -0.4980
vn -0.8486 0.2486 -0.4670
vn -0.7858 0.3321 -0.5217
vn -0.7703 0.3058 -0.5596
vn -0.7773 0.2772 -0.5647
vn -0.7379 0.4099 -0.5361
vn -0.7466 0.3852 -0.5424
vn -0.7778 0.3589 -0.5159
vn -0.8281 0.1027 -0.5511
vn -0.8067 0.0749 -0.5861
vn -0.8083 0.0436 -0.5872
vn -0.8250 0.1341 -0.5489
vn -0.7984 0.1619 -0.5800
vn -0.7770 0.1341 -0.6150
vn -0.8545 0.2184 -0.4713
vn -0.8390 0.1922 -0.5090
vn -0.8435 0.1612 -0.5123
vn -0.9233 0.0735 -0.3770
vn -0.9248 0.0416 -0.3781
vn -0.9387 0.0161 -0.3445
vn -0.9062 0.1002 -0.4109
vn -0.8908 0.0743 -0.4482
vn -0.8923 0.0427 -0.4493
vn -0.8781 0.1906 -0.4388
vn -0.8827 0.1594 -0.4421
vn -0.9031 0.1320 -0.4087
vn -0.0691 -0.1571 -0.9852
vn -0.0765 -0.2035 -0.9761
vn -0.1052 -0.2159 -0.9707
vn -0.0401 -0.1439 -0.9888
vn 0.0011 -0.1683 -0.9857
vn -0.0064 -0.2150 -0.9766
vn 0.0024 -0.0408 -0.9992
vn -0.0042 -0.0847 -0.9964
vn -0.0330 -0.0984 -0.9946
vn -0.0448 -0.4023 -0.9144
vn -0.0022 -0.4255 -0.9050
vn -0.0101 -0.4682 -0.8836
vn -0.0368 -0.3575 -0.9332
vn -0.0084 -0.3452 -0.9385
vn 0.0343 -0.3684 -0.9290
vn -0.1130 -0.2625 -0.9583
vn -0.0714 -0.2871 -0.9552
vn -0.0793 -0.3333 -0.9395
vn -0.2091 -0.3844 -0.8992
vn -0.2170 -0.4273 -0.8777
vn -0.2406 -0.4354 -0.8675
vn -0.1837 -0.3752 -0.9086
vn -0.1419 -0.3999 -0.9055
vn -0.1498 -0.4429 -0.8840
vn -0.1409 -0.2739 -0.9514
vn -0.1489 -0.3200 -0.9357
vn -0.1757 -0.3304 -0.9273
vn 0.1065 -0.1613 -0.9811
vn 0.1446 -0.1848 -0.9721
vn 0.1415 -0.2313 -0.9625
vn 0.1086 -0.1143 -0.9875
vn 0.1498 -0.0926 -0.9844
vn 0.1879 -0.1161 -0.9753
vn 0.0375 -0.0232 -0.9990
vn 0.0727 -0.0449 -0.9963
vn 0.0717 -0.0915 -0.9932
vn 0.3374 -0.2570 -0.9056
vn 0.3776 -0.2334 -0.8961
vn 0.4127 -0.2551 -0.8744
vn 0.3004 -0.2341 -0.9246
vn 0.3035 -0.1876 -0.9342
vn 0.3437 -0.1641 -0.9246
vn 0.1801 -0.2551 -0.9500
vn 0.2212 -0.2334 -0.9469
vn 0.2593 -0.2570 -0.9310
vn 0.2407 -0.4294 -0.8704
vn 0.2758 -0.4512 -0.8488
vn 0.2698 -0.4877 -0.8303
vn 0.2462 -0.3895 -0.8875
vn 0.2874 -0.3678 -0.8844
vn 0.3225 -0.3895 -0.8627
vn 0.1760 -0.3002 -0.9375
vn 0.2141 -0.3238 -0.9216
vn 0.2092 -0.3666 -0.9065
vn 0.2169 0.3049 -0.9274
vn 0.2196 0.2762 -0.9357
vn 0.1820 0.2485 -0.9514
vn 0.2534 0.3321 -0.9086
vn 0.2942 0.3058 -0.9055
vn 0.2969 0.2772 -0.9138
vn 0.2819 0.4099 -0.8675
vn 0.2852 0.3852 -0.8777
vn 0.2503 0.3589 -0.8992
vn 0.2683 0.1027 -0.9578
vn 0.3082 0.0749 -0.9484
vn 0.3087 0.0436 -0.9502
vn 0.2671 0.1341 -0.9543
vn 0.3049 0.1619 -0.9385
vn 0.3448 0.1341 -0.9291
vn 0.1842 0.2184 -0.9583
vn 0.2248 0.1922 -0.9552
vn 0.2266 0.1612 -0.9606
vn 0.0733 0.0735 -0.9946
vn 0.0739 0.0416 -0.9964
vn 0.0376 0.0161 -0.9992
vn 0.1108 0.1002 -0.9888
vn 0.1510 0.0743 -0.9857
vn 0.1516 0.0427 -0.9875
vn 0.1460 0.1906 -0.9707
vn 0.1477 0.1594 -0.9761
vn 0.1096 0.1320 -0.9852
vn 0.7880 0.4976 0.3625
vn 0.8149 0.4775 0.3284
vn 0.8187 0.4899 0.2995
vn 0.7825 0.4845 0.3912
vn 0.8002 0.4422 0.4051
vn 0.8273 0.4219 0.3709
vn 0.7173 0.5053 0.4798
vn 0.7468 0.4890 0.4508
vn 0.7540 0.5027 0.4228
vn 0.9180 0.3332 0.2149
vn 0.9306 0.2871 0.2273
vn 0.9463 0.2624 0.1887
vn 0.8989 0.3574 0.2533
vn 0.8952 0.3451 0.2820
vn 0.9077 0.2989 0.2945
vn 0.8434 0.4682 0.2635
vn 0.8614 0.4255 0.2776
vn 0.8835 0.4023 0.2399
vn 0.8859 0.4521 0.1036
vn 0.9018 0.4273 0.0649
vn 0.8994 0.4354 0.0393
vn 0.8870 0.4428 0.1307
vn 0.9050 0.3999 0.1448
vn 0.9209 0.3751 0.1061
vn 0.8455 0.4797 0.2347
vn 0.8676 0.4565 0.1972
vn 0.8680 0.4669 0.1691
vn 0.7975 0.3666 0.4791
vn 0.8103 0.3237 0.4884
vn 0.8372 0.3002 0.4571
vn 0.7680 0.3895 0.5084
vn 0.7523 0.3677 0.5466
vn 0.7651 0.3249 0.5559
vn 0.7063 0.4877 0.5132
vn 0.7220 0.4511 0.5246
vn 0.7535 0.4294 0.4979
vn 0.8270 0.1170 0.5499
vn 0.8055 0.0935 0.5852
vn 0.8081 0.0470 0.5871
vn 0.8216 0.1640 0.5460
vn 0.7947 0.1876 0.5774
vn 0.7732 0.1640 0.6126
vn 0.8479 0.2551 0.4648
vn 0.8322 0.2334 0.5030
vn 0.8403 0.1869 0.5089
vn 0.9225 0.0914 0.3751
vn 0.9251 0.0449 0.3770
vn 0.9385 0.0232 0.3444
vn 0.9056 0.1143 0.4084
vn 0.8899 0.0925 0.4466
vn 0.8926 0.0460 0.4486
vn 0.8717 0.2313 0.4321
vn 0.8798 0.1848 0.4380
vn 0.9002 0.1612 0.4045
vn 0.4290 0.4669 0.7732
vn 0.4556 0.4565 0.7642
vn 0.4845 0.4797 0.7316
vn 0.3984 0.4428 0.8033
vn 0.4174 0.3999 0.8160
vn 0.4439 0.3895 0.8070
vn 0.3153 0.4354 0.8432
vn 0.3404 0.4273 0.8376
vn 0.3723 0.4521 0.8106
vn 0.5990 0.3553 0.7176
vn 0.6147 0.3091 0.7257
vn 0.6386 0.2956 0.7105
vn 0.5738 0.3683 0.7315
vn 0.5448 0.3451 0.7642
vn 0.5605 0.2989 0.7723
vn 0.5112 0.4682 0.7208
vn 0.5301 0.4255 0.7334
vn 0.5563 0.4131 0.7210
vn 0.6351 0.5027 0.5864
vn 0.6595 0.4890 0.5709
vn 0.6780 0.5053 0.5339
vn 0.6138 0.4845 0.6233
vn 0.6326 0.4422 0.6359
vn 0.6567 0.4286 0.6206
vn 0.5378 0.4899 0.6861
vn 0.5642 0.4775 0.6735
vn 0.5883 0.4976 0.6374
vn -0.1013 0.4976 0.8614
vn -0.0605 0.4775 0.8765
vn -0.0318 0.4899 0.8712
vn -0.1302 0.4845 0.8651
vn -0.1380 0.4422 0.8863
vn -0.0971 0.4219 0.9014
vn -0.2347 0.5053 0.8304
vn -0.1980 0.4890 0.8495
vn -0.1692 0.5027 0.8477
vn 0.0793 0.3332 0.9395
vn 0.0714 0.2871 0.9552
vn 0.1130 0.2624 0.9583
vn 0.0368 0.3574 0.9332
vn 0.0084 0.3451 0.9385
vn 0.0005 0.2989 0.9543
vn 0.0101 0.4682 0.8836
vn 0.0022 0.4255 0.9050
vn 0.0448 0.4023 0.9144
vn 0.1752 0.4521 0.8746
vn 0.2170 0.4273 0.8777
vn 0.2406 0.4354 0.8675
vn 0.1498 0.4428 0.8840
vn 0.1419 0.3999 0.9055
vn 0.1837 0.3751 0.9086
vn 0.0381 0.4797 0.8766
vn 0.0806 0.4565 0.8861
vn 0.1074 0.4669 0.8777
vn -0.2092 0.3666 0.9065
vn -0.2141 0.3237 0.9216
vn -0.1760 0.3002 0.9375
vn -0.2462 0.3895 0.8875
vn -0.2874 0.3677 0.8844
vn -0.2923 0.3249 0.8995
vn -0.2698 0.4877 0.8303
vn -0.2758 0.4511 0.8488
vn -0.2407 0.4294 0.8705
vn -0.2675 0.1170 0.9564
vn -0.3077 0.0935 0.9469
vn -0.3087 0.0470 0.9500
vn -0.2654 0.1640 0.9501
vn -0.3035 0.1876 0.9342
vn -0.3437 0.1640 0.9246
vn -0.1801 0.2551 0.9500
vn -0.2212 0.2334 0.9469
vn -0.2243 0.1869 0.9564
vn -0.0717 0.0914 0.9932
vn -0.0727 0.0449 0.9963
vn -0.0375 0.0232 0.9990
vn -0.1086 0.1143 0.9875
vn -0.1498 0.0925 0.9844
vn -0.1508 0.0460 0.9875
vn -0.1415 0.2313 0.9625
vn -0.1446 0.1848 0.9721
vn -0.1065 0.1612 0.9812
vn -0.6028 0.4669 0.6470
vn -0.5860 0.4565 0.6695
vn -0.5461 0.4797 0.6868
vn -0.6408 0.4428 0.6271
vn -0.6471 0.3999 0.6491
vn -0.6303 0.3895 0.6716
vn -0.7045 0.4354 0.5604
vn -0.6914 0.4273 0.5825
vn -0.6558 0.4521 0.6046
vn -0.4973 0.3553 0.7914
vn -0.5002 0.3091 0.8089
vn -0.4784 0.2956 0.8269
vn -0.5184 0.3683 0.7718
vn -0.5585 0.3451 0.7543
vn -0.5613 0.2989 0.7718
vn -0.5275 0.4682 0.7089
vn -0.5337 0.4255 0.7308
vn -0.5138 0.4131 0.7519
vn -0.3614 0.5027 0.7853
vn -0.3392 0.4890 0.8036
vn -0.2983 0.5053 0.8098
vn -0.4031 0.4845 0.7764
vn -0.4093 0.4422 0.7981
vn -0.3872 0.4286 0.8163
vn -0.4863 0.4899 0.7235
vn -0.4662 0.4775 0.7447
vn -0.4244 0.4977 0.7564
vn -0.8506 0.4977 0.1699
vn -0.8523 0.4775 0.2133
vn -0.8384 0.4899 0.2389
vn -0.8630 0.4845 0.1435
vn -0.8855 0.4422 0.1426
vn -0.8873 0.4219 0.1862
vn -0.8623 0.5053 0.0334
vn -0.8691 0.4890 0.0742
vn -0.8585 0.5027 0.1011
vn -0.8690 0.3332 0.3658
vn -0.8864 0.2871 0.3631
vn -0.8765 0.2624 0.4036
vn -0.8762 0.3574 0.3234
vn -0.8900 0.3451 0.2980
vn -0.9074 0.2989 0.2953
vn -0.8372 0.4682 0.2826
vn -0.8600 0.4255 0.2818
vn -0.8558 0.4023 0.3252
vn -0.7777 0.4521 0.4369
vn -0.7677 0.4273 0.4776
vn -0.7507 0.4354 0.4969
vn -0.7944 0.4428 0.4157
vn -0.8173 0.3999 0.4148
vn -0.8074 0.3751 0.4555
vn -0.8220 0.4797 0.3071
vn -0.8178 0.4565 0.3504
vn -0.8016 0.4669 0.3734
vn -0.9268 0.3666 0.0811
vn -0.9427 0.3237 0.0811
vn -0.9460 0.3002 0.1223
vn -0.9202 0.3895 0.0401
vn -0.9299 0.3677 -0.0000
vn -0.9458 0.3249 -0.0000
vn -0.8730 0.4877 -0.0000
vn -0.8925 0.4511 -0.0000
vn -0.9022 0.4294 0.0401
vn -0.9923 0.1170 0.0412
vn -0.9956 0.0935 -0.0000
vn -0.9989 0.0470 -0.0000
vn -0.9856 0.1640 0.0412
vn -0.9823 0.1876 -0.0000
vn -0.9856 0.1640 -0.0412
vn -0.9592 0.2551 0.1223
vn -0.9689 0.2334 0.0822
vn -0.9789 0.1869 0.0822
vn -0.9668 0.0914 0.2388
vn -0.9700 0.0449 0.2388
vn -0.9617 0.0232 0.2730
vn -0.9727 0.1142 0.2019
vn -0.9825 0.0925 0.1618
vn -0.9858 0.0460 0.1618
vn -0.9592 0.2313 0.1628
vn -0.9692 0.1848 0.1628
vn -0.9661 0.1612 0.2019
vn -0.8016 0.4669 -0.3734
vn -0.8178 0.4565 -0.3504
vn -0.8220 0.4797 -0.3071
vn -0.7944 0.4428 -0.4157
vn -0.8173 0.3999 -0.4148
vn -0.8335 0.3895 -0.3919
vn -0.7507 0.4354 -0.4968
vn -0.7677 0.4273 -0.4776
vn -0.7777 0.4521 -0.4369
vn -0.9064 0.3554 -0.2284
vn -0.9239 0.3091 -0.2257
vn -0.9343 0.2956 -0.1994
vn -0.8942 0.3683 -0.2545
vn -0.8900 0.3451 -0.2980
vn -0.9074 0.2989 -0.2953
vn -0.8372 0.4682 -0.2826
vn -0.8600 0.4255 -0.2817
vn -0.8739 0.4131 -0.2563
vn -0.8585 0.5027 -0.1011
vn -0.8691 0.4890 -0.0742
vn -0.8623 0.5053 -0.0334
vn -0.8630 0.4845 -0.1435
vn -0.8855 0.4422 -0.1426
vn -0.8960 0.4286 -0.1160
vn -0.8384 0.4899 -0.2389
vn -0.8523 0.4775 -0.2133
vn -0.8506 0.4977 -0.1699
vn -0.4244 0.4977 -0.7564
vn -0.4662 0.4775 -0.7447
vn -0.4863 0.4899 -0.7235
vn -0.4031 0.4845 -0.7764
vn -0.4093 0.4422 -0.7981
vn -0.4513 0.4219 -0.7863
vn -0.2983 0.5053 -0.8098
vn -0.3392 0.4890 -0.8036
vn -0.3614 0.5027 -0.7852
vn -0.6164 0.3332 -0.7134
vn -0.6193 0.2871 -0.7308
vn -0.6547 0.2624 -0.7089
vn -0.5783 0.3574 -0.7333
vn -0.5585 0.3451 -0.7543
vn -0.5613 0.2989 -0.7718
vn -0.5275 0.4682 -0.7089
vn -0.5337 0.4255 -0.7308
vn -0.5738 0.4023 -0.7134
vn -0.6558 0.4521 -0.6046
vn -0.6914 0.4273 -0.5825
vn -0.7045 0.4354 -0.5604
vn -0.6408 0.4428 -0.6271
vn -0.6471 0.3999 -0.6491
vn -0.6827 0.3751 -0.6271
vn -0.5461 0.4797 -0.6868
vn -0.5860 0.4565 -0.6695
vn -0.6028 0.4669 -0.6470
vn -0.3636 0.3666 -0.8564
vn -0.3685 0.3237 -0.8714
vn -0.4087 0.3002 -0.8619
vn -0.3225 0.3895 -0.8627
vn -0.2874 0.3677 -0.8844
vn -0.2923 0.3249 -0.8995
vn -0.2698 0.4877 -0.8303
vn -0.2758 0.4511 -0.8488
vn -0.3170 0.4294 -0.8457
vn -0.3458 0.1170 -0.9310
vn -0.3077 0.0935 -0.9469
vn -0.3087 0.0470 -0.9500
vn -0.3437 0.1640 -0.9246
vn -0.3035 0.1876 -0.9342
vn -0.2654 0.1640 -0.9501
vn -0.4127 0.2551 -0.8744
vn -0.3776 0.2334 -0.8961
vn -0.3807 0.1869 -0.9056
vn -0.5258 0.0914 -0.8457
vn -0.5268 0.0449 -0.8488
vn -0.5568 0.0232 -0.8303
vn -0.4926 0.1143 -0.8627
vn -0.4574 0.0925 -0.8844
vn -0.4585 0.0460 -0.8875
vn -0.4513 0.2313 -0.8619
vn -0.4544 0.1848 -0.8714
vn -0.4905 0.1612 -0.8564
vn 0.1074 0.4669 -0.8777
vn 0.0806 0.4565 -0.8860
vn 0.0381 0.4797 -0.8766
vn 0.1498 0.4428 -0.8840
vn 0.1419 0.3999 -0.9055
vn 0.1152 0.3895 -0.9138
vn 0.2406 0.4354 -0.8675
vn 0.2170 0.4273 -0.8777
vn 0.1752 0.4521 -0.8746
vn -0.0629 0.3554 -0.9326
vn -0.0708 0.3091 -0.9484
vn -0.0990 0.2956 -0.9502
vn -0.0343 0.3684 -0.9291
vn 0.0084 0.3451 -0.9385
vn 0.0005 0.2989 -0.9543
vn 0.0101 0.4682 -0.8836
vn 0.0022 0.4255 -0.9050
vn -0.0263 0.4131 -0.9103
vn -0.1692 0.5027 -0.8477
vn -0.1980 0.4890 -0.8495
vn -0.2347 0.5053 -0.8304
vn -0.1302 0.4845 -0.8651
vn -0.1380 0.4422 -0.8862
vn -0.1665 0.4286 -0.8880
vn -0.0318 0.4899 -0.8712
vn -0.0605 0.4775 -0.8765
vn -0.1012 0.4977 -0.8614
vn 0.5883 0.4977 -0.6374
vn 0.5642 0.4775 -0.6735
vn 0.5378 0.4899 -0.6861
vn 0.6138 0.4845 -0.6233
vn 0.6326 0.4422 -0.6359
vn 0.6084 0.4219 -0.6722
vn 0.6780 0.5053 -0.5339
vn 0.6595 0.4890 -0.5709
vn 0.6351 0.5027 -0.5864
vn 0.4880 0.3332 -0.8067
vn 0.5037 0.2871 -0.8148
vn 0.4719 0.2624 -0.8417
vn 0.5187 0.3574 -0.7766
vn 0.5448 0.3451 -0.7642
vn 0.5605 0.2989 -0.7723
vn 0.5112 0.4682 -0.7208
vn 0.5301 0.4255 -0.7334
vn 0.5012 0.4023 -0.7661
vn 0.3723 0.4521 -0.8106
vn 0.3404 0.4273 -0.8376
vn 0.3153 0.4354 -0.8432
vn 0.3984 0.4428 -0.8033
vn 0.4174 0.3999 -0.8160
vn 0.3854 0.3751 -0.8430
vn 0.4845 0.4797 -0.7316
vn 0.4556 0.4565 -0.7642
vn 0.4290 0.4669 -0.7732
vn 0.7021 0.3666 -0.6104
vn 0.7149 0.3237 -0.6197
vn 0.6934 0.3002 -0.6550
vn 0.7209 0.3895 -0.5733
vn 0.7523 0.3677 -0.5466
vn 0.7651 0.3249 -0.5559
vn 0.7063 0.4877 -0.5131
vn 0.7220 0.4511 -0.5246
vn 0.7063 0.4294 -0.5628
vn 0.7786 0.1170 -0.6166
vn 0.8055 0.0935 -0.5852
vn 0.8081 0.0470 -0.5871
vn 0.7732 0.1640 -0.6126
vn 0.7947 0.1876 -0.5773
vn 0.8216 0.1640 -0.5460
vn 0.7041 0.2551 -0.6627
vn 0.7355 0.2334 -0.6360
vn 0.7436 0.1869 -0.6419
vn 0.6418 0.0914 -0.7614
vn 0.6444 0.0449 -0.7633
vn 0.6176 0.0232 -0.7862
vn 0.6683 0.1143 -0.7351
vn 0.6998 0.0925 -0.7083
vn 0.7024 0.0460 -0.7103
vn 0.6803 0.2313 -0.6955
vn 0.6884 0.1848 -0.7014
vn 0.6629 0.1612 -0.7311
vn 0.8680 0.4669 -0.1691
vn 0.8676 0.4565 -0.1972
vn 0.8455 0.4797 -0.2347
vn 0.8870 0.4428 -0.1306
vn 0.9050 0.3999 -0.1448
vn 0.9047 0.3895 -0.1728
vn 0.8994 0.4354 -0.0393
vn 0.9018 0.4273 -0.0649
vn 0.8859 0.4521 -0.1036
vn 0.8676 0.3553 -0.3480
vn 0.8801 0.3091 -0.3604
vn 0.8731 0.2956 -0.3878
vn 0.8730 0.3683 -0.3197
vn 0.8952 0.3451 -0.2820
vn 0.9077 0.2989 -0.2944
vn 0.8434 0.4682 -0.2634
vn 0.8614 0.4255 -0.2775
vn 0.8576 0.4132 -0.3063
vn 0.7540 0.5027 -0.4228
vn 0.7468 0.4890 -0.4508
vn 0.7173 0.5053 -0.4798
vn 0.7825 0.4845 -0.3912
vn 0.8002 0.4422 -0.4051
vn 0.7931 0.4286 -0.4328
vn 0.8187 0.4899 -0.2995
vn 0.8149 0.4775 -0.3284
vn 0.7880 0.4977 -0.3625
vn 0.6625 0.7487 0.0238
vn 0.6946 0.7182 0.0419
vn 0.7136 0.7001 0.0240
vn 0.6419 0.7657 0.0416
vn 0.6395 0.7635 0.0894
vn 0.6718 0.7329 0.1076
vn 0.5537 0.8324 0.0235
vn 0.5870 0.8086 0.0410
vn 0.6089 0.7929 0.0237
vn 0.7919 0.5855 0.1734
vn 0.7846 0.5789 0.2218
vn 0.8078 0.5394 0.2376
vn 0.7657 0.6238 0.1566
vn 0.7469 0.6417 0.1743
vn 0.7397 0.6350 0.2228
vn 0.7442 0.6666 0.0419
vn 0.7419 0.6644 0.0902
vn 0.7706 0.6282 0.1077
vn 0.8444 0.5352 0.0243
vn 0.8677 0.4955 0.0401
vn 0.8787 0.4767 0.0243
vn 0.8313 0.5543 0.0410
vn 0.8289 0.5522 0.0895
vn 0.8522 0.5125 0.1053
vn 0.7614 0.6478 0.0241
vn 0.7900 0.6117 0.0416
vn 0.8052 0.5925 0.0242
vn 0.5849 0.7919 0.1754
vn 0.5801 0.7842 0.2202
vn 0.6101 0.7545 0.2420
vn 0.5533 0.8189 0.1525
vn 0.5175 0.8374 0.1761
vn 0.5128 0.8296 0.2208
vn 0.5252 0.8498 0.0441
vn 0.5238 0.8475 0.0854
vn 0.5563 0.8238 0.1090
vn 0.5111 0.7487 0.4221
vn 0.4711 0.7622 0.4439
vn 0.4597 0.7438 0.4852
vn 0.5211 0.7649 0.3786
vn 0.4911 0.7946 0.3568
vn 0.4511 0.8082 0.3786
vn 0.6035 0.7438 0.2873
vn 0.5678 0.7622 0.3109
vn 0.5594 0.7487 0.3557
vn 0.6607 0.6149 0.4305
vn 0.6493 0.5965 0.4718
vn 0.6688 0.5628 0.4859
vn 0.6383 0.6488 0.4142
vn 0.6026 0.6673 0.4378
vn 0.5912 0.6488 0.4791
vn 0.6314 0.7119 0.3075
vn 0.6230 0.6983 0.3524
vn 0.6483 0.6650 0.3707
vn 0.1699 0.9852 0.0242
vn 0.1938 0.9802 0.0416
vn 0.2389 0.9707 0.0241
vn 0.1241 0.9914 0.0410
vn 0.1232 0.9883 0.0895
vn 0.1470 0.9833 0.1068
vn 0.0334 0.9991 0.0243
vn 0.0552 0.9977 0.0401
vn 0.1011 0.9946 0.0243
vn 0.3093 0.9349 0.1742
vn 0.3066 0.9254 0.2227
vn 0.3299 0.9131 0.2397
vn 0.2852 0.9456 0.1568
vn 0.2399 0.9550 0.1743
vn 0.2372 0.9456 0.2228
vn 0.2634 0.9638 0.0419
vn 0.2625 0.9607 0.0902
vn 0.2870 0.9518 0.1080
vn 0.4369 0.8992 0.0237
vn 0.4607 0.8866 0.0410
vn 0.4969 0.8675 0.0235
vn 0.3978 0.9165 0.0416
vn 0.3969 0.9135 0.0894
vn 0.4205 0.9010 0.1065
vn 0.3071 0.9514 0.0240
vn 0.3317 0.9424 0.0419
vn 0.3734 0.9274 0.0238
vn 0.1820 0.7487 0.6374
vn 0.1748 0.7182 0.6735
vn 0.1977 0.7001 0.6861
vn 0.1588 0.7657 0.6233
vn 0.1126 0.7635 0.6359
vn 0.1053 0.7329 0.6722
vn 0.1488 0.8324 0.5339
vn 0.1424 0.8086 0.5709
vn 0.1656 0.7929 0.5864
vn 0.0798 0.5855 0.8067
vn 0.0315 0.5789 0.8148
vn 0.0237 0.5394 0.8417
vn 0.0877 0.6238 0.7767
vn 0.0650 0.6417 0.7642
vn 0.0167 0.6350 0.7723
vn 0.1901 0.6666 0.7208
vn 0.1435 0.6644 0.7334
vn 0.1357 0.6282 0.7661
vn 0.2378 0.5352 0.8106
vn 0.2300 0.4955 0.8376
vn 0.2484 0.4767 0.8432
vn 0.2179 0.5543 0.8033
vn 0.1710 0.5522 0.8160
vn 0.1632 0.5125 0.8430
vn 0.2124 0.6478 0.7316
vn 0.2046 0.6117 0.7642
vn 0.2258 0.5925 0.7733
vn 0.0139 0.7919 0.6104
vn -0.0302 0.7842 0.6197
vn -0.0416 0.7545 0.6550
vn 0.0260 0.8189 0.5733
vn -0.0075 0.8374 0.5466
vn -0.0516 0.8296 0.5559
vn 0.1203 0.8498 0.5132
vn 0.0806 0.8475 0.5246
vn 0.0682 0.8238 0.5628
vn -0.2435 0.7487 0.6166
vn -0.2766 0.7622 0.5852
vn -0.3194 0.7438 0.5871
vn -0.1991 0.7649 0.6126
vn -0.1876 0.7946 0.5774
vn -0.2207 0.8082 0.5460
vn -0.0867 0.7438 0.6627
vn -0.1202 0.7622 0.6360
vn -0.1654 0.7487 0.6419
vn -0.2052 0.6149 0.7614
vn -0.2480 0.5965 0.7634
vn -0.2554 0.5628 0.7862
vn -0.1967 0.6488 0.7351
vn -0.2302 0.6673 0.7084
vn -0.2730 0.6488 0.7103
vn -0.0974 0.7119 0.6955
vn -0.1426 0.6983 0.7014
vn -0.1522 0.6650 0.7312
vn 0.0295 0.9852 0.1691
vn 0.0204 0.9802 0.1972
vn 0.0509 0.9707 0.2347
vn -0.0006 0.9914 0.1307
vn -0.0471 0.9883 0.1448
vn -0.0562 0.9833 0.1728
vn -0.0128 0.9991 0.0393
vn -0.0211 0.9977 0.0649
vn 0.0082 0.9946 0.1036
vn -0.0701 0.9349 0.3480
vn -0.1171 0.9254 0.3604
vn -0.1260 0.9131 0.3878
vn -0.0609 0.9456 0.3197
vn -0.0916 0.9550 0.2820
vn -0.1386 0.9456 0.2945
vn 0.0416 0.9638 0.2635
vn -0.0046 0.9607 0.2776
vn -0.0140 0.9518 0.3063
vn 0.1125 0.8992 0.4229
vn 0.1034 0.8866 0.4508
vn 0.1312 0.8675 0.4798
vn 0.0834 0.9165 0.3912
vn 0.0376 0.9135 0.4051
vn 0.0286 0.9010 0.4328
vn 0.0721 0.9514 0.2995
vn 0.0627 0.9424 0.3284
vn 0.0927 0.9274 0.3625
vn -0.5500 0.7487 0.3701
vn -0.5866 0.7182 0.3744
vn -0.5914 0.7001 0.4000
vn -0.5437 0.7657 0.3437
vn -0.5699 0.7635 0.3036
vn -0.6067 0.7329 0.3079
vn -0.4618 0.8324 0.3065
vn -0.4990 0.8086 0.3119
vn -0.5065 0.7929 0.3387
vn -0.7426 0.5855 0.3252
vn -0.7652 0.5789 0.2818
vn -0.7932 0.5394 0.2826
vn -0.7115 0.6238 0.3234
vn -0.7067 0.6417 0.2980
vn -0.7294 0.6350 0.2545
vn -0.6267 0.6666 0.4036
vn -0.6532 0.6644 0.3631
vn -0.6867 0.6282 0.3658
vn -0.6974 0.5352 0.4767
vn -0.7255 0.4955 0.4776
vn -0.7252 0.4767 0.4969
vn -0.6966 0.5543 0.4555
vn -0.7232 0.5522 0.4148
vn -0.7514 0.5125 0.4157
vn -0.6302 0.6478 0.4280
vn -0.6636 0.6117 0.4307
vn -0.6656 0.5925 0.4537
vn -0.5762 0.7920 0.2019
vn -0.5987 0.7842 0.1628
vn -0.6358 0.7545 0.1628
vn -0.5372 0.8189 0.2019
vn -0.5222 0.8374 0.1618
vn -0.5446 0.8296 0.1227
vn -0.4509 0.8498 0.2730
vn -0.4740 0.8475 0.2388
vn -0.5141 0.8238 0.2388
vn -0.6616 0.7487 -0.0410
vn -0.6421 0.7622 -0.0822
vn -0.6571 0.7438 -0.1223
vn -0.6442 0.7649 -0.0000
vn -0.6071 0.7946 -0.0000
vn -0.5875 0.8082 -0.0412
vn -0.6571 0.7438 0.1223
vn -0.6421 0.7622 0.0822
vn -0.6616 0.7487 0.0411
vn -0.7876 0.6149 0.0401
vn -0.8026 0.5965 -0.0000
vn -0.8266 0.5628 -0.0000
vn -0.7599 0.6488 0.0401
vn -0.7448 0.6673 -0.0000
vn -0.7599 0.6488 -0.0401
vn -0.6916 0.7119 0.1223
vn -0.7111 0.6983 0.0811
vn -0.7424 0.6650 0.0811
vn -0.1517 0.9852 0.0803
vn -0.1812 0.9802 0.0803
vn -0.2075 0.9707 0.1209
vn -0.1245 0.9914 0.0398
vn -0.1523 0.9883 -0.0000
vn -0.1817 0.9833 -0.0000
vn -0.0413 0.9991 -0.0000
vn -0.0682 0.9977 -0.0000
vn -0.0960 0.9946 0.0398
vn -0.3526 0.9349 0.0408
vn -0.3790 0.9254 -0.0000
vn -0.4078 0.9131 -0.0000
vn -0.3229 0.9456 0.0408
vn -0.2965 0.9550 -0.0000
vn -0.3229 0.9456 -0.0408
vn -0.2377 0.9638 0.1209
vn -0.2654 0.9607 0.0814
vn -0.2956 0.9518 0.0814
vn -0.3674 0.8992 0.2377
vn -0.3968 0.8866 0.2377
vn -0.4158 0.8675 0.2730
vn -0.3463 0.9165 0.2002
vn -0.3737 0.9135 0.1610
vn -0.4028 0.9010 0.1610
vn -0.2625 0.9514 0.1611
vn -0.2930 0.9424 0.1611
vn -0.3161 0.9274 0.2002
vn -0.5219 0.7487 -0.4087
vn -0.5373 0.7182 -0.4421
vn -0.5632 0.7001 -0.4388
vn -0.4949 0.7657 -0.4109
vn -0.4648 0.7635 -0.4482
vn -0.4803 0.7329 -0.4819
vn -0.4342 0.8324 -0.3445
vn -0.4508 0.8086 -0.3781
vn -0.4787 0.7929 -0.3770
vn -0.5388 0.5855 -0.6057
vn -0.5044 0.5789 -0.6406
vn -0.5139 0.5394 -0.6670
vn -0.5275 0.6238 -0.5768
vn -0.5018 0.6417 -0.5800
vn -0.4674 0.6350 -0.6150
vn -0.5775 0.6666 -0.4713
vn -0.5472 0.6644 -0.5090
vn -0.5601 0.6282 -0.5401
vn -0.6689 0.5352 -0.5159
vn -0.6784 0.4955 -0.5424
vn -0.6966 0.4767 -0.5361
vn -0.6484 0.5543 -0.5217
vn -0.6180 0.5522 -0.5596
vn -0.6275 0.5125 -0.5861
vn -0.6018 0.6478 -0.4670
vn -0.6147 0.6117 -0.4980
vn -0.6372 0.5925 -0.4928
vn -0.3701 0.7920 -0.4857
vn -0.3399 0.7842 -0.5191
vn -0.3513 0.7545 -0.5544
vn -0.3580 0.8189 -0.4485
vn -0.3152 0.8374 -0.4466
vn -0.2850 0.8296 -0.4800
vn -0.3990 0.8498 -0.3444
vn -0.3736 0.8475 -0.3770
vn -0.3860 0.8238 -0.4152
vn -0.1654 0.7487 -0.6419
vn -0.1202 0.7622 -0.6360
vn -0.0867 0.7438 -0.6627
vn -0.1991 0.7649 -0.6126
vn -0.1876 0.7947 -0.5774
vn -0.1424 0.8082 -0.5715
vn -0.3194 0.7438 -0.5871
vn -0.2766 0.7622 -0.5852
vn -0.2435 0.7487 -0.6166
vn -0.2815 0.6149 -0.7366
vn -0.2480 0.5965 -0.7633
vn -0.2554 0.5628 -0.7862
vn -0.2730 0.6488 -0.7103
vn -0.2302 0.6673 -0.7084
vn -0.1967 0.6488 -0.7351
vn -0.3300 0.7119 -0.6199
vn -0.2969 0.6984 -0.6513
vn -0.3066 0.6650 -0.6810
vn -0.1232 0.9852 -0.1194
vn -0.1324 0.9802 -0.1476
vn -0.1791 0.9707 -0.1599
vn -0.0763 0.9914 -0.1061
vn -0.0471 0.9883 -0.1448
vn -0.0562 0.9833 -0.1728
vn -0.0128 0.9991 -0.0393
vn -0.0211 0.9977 -0.0649
vn -0.0675 0.9946 -0.0790
vn -0.1478 0.9349 -0.3227
vn -0.1171 0.9254 -0.3604
vn -0.1260 0.9131 -0.3878
vn -0.1386 0.9456 -0.2944
vn -0.0916 0.9550 -0.2820
vn -0.0609 0.9456 -0.3197
vn -0.1885 0.9638 -0.1887
vn -0.1594 0.9607 -0.2273
vn -0.1687 0.9518 -0.2560
vn -0.3396 0.8992 -0.2760
vn -0.3486 0.8866 -0.3039
vn -0.3882 0.8675 -0.3110
vn -0.2974 0.9165 -0.2674
vn -0.2686 0.9135 -0.3056
vn -0.2776 0.9010 -0.3333
vn -0.2344 0.9514 -0.1999
vn -0.2438 0.9424 -0.2289
vn -0.2881 0.9274 -0.2388
vn 0.2274 0.7487 -0.6227
vn 0.2545 0.7182 -0.6477
vn 0.2433 0.7001 -0.6713
vn 0.2379 0.7657 -0.5976
vn 0.2827 0.7635 -0.5806
vn 0.3099 0.7329 -0.6057
vn 0.1934 0.8324 -0.5194
vn 0.2203 0.8086 -0.5456
vn 0.2107 0.7929 -0.5718
vn 0.4096 0.5855 -0.6996
vn 0.4534 0.5789 -0.6777
vn 0.4756 0.5394 -0.6949
vn 0.3855 0.6238 -0.6799
vn 0.3966 0.6417 -0.6565
vn 0.4405 0.6350 -0.6346
vn 0.2698 0.6666 -0.6949
vn 0.3150 0.6644 -0.6777
vn 0.3406 0.6282 -0.6996
vn 0.2840 0.5352 -0.7956
vn 0.3063 0.4955 -0.8128
vn 0.2946 0.4767 -0.8282
vn 0.2958 0.5543 -0.7779
vn 0.3413 0.5522 -0.7607
vn 0.3635 0.5125 -0.7779
vn 0.2582 0.6478 -0.7167
vn 0.2837 0.6117 -0.7385
vn 0.2718 0.5925 -0.7583
vn 0.3475 0.7920 -0.5020
vn 0.3887 0.7842 -0.4836
vn 0.4187 0.7545 -0.5054
vn 0.3160 0.8189 -0.4791
vn 0.3274 0.8374 -0.4378
vn 0.3685 0.8296 -0.4194
vn 0.2043 0.8498 -0.4859
vn 0.2431 0.8475 -0.4718
vn 0.2756 0.8238 -0.4954
vn 0.5594 0.7487 -0.3557
vn 0.5678 0.7622 -0.3109
vn 0.6035 0.7438 -0.2873
vn 0.5211 0.7649 -0.3786
vn 0.4911 0.7947 -0.3568
vn 0.4995 0.8082 -0.3120
vn 0.4597 0.7438 -0.4852
vn 0.4711 0.7622 -0.4439
vn 0.5112 0.7487 -0.4221
vn 0.6136 0.6149 -0.4954
vn 0.6493 0.5965 -0.4718
vn 0.6688 0.5628 -0.4859
vn 0.5912 0.6488 -0.4791
vn 0.6026 0.6673 -0.4378
vn 0.6383 0.6488 -0.4142
vn 0.4876 0.7119 -0.5054
vn 0.5276 0.6983 -0.4836
vn 0.5529 0.6650 -0.5020
vn 0.0755 0.9852 -0.1541
vn 0.0994 0.9802 -0.1715
vn 0.0968 0.9707 -0.2198
vn 0.0773 0.9914 -0.1053
vn 0.1232 0.9883 -0.0895
vn 0.1470 0.9833 -0.1068
vn 0.0334 0.9991 -0.0243
vn 0.0552 0.9977 -0.0401
vn 0.0543 0.9946 -0.0886
vn 0.2613 0.9349 -0.2403
vn 0.3066 0.9254 -0.2227
vn 0.3299 0.9131 -0.2397
vn 0.2372 0.9456 -0.2228
vn 0.2399 0.9550 -0.1743
vn 0.2852 0.9456 -0.1567
vn 0.1212 0.9638 -0.2376
vn 0.1669 0.9607 -0.2218
vn 0.1914 0.9518 -0.2396
vn 0.1575 0.8992 -0.4082
vn 0.1813 0.8866 -0.4255
vn 0.1759 0.8675 -0.4653
vn 0.1624 0.9165 -0.3655
vn 0.2077 0.9135 -0.3499
vn 0.2312 0.9010 -0.3670
vn 0.1177 0.9514 -0.2847
vn 0.1423 0.9424 -0.3026
vn 0.1380 0.9274 -0.3478
vn 0.6131 0.7747 -0.1549
vn 0.6455 0.7438 -0.1732
vn 0.6383 0.7372 -0.2216
vn 0.6179 0.7790 -0.1065
vn 0.6395 0.7635 -0.0894
vn 0.6718 0.7329 -0.1075
vn 0.5537 0.8324 -0.0235
vn 0.5870 0.8086 -0.0409
vn 0.5847 0.8064 -0.0885
vn 0.7658 0.5968 -0.2396
vn 0.7846 0.5789 -0.2218
vn 0.8078 0.5394 -0.2376
vn 0.7397 0.6350 -0.2228
vn 0.7469 0.6417 -0.1743
vn 0.7657 0.6238 -0.1566
vn 0.6692 0.7034 -0.2397
vn 0.6906 0.6881 -0.2227
vn 0.7193 0.6518 -0.2403
vn 0.6891 0.5975 -0.4100
vn 0.7119 0.5587 -0.4255
vn 0.6973 0.5453 -0.4653
vn 0.7025 0.6098 -0.3670
vn 0.7242 0.5943 -0.3499
vn 0.7471 0.5552 -0.3655
vn 0.6596 0.6946 -0.2872
vn 0.6883 0.6584 -0.3047
vn 0.6766 0.6477 -0.3503
vn 0.0421 0.7747 -0.6310
vn 0.0348 0.7438 -0.6674
vn -0.0135 0.7372 -0.6755
vn 0.0896 0.7790 -0.6205
vn 0.1126 0.7635 -0.6359
vn 0.1053 0.7329 -0.6722
vn 0.1488 0.8324 -0.5339
vn 0.1424 0.8086 -0.5709
vn 0.0965 0.8064 -0.5834
vn 0.0088 0.5968 -0.8023
vn 0.0315 0.5789 -0.8148
vn 0.0237 0.5394 -0.8417
vn 0.0167 0.6350 -0.7723
vn 0.0650 0.6417 -0.7642
vn 0.0877 0.6238 -0.7766
vn -0.0212 0.7034 -0.7105
vn 0.0016 0.6881 -0.7256
vn -0.0062 0.6518 -0.7584
vn -0.1770 0.5975 -0.7821
vn -0.1847 0.5587 -0.8086
vn -0.2271 0.5453 -0.8069
vn -0.1319 0.6098 -0.7815
vn -0.1090 0.5943 -0.7968
vn -0.1167 0.5552 -0.8235
vn -0.0693 0.6946 -0.7160
vn -0.0771 0.6584 -0.7487
vn -0.1241 0.6477 -0.7517
vn -0.5871 0.7747 -0.2350
vn -0.6240 0.7438 -0.2393
vn -0.6466 0.7372 -0.1959
vn -0.5625 0.7790 -0.2770
vn -0.5700 0.7635 -0.3036
vn -0.6067 0.7329 -0.3079
vn -0.4618 0.8324 -0.3065
vn -0.4990 0.8086 -0.3119
vn -0.5250 0.8064 -0.2721
vn -0.7603 0.5968 -0.2563
vn -0.7652 0.5789 -0.2817
vn -0.7932 0.5394 -0.2826
vn -0.7294 0.6350 -0.2545
vn -0.7067 0.6417 -0.2980
vn -0.7115 0.6238 -0.3234
vn -0.6823 0.7034 -0.1994
vn -0.6897 0.6881 -0.2257
vn -0.7232 0.6518 -0.2284
vn -0.7985 0.5975 -0.0734
vn -0.8261 0.5587 -0.0742
vn -0.8376 0.5453 -0.0334
vn -0.7840 0.6098 -0.1160
vn -0.7915 0.5943 -0.1426
vn -0.8193 0.5552 -0.1435
vn -0.7024 0.6946 -0.1554
vn -0.7359 0.6584 -0.1580
vn -0.7533 0.6477 -0.1143
vn -0.4049 0.7747 0.4857
vn -0.4205 0.7438 0.5195
vn -0.3861 0.7372 0.5545
vn -0.4373 0.7790 0.4493
vn -0.4648 0.7635 0.4482
vn -0.4803 0.7329 0.4819
vn -0.4342 0.8324 0.3445
vn -0.4508 0.8086 0.3782
vn -0.4210 0.8064 0.4153
vn -0.4787 0.5968 0.6439
vn -0.5044 0.5789 0.6407
vn -0.5139 0.5394 0.6670
vn -0.4674 0.6350 0.6150
vn -0.5018 0.6417 0.5800
vn -0.5275 0.6238 0.5768
vn -0.4005 0.7034 0.5872
vn -0.4278 0.6881 0.5861
vn -0.4407 0.6518 0.6172
vn -0.3165 0.5975 0.7367
vn -0.3259 0.5587 0.7627
vn -0.2906 0.5453 0.7863
vn -0.3526 0.6098 0.7098
vn -0.3802 0.5943 0.7087
vn -0.3896 0.5552 0.7348
vn -0.3648 0.6946 0.6200
vn -0.3777 0.6584 0.6510
vn -0.3415 0.6477 0.6811
vn 0.3368 0.7747 0.5352
vn 0.3642 0.7438 0.5604
vn 0.4080 0.7372 0.5386
vn 0.2922 0.7790 0.5547
vn 0.2827 0.7635 0.5806
vn 0.3099 0.7329 0.6057
vn 0.1934 0.8324 0.5194
vn 0.2203 0.8086 0.5456
vn 0.2648 0.8064 0.5287
vn 0.4645 0.5968 0.6543
vn 0.4534 0.5789 0.6777
vn 0.4756 0.5394 0.6949
vn 0.4405 0.6350 0.6346
vn 0.3966 0.6417 0.6565
vn 0.3855 0.6238 0.6799
vn 0.4347 0.7034 0.5624
vn 0.4253 0.6881 0.5880
vn 0.4508 0.6518 0.6099
vn 0.6029 0.5975 0.5287
vn 0.6247 0.5587 0.5456
vn 0.6580 0.5453 0.5194
vn 0.5661 0.6098 0.5547
vn 0.5565 0.5943 0.5806
vn 0.5785 0.5552 0.5976
vn 0.4769 0.6946 0.5386
vn 0.5025 0.6584 0.5604
vn 0.5422 0.6477 0.5352
vn 0.8740 -0.0158 -0.4857
vn 0.8534 -0.0434 -0.5195
vn 0.8321 -0.0157 -0.5545
vn 0.8923 -0.0427 -0.4493
vn 0.8908 -0.0743 -0.4482
vn 0.8703 -0.1019 -0.4819
vn 0.9387 -0.0161 -0.3445
vn 0.9248 -0.0416 -0.3781
vn 0.9096 -0.0159 -0.4152
vn 0.7479 -0.1613 -0.6439
vn 0.7434 -0.1923 -0.6406
vn 0.7123 -0.2184 -0.6670
vn 0.7770 -0.1341 -0.6150
vn 0.7983 -0.1619 -0.5800
vn 0.7938 -0.1928 -0.5767
vn 0.8082 -0.0437 -0.5872
vn 0.8067 -0.0749 -0.5861
vn 0.7801 -0.1027 -0.6172
vn 0.6760 -0.0159 -0.7367
vn 0.6454 -0.0416 -0.7627
vn 0.6177 -0.0161 -0.7863
vn 0.7031 -0.0427 -0.7098
vn 0.7016 -0.0743 -0.7087
vn 0.6708 -0.1002 -0.7348
vn 0.7844 -0.0157 -0.6200
vn 0.7578 -0.0434 -0.6510
vn 0.7320 -0.0158 -0.6811
vn -0.1919 -0.0158 -0.9813
vn -0.2304 -0.0434 -0.9721
vn -0.2702 -0.0157 -0.9627
vn -0.1516 -0.0427 -0.9875
vn -0.1510 -0.0743 -0.9857
vn -0.1894 -0.1019 -0.9766
vn -0.0376 -0.0161 -0.9992
vn -0.0739 -0.0416 -0.9964
vn -0.1139 -0.0159 -0.9934
vn -0.3813 -0.1613 -0.9103
vn -0.3796 -0.1923 -0.9050
vn -0.4143 -0.2184 -0.8836
vn -0.3448 -0.1341 -0.9290
vn -0.3049 -0.1619 -0.9385
vn -0.3032 -0.1928 -0.9332
vn -0.3087 -0.0437 -0.9501
vn -0.3082 -0.0749 -0.9484
vn -0.3460 -0.1027 -0.9326
vn -0.4918 -0.0159 -0.8706
vn -0.5259 -0.0416 -0.8495
vn -0.5569 -0.0161 -0.8304
vn -0.4578 -0.0427 -0.8880
vn -0.4572 -0.0743 -0.8862
vn -0.4916 -0.1002 -0.8651
vn -0.3473 -0.0157 -0.9376
vn -0.3850 -0.0434 -0.9219
vn -0.4216 -0.0158 -0.9067
vn -0.9926 -0.0158 -0.1207
vn -0.9957 -0.0434 -0.0813
vn -0.9991 -0.0157 -0.0405
vn -0.9860 -0.0427 -0.1610
vn -0.9842 -0.0743 -0.1610
vn -0.9873 -0.1019 -0.1217
vn -0.9619 -0.0161 -0.2730
vn -0.9705 -0.0416 -0.2377
vn -0.9799 -0.0159 -0.1987
vn -0.9836 -0.1613 0.0814
vn -0.9780 -0.1923 0.0814
vn -0.9683 -0.2184 0.1209
vn -0.9901 -0.1341 0.0408
vn -0.9868 -0.1619 -0.0000
vn -0.9812 -0.1928 -0.0000
vn -0.9990 -0.0437 -0.0000
vn -0.9972 -0.0749 -0.0000
vn -0.9939 -0.1027 0.0408
vn -0.9799 -0.0159 0.1987
vn -0.9705 -0.0416 0.2377
vn -0.9619 -0.0161 0.2730
vn -0.9860 -0.0427 0.1610
vn -0.9842 -0.0743 0.1610
vn -0.9746 -0.1002 0.2002
vn -0.9991 -0.0157 0.0405
vn -0.9957 -0.0434 0.0813
vn -0.9926 -0.0158 0.1207
vn -0.4215 -0.0158 0.9067
vn -0.3850 -0.0434 0.9219
vn -0.3473 -0.0157 0.9376
vn -0.4578 -0.0427 0.8880
vn -0.4572 -0.0743 0.8862
vn -0.4208 -0.1019 0.9014
vn -0.5569 -0.0161 0.8304
vn -0.5259 -0.0416 0.8495
vn -0.4918 -0.0159 0.8706
vn -0.2266 -0.1613 0.9606
vn -0.2248 -0.1923 0.9552
vn -0.1842 -0.2184 0.9583
vn -0.2671 -0.1341 0.9543
vn -0.3049 -0.1619 0.9385
vn -0.3032 -0.1928 0.9332
vn -0.3087 -0.0437 0.9501
vn -0.3081 -0.0749 0.9484
vn -0.2683 -0.1027 0.9578
vn -0.1139 -0.0159 0.9934
vn -0.0739 -0.0416 0.9964
vn -0.0376 -0.0161 0.9992
vn -0.1516 -0.0427 0.9875
vn -0.1510 -0.0743 0.9857
vn -0.1108 -0.1002 0.9888
vn -0.2702 -0.0157 0.9627
vn -0.2304 -0.0434 0.9721
vn -0.1919 -0.0158 0.9813
vn 0.7320 -0.0158 0.6811
vn 0.7578 -0.0434 0.6510
vn 0.7844 -0.0157 0.6200
vn 0.7031 -0.0427 0.7098
vn 0.7016 -0.0743 0.7087
vn 0.7272 -0.1019 0.6788
vn 0.6177 -0.0161 0.7863
vn 0.6454 -0.0416 0.7627
vn 0.6760 -0.0159 0.7367
vn 0.8435 -0.1613 0.5123
vn 0.8390 -0.1923 0.5090
vn 0.8545 -0.2184 0.4713
vn 0.8250 -0.1341 0.5490
vn 0.7983 -0.1619 0.5800
vn 0.7938 -0.1928 0.5768
vn 0.8082 -0.0437 0.5872
vn 0.8067 -0.0749 0.5861
vn 0.8281 -0.1027 0.5512
vn 0.9096 -0.0159 0.4153
vn 0.9248 -0.0416 0.3781
vn 0.9387 -0.0161 0.3445
vn 0.8923 -0.0427 0.4493
vn 0.8908 -0.0743 0.4482
vn 0.9062 -0.1002 0.4109
vn 0.8321 -0.0157 0.5545
vn 0.8534 -0.0434 0.5195
vn 0.8740 -0.0158 0.4857
vn 0.5188 -0.1787 -0.8360
vn 0.5195 -0.2255 -0.8242
vn 0.4794 -0.2487 -0.8416
vn 0.5565 -0.1547 -0.8163
vn 0.5785 -0.1683 -0.7981
vn 0.5792 -0.2150 -0.7863
vn 0.5853 -0.0408 -0.8098
vn 0.5891 -0.0847 -0.8036
vn 0.5542 -0.1090 -0.8252
vn 0.5138 -0.4132 -0.7519
vn 0.5337 -0.4255 -0.7308
vn 0.5275 -0.4682 -0.7089
vn 0.5184 -0.3684 -0.7717
vn 0.5585 -0.3452 -0.7543
vn 0.5783 -0.3575 -0.7333
vn 0.4784 -0.2957 -0.8269
vn 0.5002 -0.3091 -0.8089
vn 0.4973 -0.3554 -0.7914
vn 0.3453 -0.4470 -0.8252
vn 0.3392 -0.4890 -0.8036
vn 0.2982 -0.5053 -0.8097
vn 0.3872 -0.4286 -0.8163
vn 0.4093 -0.4422 -0.7981
vn 0.4031 -0.4845 -0.7764
vn 0.4368 -0.3176 -0.8416
vn 0.4340 -0.3638 -0.8242
vn 0.3918 -0.3841 -0.8360
vn -0.6348 -0.1787 -0.7517
vn -0.6233 -0.2255 -0.7487
vn -0.6523 -0.2487 -0.7160
vn -0.6044 -0.1547 -0.7815
vn -0.5803 -0.1683 -0.7968
vn -0.5689 -0.2149 -0.7939
vn -0.5892 -0.0408 -0.8069
vn -0.5823 -0.0847 -0.8086
vn -0.6136 -0.1090 -0.7821
vn -0.5563 -0.4132 -0.7210
vn -0.5301 -0.4255 -0.7334
vn -0.5112 -0.4682 -0.7207
vn -0.5738 -0.3684 -0.7315
vn -0.5448 -0.3452 -0.7642
vn -0.5187 -0.3575 -0.7766
vn -0.6386 -0.2957 -0.7105
vn -0.6147 -0.3091 -0.7256
vn -0.5990 -0.3554 -0.7175
vn -0.6781 -0.4470 -0.5834
vn -0.6595 -0.4890 -0.5709
vn -0.6780 -0.5053 -0.5339
vn -0.6567 -0.4286 -0.6205
vn -0.6326 -0.4422 -0.6358
vn -0.6138 -0.4845 -0.6233
vn -0.6654 -0.3176 -0.6755
vn -0.6498 -0.3638 -0.6674
vn -0.6741 -0.3841 -0.6310
vn -0.9111 -0.1787 0.3715
vn -0.9047 -0.2255 0.3615
vn -0.8825 -0.2487 0.3991
vn -0.9300 -0.1547 0.3333
vn -0.9371 -0.1683 0.3056
vn -0.9308 -0.2150 0.2957
vn -0.9495 -0.0408 0.3111
vn -0.9489 -0.0847 0.3039
vn -0.9334 -0.1090 0.3419
vn -0.8576 -0.4132 0.3063
vn -0.8613 -0.4255 0.2775
vn -0.8434 -0.4682 0.2635
vn -0.8730 -0.3684 0.3197
vn -0.8952 -0.3452 0.2820
vn -0.8989 -0.3575 0.2533
vn -0.8730 -0.2957 0.3878
vn -0.8801 -0.3091 0.3604
vn -0.8675 -0.3554 0.3480
vn -0.7644 -0.4470 0.4647
vn -0.7468 -0.4890 0.4508
vn -0.7172 -0.5053 0.4798
vn -0.7931 -0.4286 0.4328
vn -0.8002 -0.4422 0.4051
vn -0.7825 -0.4845 0.3912
vn -0.8481 -0.3176 0.4241
vn -0.8356 -0.3638 0.4117
vn -0.8084 -0.3841 0.4461
vn 0.0717 -0.1787 0.9813
vn 0.0642 -0.2255 0.9721
vn 0.1068 -0.2487 0.9627
vn 0.0296 -0.1547 0.9875
vn 0.0011 -0.1683 0.9857
vn -0.0064 -0.2150 0.9766
vn 0.0024 -0.0408 0.9992
vn -0.0042 -0.0847 0.9964
vn 0.0367 -0.1090 0.9934
vn 0.0263 -0.4132 0.9103
vn -0.0022 -0.4255 0.9050
vn -0.0101 -0.4682 0.8836
vn 0.0343 -0.3684 0.9290
vn -0.0084 -0.3452 0.9385
vn -0.0368 -0.3575 0.9332
vn 0.0990 -0.2957 0.9501
vn 0.0708 -0.3091 0.9484
vn 0.0629 -0.3554 0.9326
vn 0.2057 -0.4470 0.8706
vn 0.1980 -0.4890 0.8495
vn 0.2347 -0.5053 0.8304
vn 0.1665 -0.4286 0.8880
vn 0.1380 -0.4422 0.8862
vn 0.1302 -0.4845 0.8650
vn 0.1413 -0.3176 0.9376
vn 0.1334 -0.3638 0.9219
vn 0.1744 -0.3841 0.9067
vn 0.9554 -0.1787 0.2350
vn 0.9444 -0.2255 0.2393
vn 0.9486 -0.2487 0.1959
vn 0.9483 -0.1547 0.2770
vn 0.9378 -0.1683 0.3036
vn 0.9268 -0.2150 0.3079
vn 0.9510 -0.0408 0.3065
vn 0.9463 -0.0847 0.3119
vn 0.9561 -0.1090 0.2721
vn 0.8738 -0.4132 0.2563
vn 0.8600 -0.4255 0.2817
vn 0.8372 -0.4682 0.2826
vn 0.8942 -0.3684 0.2545
vn 0.8900 -0.3452 0.2980
vn 0.8761 -0.3575 0.3234
vn 0.9342 -0.2957 0.1994
vn 0.9238 -0.3091 0.2257
vn 0.9064 -0.3554 0.2284
vn 0.8915 -0.4470 0.0734
vn 0.8691 -0.4890 0.0742
vn 0.8623 -0.5053 0.0334
vn 0.8960 -0.4286 0.1160
vn 0.8855 -0.4422 0.1426
vn 0.8629 -0.4845 0.1435
vn 0.9354 -0.3176 0.1554
vn 0.9180 -0.3638 0.1581
vn 0.9162 -0.3841 0.1143
vn 0.2476 -0.8948 -0.3714
vn 0.2029 -0.9100 -0.3615
vn 0.1723 -0.9006 -0.3991
vn 0.2776 -0.9010 -0.3333
vn 0.2686 -0.9135 -0.3056
vn 0.2240 -0.9286 -0.2957
vn 0.3882 -0.8675 -0.3110
vn 0.3486 -0.8866 -0.3039
vn 0.3200 -0.8836 -0.3419
vn 0.0140 -0.9518 -0.3063
vn 0.0046 -0.9607 -0.2775
vn -0.0416 -0.9638 -0.2634
vn 0.0609 -0.9456 -0.3197
vn 0.0916 -0.9550 -0.2820
vn 0.0823 -0.9639 -0.2533
vn 0.1260 -0.9131 -0.3878
vn 0.1171 -0.9254 -0.3604
vn 0.0701 -0.9349 -0.3480
vn -0.0579 -0.8836 -0.4647
vn -0.1034 -0.8866 -0.4508
vn -0.1312 -0.8675 -0.4798
vn -0.0286 -0.9010 -0.4328
vn -0.0376 -0.9135 -0.4051
vn -0.0834 -0.9165 -0.3912
vn 0.0952 -0.9006 -0.4241
vn 0.0483 -0.9100 -0.4117
vn 0.0180 -0.8948 -0.4461
vn -0.2767 -0.8948 -0.3503
vn -0.2811 -0.9100 -0.3047
vn -0.3263 -0.9006 -0.2871
vn -0.2312 -0.9010 -0.3670
vn -0.2077 -0.9135 -0.3499
vn -0.2120 -0.9286 -0.3044
vn -0.1759 -0.8675 -0.4653
vn -0.1813 -0.8866 -0.4255
vn -0.2263 -0.8836 -0.4100
vn -0.2870 -0.9518 -0.1079
vn -0.2625 -0.9607 -0.0902
vn -0.2634 -0.9638 -0.0419
vn -0.2852 -0.9456 -0.1567
vn -0.2399 -0.9550 -0.1743
vn -0.2155 -0.9639 -0.1566
vn -0.3299 -0.9131 -0.2397
vn -0.3066 -0.9254 -0.2227
vn -0.3093 -0.9349 -0.1742
vn -0.4598 -0.8836 -0.0885
vn -0.4607 -0.8866 -0.0409
vn -0.4969 -0.8675 -0.0235
vn -0.4205 -0.9010 -0.1065
vn -0.3969 -0.9135 -0.0894
vn -0.3978 -0.9165 -0.0416
vn -0.3739 -0.9006 -0.2216
vn -0.3766 -0.9100 -0.1732
vn -0.4187 -0.8948 -0.1549
vn -0.4187 -0.8948 0.1550
vn -0.3766 -0.9100 0.1732
vn -0.3739 -0.9006 0.2216
vn -0.4205 -0.9010 0.1065
vn -0.3969 -0.9135 0.0894
vn -0.3550 -0.9286 0.1075
vn -0.4969 -0.8675 0.0235
vn -0.4607 -0.8866 0.0410
vn -0.4598 -0.8836 0.0885
vn -0.1913 -0.9518 0.2396
vn -0.1669 -0.9607 0.2218
vn -0.1212 -0.9638 0.2376
vn -0.2372 -0.9456 0.2228
vn -0.2399 -0.9550 0.1743
vn -0.2155 -0.9639 0.1566
vn -0.3299 -0.9131 0.2397
vn -0.3066 -0.9254 0.2227
vn -0.2613 -0.9349 0.2403
vn -0.2263 -0.8836 0.4100
vn -0.1813 -0.8866 0.4255
vn -0.1759 -0.8675 0.4653
vn -0.2312 -0.9010 0.3670
vn -0.2077 -0.9135 0.3499
vn -0.1624 -0.9165 0.3655
vn -0.3263 -0.9006 0.2872
vn -0.2811 -0.9100 0.3047
vn -0.2767 -0.8948 0.3503
vn 0.7533 -0.6477 0.1143
vn 0.7359 -0.6584 0.1581
vn 0.7024 -0.6946 0.1554
vn 0.7840 -0.6098 0.1160
vn 0.7915 -0.5943 0.1426
vn 0.7742 -0.6049 0.1862
vn 0.8376 -0.5453 0.0334
vn 0.8260 -0.5587 0.0742
vn 0.7985 -0.5975 0.0734
vn 0.6484 -0.6824 0.3376
vn 0.6532 -0.6645 0.3631
vn 0.6267 -0.6666 0.4036
vn 0.6731 -0.6780 0.2953
vn 0.7067 -0.6417 0.2980
vn 0.7115 -0.6238 0.3234
vn 0.6822 -0.7034 0.1994
vn 0.6896 -0.6881 0.2257
vn 0.6670 -0.6947 0.2692
vn 0.5250 -0.8064 0.2721
vn 0.4989 -0.8086 0.3119
vn 0.4618 -0.8324 0.3065
vn 0.5625 -0.7790 0.2770
vn 0.5699 -0.7636 0.3036
vn 0.5437 -0.7657 0.3437
vn 0.6466 -0.7372 0.1959
vn 0.6240 -0.7439 0.2393
vn 0.5871 -0.7747 0.2350
vn 0.0180 -0.8948 0.4461
vn 0.0483 -0.9100 0.4117
vn 0.0952 -0.9006 0.4241
vn -0.0286 -0.9010 0.4328
vn -0.0376 -0.9135 0.4051
vn -0.0074 -0.9286 0.3709
vn -0.1312 -0.8675 0.4798
vn -0.1034 -0.8866 0.4508
vn -0.0579 -0.8836 0.4647
vn 0.1687 -0.9518 0.2560
vn 0.1594 -0.9607 0.2273
vn 0.1885 -0.9638 0.1887
vn 0.1386 -0.9456 0.2944
vn 0.0916 -0.9550 0.2820
vn 0.0823 -0.9639 0.2533
vn 0.1260 -0.9131 0.3878
vn 0.1171 -0.9254 0.3604
vn 0.1478 -0.9349 0.3227
vn 0.3200 -0.8836 0.3419
vn 0.3486 -0.8866 0.3039
vn 0.3882 -0.8675 0.3110
vn 0.2776 -0.9010 0.3333
vn 0.2686 -0.9135 0.3056
vn 0.2974 -0.9165 0.2674
vn 0.1723 -0.9006 0.3991
vn 0.2029 -0.9100 0.3615
vn 0.2476 -0.8948 0.3715
vn 0.2148 -0.9394 0.2673
vn 0.2438 -0.9424 0.2289
vn 0.2881 -0.9274 0.2388
vn 0.0140 -0.9518 0.3063
vn 0.0046 -0.9607 0.2775
vn 0.0353 -0.9701 0.2399
vn -0.0927 -0.9274 0.3625
vn -0.0627 -0.9424 0.3284
vn -0.0167 -0.9394 0.3425
vn 0.6129 -0.7161 0.3341
vn 0.5865 -0.7182 0.3744
vn 0.5499 -0.7487 0.3701
vn 0.7603 -0.5968 0.2563
vn 0.7651 -0.5789 0.2817
vn 0.7425 -0.5856 0.3252
vn 0.8255 -0.5382 0.1699
vn 0.8083 -0.5488 0.2133
vn 0.7804 -0.5881 0.2124
vn -0.1878 -0.9394 0.2869
vn -0.1423 -0.9424 0.3026
vn -0.1380 -0.9274 0.3478
vn -0.2870 -0.9518 0.1080
vn -0.2625 -0.9607 0.0902
vn -0.2173 -0.9701 0.1077
vn -0.3734 -0.9274 0.0238
vn -0.3317 -0.9424 0.0419
vn -0.3309 -0.9394 0.0900
vn -0.3309 -0.9394 -0.0900
vn -0.3317 -0.9424 -0.0419
vn -0.3734 -0.9274 -0.0238
vn -0.1913 -0.9518 -0.2396
vn -0.1669 -0.9607 -0.2218
vn -0.1696 -0.9702 -0.1734
vn -0.1380 -0.9274 -0.3477
vn -0.1423 -0.9424 -0.3025
vn -0.1878 -0.9394 -0.2869
vn -0.0167 -0.9394 -0.3425
vn -0.0627 -0.9424 -0.3284
vn -0.0927 -0.9274 -0.3625
vn 0.1687 -0.9518 -0.2560
vn 0.1594 -0.9607 -0.2273
vn 0.1125 -0.9702 -0.2148
vn 0.2881 -0.9274 -0.2387
vn 0.2438 -0.9424 -0.2289
vn 0.2148 -0.9394 -0.2673
vn 0.8750 -0.4350 0.2124
vn 0.8523 -0.4776 0.2133
vn 0.8506 -0.4977 0.1699
vn 0.9003 -0.2748 0.3376
vn 0.8864 -0.2871 0.3631
vn 0.8690 -0.3333 0.3658
vn 0.9156 -0.1571 0.3701
vn 0.9047 -0.2035 0.3744
vn 0.9145 -0.2280 0.3341
vn 0.0684 -0.4350 0.8978
vn 0.0605 -0.4776 0.8765
vn 0.1012 -0.4977 0.8614
vn -0.0429 -0.2748 0.9605
vn -0.0714 -0.2871 0.9552
vn -0.0793 -0.3333 0.9395
vn -0.0691 -0.1571 0.9852
vn -0.0765 -0.2035 0.9761
vn -0.0351 -0.2280 0.9730
vn -0.8327 -0.4350 0.3425
vn -0.8149 -0.4776 0.3284
vn -0.7880 -0.4977 0.3625
vn -0.9268 -0.2748 0.2560
vn -0.9305 -0.2871 0.2273
vn -0.9180 -0.3333 0.2149
vn -0.9583 -0.1571 0.2388
vn -0.9520 -0.2035 0.2289
vn -0.9363 -0.2280 0.2673
vn -0.5830 -0.4350 -0.6862
vn -0.5642 -0.4776 -0.6735
vn -0.5882 -0.4977 -0.6374
vn -0.5299 -0.2748 -0.8023
vn -0.5037 -0.2871 -0.8148
vn -0.4880 -0.3333 -0.8067
vn -0.5232 -0.1571 -0.8376
vn -0.5118 -0.2035 -0.8346
vn -0.5435 -0.2280 -0.8078
vn 0.4724 -0.4350 -0.7665
vn 0.4662 -0.4776 -0.7447
vn 0.4244 -0.4977 -0.7564
vn 0.5993 -0.2748 -0.7519
vn 0.6192 -0.2871 -0.7308
vn 0.6164 -0.3333 -0.7134
vn 0.6349 -0.1571 -0.7564
vn 0.6356 -0.2035 -0.7447
vn 0.6004 -0.2280 -0.7665
vn 0.8672 -0.1334 0.4797
vn 0.8827 -0.1594 0.4421
vn 0.9031 -0.1320 0.4087
vn 0.7479 -0.1613 0.6439
vn 0.7434 -0.1923 0.6406
vn 0.7647 -0.2200 0.6057
vn 0.6677 -0.1320 0.7326
vn 0.6933 -0.1594 0.7028
vn 0.7242 -0.1334 0.6766
vn -0.1882 -0.1334 0.9730
vn -0.1477 -0.1594 0.9761
vn -0.1096 -0.1320 0.9852
vn -0.3813 -0.1613 0.9103
vn -0.3796 -0.1923 0.9050
vn -0.3398 -0.2200 0.9144
vn -0.4904 -0.1320 0.8614
vn -0.4542 -0.1594 0.8765
vn -0.4197 -0.1334 0.8978
vn -0.9836 -0.1334 0.1217
vn -0.9740 -0.1594 0.1611
vn -0.9708 -0.1320 0.2002
vn -0.9836 -0.1613 -0.0813
vn -0.9780 -0.1923 -0.0813
vn -0.9746 -0.2200 -0.0406
vn -0.9708 -0.1320 -0.2002
vn -0.9740 -0.1594 -0.1611
vn -0.9836 -0.1334 -0.1217
vn -0.4197 -0.1334 -0.8978
vn -0.4542 -0.1594 -0.8765
vn -0.4904 -0.1320 -0.8614
vn -0.2266 -0.1613 -0.9606
vn -0.2248 -0.1923 -0.9552
vn -0.2626 -0.2200 -0.9395
vn -0.1096 -0.1320 -0.9852
vn -0.1477 -0.1594 -0.9761
vn -0.1882 -0.1334 -0.9730
vn 0.7242 -0.1334 -0.6766
vn 0.6933 -0.1594 -0.7028
vn 0.6677 -0.1320 -0.7326
vn 0.8435 -0.1613 -0.5123
vn 0.8390 -0.1923 -0.5090
vn 0.8124 -0.2200 -0.5400
vn 0.9031 -0.1320 -0.4087
vn 0.8827 -0.1594 -0.4421
vn 0.8672 -0.1334 -0.4797
vn 0.5065 0.5881 0.6306
vn 0.5286 0.5488 0.6477
vn 0.5680 0.5382 0.6227
vn 0.3261 0.6824 0.6543
vn 0.3150 0.6644 0.6777
vn 0.3406 0.6282 0.6996
vn 0.2274 0.7487 0.6227
vn 0.2545 0.7182 0.6477
vn 0.2995 0.7160 0.6306
vn -0.4432 0.5881 0.6766
vn -0.4526 0.5488 0.7028
vn -0.4167 0.5382 0.7326
vn -0.5215 0.6824 0.5123
vn -0.5472 0.6644 0.5090
vn -0.5601 0.6282 0.5401
vn -0.5219 0.7487 0.4087
vn -0.5373 0.7182 0.4422
vn -0.5072 0.7160 0.4797
vn -0.7804 0.5881 -0.2124
vn -0.8083 0.5488 -0.2133
vn -0.8255 0.5382 -0.1699
vn -0.6484 0.6824 -0.3376
vn -0.6532 0.6644 -0.3631
vn -0.6867 0.6282 -0.3658
vn -0.5500 0.7487 -0.3701
vn -0.5866 0.7182 -0.3744
vn -0.6129 0.7160 -0.3341
vn -0.0391 0.5881 -0.8079
vn -0.0469 0.5488 -0.8346
vn -0.0935 0.5382 -0.8376
vn 0.1207 0.6824 -0.7210
vn 0.1435 0.6644 -0.7334
vn 0.1357 0.6282 -0.7661
vn 0.1820 0.7487 -0.6374
vn 0.1748 0.7182 -0.6735
vn 0.1283 0.7160 -0.6862
vn 0.7562 0.5881 -0.2869
vn 0.7793 0.5488 -0.3026
vn 0.7677 0.5382 -0.3478
vn 0.7230 0.6824 -0.1080
vn 0.7419 0.6644 -0.0902
vn 0.7706 0.6282 -0.1077
vn 0.6625 0.7487 -0.0238
vn 0.6946 0.7182 -0.0419
vn 0.6922 0.7160 -0.0900
vn 0.2577 0.9224 -0.2877
vn 0.2811 0.9100 -0.3047
vn 0.2768 0.8948 -0.3503
vn 0.2173 0.9701 -0.1077
vn 0.2625 0.9607 -0.0902
vn 0.2870 0.9518 -0.1079
vn 0.1699 0.9852 -0.0242
vn 0.1938 0.9802 -0.0416
vn 0.1929 0.9771 -0.0900
vn 0.5873 0.7168 -0.3759
vn 0.6230 0.6983 -0.3524
vn 0.6483 0.6650 -0.3707
vn 0.4195 0.8352 -0.3557
vn 0.4279 0.8487 -0.3109
vn 0.4679 0.8352 -0.2890
vn 0.3049 0.8773 -0.3707
vn 0.3460 0.8696 -0.3523
vn 0.3785 0.8458 -0.3759
vn 0.3980 0.5669 -0.7213
vn 0.4203 0.5273 -0.7385
vn 0.4084 0.5081 -0.7583
vn 0.3814 0.6947 -0.6099
vn 0.4253 0.6881 -0.5880
vn 0.4508 0.6518 -0.6099
vn 0.3368 0.7747 -0.5352
vn 0.3642 0.7438 -0.5604
vn 0.3547 0.7285 -0.5861
vn -0.1940 0.9224 -0.3340
vn -0.2029 0.9100 -0.3615
vn -0.2477 0.8948 -0.3715
vn -0.0353 0.9701 -0.2399
vn -0.0046 0.9607 -0.2775
vn -0.0140 0.9518 -0.3063
vn 0.0295 0.9852 -0.1691
vn 0.0204 0.9802 -0.1972
vn -0.0260 0.9771 -0.2113
vn -0.1761 0.7168 -0.6747
vn -0.1426 0.6984 -0.7014
vn -0.1523 0.6650 -0.7311
vn -0.2087 0.8352 -0.5089
vn -0.1634 0.8487 -0.5030
vn -0.1303 0.8352 -0.5343
vn -0.2584 0.8773 -0.4045
vn -0.2282 0.8696 -0.4379
vn -0.2406 0.8458 -0.4761
vn -0.5630 0.5669 -0.6014
vn -0.5725 0.5273 -0.6279
vn -0.5950 0.5081 -0.6228
vn -0.4622 0.6947 -0.5511
vn -0.4278 0.6881 -0.5861
vn -0.4407 0.6518 -0.6172
vn -0.4049 0.7747 -0.4857
vn -0.4205 0.7438 -0.5195
vn -0.4478 0.7285 -0.5184
vn -0.3776 0.9224 0.0813
vn -0.4065 0.9100 0.0813
vn -0.4298 0.8948 0.1207
vn -0.2391 0.9701 -0.0406
vn -0.2654 0.9607 -0.0813
vn -0.2956 0.9518 -0.0813
vn -0.1517 0.9852 -0.0803
vn -0.1812 0.9802 -0.0803
vn -0.2090 0.9771 -0.0406
vn -0.6961 0.7168 -0.0410
vn -0.7111 0.6983 -0.0811
vn -0.7424 0.6650 -0.0811
vn -0.5485 0.8352 0.0412
vn -0.5289 0.8487 -0.0000
vn -0.5485 0.8352 -0.0412
vn -0.4646 0.8773 0.1207
vn -0.4870 0.8696 0.0817
vn -0.5272 0.8458 0.0817
vn -0.7460 0.5669 0.3496
vn -0.7741 0.5273 0.3504
vn -0.7761 0.5081 0.3734
vn -0.6670 0.6947 0.2693
vn -0.6896 0.6881 0.2257
vn -0.7232 0.6518 0.2284
vn -0.5871 0.7747 0.2350
vn -0.6240 0.7438 0.2393
vn -0.6315 0.7285 0.2657
vn -0.0394 0.9224 0.3843
vn -0.0483 0.9100 0.4117
vn -0.0180 0.8948 0.4461
vn -0.1125 0.9701 0.2149
vn -0.1594 0.9607 0.2273
vn -0.1687 0.9518 0.2560
vn -0.1232 0.9852 0.1195
vn -0.1324 0.9802 0.1476
vn -0.1032 0.9771 0.1862
vn -0.2541 0.7168 0.6493
vn -0.2969 0.6983 0.6513
vn -0.3066 0.6650 0.6810
vn -0.1303 0.8352 0.5343
vn -0.1634 0.8487 0.5030
vn -0.2087 0.8352 0.5089
vn -0.0287 0.8773 0.4791
vn -0.0728 0.8696 0.4884
vn -0.0852 0.8458 0.5266
vn 0.1019 0.5669 0.8175
vn 0.0941 0.5273 0.8445
vn 0.1153 0.5081 0.8535
vn 0.0500 0.6947 0.7176
vn 0.0016 0.6881 0.7257
vn -0.0062 0.6518 0.7584
vn 0.0421 0.7747 0.6310
vn 0.0348 0.7438 0.6675
vn 0.0576 0.7285 0.6827
vn 0.3533 0.9224 0.1562
vn 0.3766 0.9100 0.1732
vn 0.4187 0.8948 0.1550
vn 0.1696 0.9701 0.1734
vn 0.1669 0.9607 0.2218
vn 0.1914 0.9518 0.2396
vn 0.0755 0.9852 0.1541
vn 0.0994 0.9802 0.1715
vn 0.1452 0.9771 0.1557
vn 0.5390 0.7168 0.4424
vn 0.5276 0.6983 0.4836
vn 0.5529 0.6650 0.5020
vn 0.4679 0.8352 0.2891
vn 0.4279 0.8487 0.3109
vn 0.4195 0.8352 0.3557
vn 0.4468 0.8773 0.1754
vn 0.4420 0.8696 0.2202
vn 0.4745 0.8458 0.2438
vn 0.8090 0.5669 0.1557
vn 0.8322 0.5273 0.1715
vn 0.8474 0.5081 0.1541
vn 0.6979 0.6947 0.1742
vn 0.6906 0.6881 0.2227
vn 0.7193 0.6518 0.2403
vn 0.6131 0.7747 0.1550
vn 0.6455 0.7438 0.1732
vn 0.6670 0.7285 0.1562
vn 0.8426 0.3773 -0.3842
vn 0.8356 0.3638 -0.4117
vn 0.8084 0.3841 -0.4461
vn 0.9180 0.3332 -0.2148
vn 0.9306 0.2871 -0.2273
vn 0.9268 0.2747 -0.2560
vn 0.9363 0.3303 -0.1194
vn 0.9359 0.3199 -0.1475
vn 0.9201 0.3447 -0.1862
vn 0.7548 0.0932 -0.6493
vn 0.7574 0.0467 -0.6513
vn 0.7319 0.0232 -0.6810
vn 0.8053 0.2569 -0.5343
vn 0.8322 0.2334 -0.5030
vn 0.8403 0.1869 -0.5089
vn 0.7975 0.3666 -0.4791
vn 0.8103 0.3237 -0.4884
vn 0.7947 0.3020 -0.5266
vn 0.4614 0.3447 -0.8175
vn 0.4295 0.3199 -0.8445
vn 0.4029 0.3303 -0.8535
vn 0.5990 0.3554 -0.7176
vn 0.6147 0.3091 -0.7256
vn 0.5858 0.2859 -0.7584
vn 0.6741 0.3841 -0.6310
vn 0.6498 0.3638 -0.6674
vn 0.6258 0.3773 -0.6826
vn -0.1051 0.3773 -0.9201
vn -0.1334 0.3638 -0.9219
vn -0.1745 0.3841 -0.9067
vn 0.0793 0.3332 -0.9395
vn 0.0714 0.2871 -0.9552
vn 0.0429 0.2747 -0.9606
vn 0.1757 0.3303 -0.9274
vn 0.1489 0.3199 -0.9357
vn 0.1072 0.3447 -0.9326
vn -0.3843 0.0932 -0.9185
vn -0.3853 0.0467 -0.9216
vn -0.4215 0.0232 -0.9065
vn -0.2593 0.2569 -0.9310
vn -0.2212 0.2334 -0.9469
vn -0.2243 0.1869 -0.9564
vn -0.2092 0.3666 -0.9065
vn -0.2141 0.3237 -0.9216
vn -0.2553 0.3020 -0.9185
vn -0.6349 0.3447 -0.6915
vn -0.6704 0.3199 -0.6695
vn -0.6873 0.3303 -0.6470
vn -0.4973 0.3554 -0.7914
vn -0.5002 0.3091 -0.8089
vn -0.5403 0.2859 -0.7914
vn -0.3918 0.3841 -0.8360
vn -0.4340 0.3638 -0.8242
vn -0.4559 0.3773 -0.8061
vn -0.9076 0.3773 -0.1844
vn -0.9180 0.3638 -0.1580
vn -0.9162 0.3841 -0.1143
vn -0.8690 0.3332 -0.3658
vn -0.8864 0.2871 -0.3631
vn -0.9003 0.2747 -0.3376
vn -0.8277 0.3303 -0.4537
vn -0.8439 0.3199 -0.4307
vn -0.8538 0.3447 -0.3901
vn -0.9923 0.0932 0.0817
vn -0.9956 0.0467 0.0817
vn -0.9924 0.0232 0.1207
vn -0.9656 0.2569 -0.0410
vn -0.9689 0.2334 -0.0822
vn -0.9789 0.1869 -0.0822
vn -0.9268 0.3666 -0.0811
vn -0.9427 0.3237 -0.0811
vn -0.9524 0.3020 -0.0410
vn -0.8538 0.3447 0.3901
vn -0.8439 0.3199 0.4307
vn -0.8277 0.3303 0.4537
vn -0.9064 0.3553 0.2284
vn -0.9239 0.3091 0.2257
vn -0.9197 0.2859 0.2693
vn -0.9162 0.3841 0.1143
vn -0.9180 0.3638 0.1581
vn -0.9076 0.3773 0.1844
vn -0.4558 0.3773 0.8061
vn -0.4340 0.3638 0.8242
vn -0.3918 0.3841 0.8361
vn -0.6164 0.3332 0.7134
vn -0.6193 0.2871 0.7308
vn -0.5993 0.2747 0.7519
vn -0.6873 0.3303 0.6470
vn -0.6704 0.3199 0.6695
vn -0.6349 0.3447 0.6915
vn -0.2289 0.0932 0.9690
vn -0.2300 0.0467 0.9721
vn -0.1919 0.0232 0.9811
vn -0.3374 0.2569 0.9056
vn -0.3776 0.2334 0.8961
vn -0.3807 0.1869 0.9056
vn -0.3636 0.3666 0.8564
vn -0.3685 0.3237 0.8715
vn -0.3334 0.3020 0.8931
vn 0.1072 0.3447 0.9326
vn 0.1489 0.3199 0.9357
vn 0.1757 0.3303 0.9274
vn -0.0629 0.3553 0.9326
vn -0.0708 0.3091 0.9484
vn -0.0281 0.2859 0.9579
vn -0.1745 0.3841 0.9067
vn -0.1334 0.3638 0.9219
vn -0.1051 0.3773 0.9201
vn 0.6258 0.3773 0.6827
vn 0.6498 0.3638 0.6675
vn 0.6741 0.3841 0.6310
vn 0.4880 0.3332 0.8067
vn 0.5037 0.2871 0.8148
vn 0.5299 0.2747 0.8023
vn 0.4029 0.3303 0.8535
vn 0.4295 0.3199 0.8445
vn 0.4614 0.3447 0.8175
vn 0.8508 0.0932 0.5172
vn 0.8534 0.0467 0.5191
vn 0.8738 0.0232 0.4857
vn 0.7570 0.2569 0.6008
vn 0.7355 0.2334 0.6360
vn 0.7436 0.1869 0.6419
vn 0.7021 0.3666 0.6104
vn 0.7149 0.3237 0.6197
vn 0.7464 0.3020 0.5930
vn 0.9201 0.3447 0.1862
vn 0.9359 0.3199 0.1476
vn 0.9363 0.3303 0.1195
vn 0.8675 0.3553 0.3480
vn 0.8801 0.3091 0.3604
vn 0.9023 0.2859 0.3227
vn 0.8084 0.3841 0.4461
vn 0.8356 0.3638 0.4117
vn 0.8426 0.3773 0.3843
vn 0.2298 0.0747 -0.9704
vn 0.2304 0.0434 -0.9721
vn 0.1919 0.0157 -0.9813
vn 0.3398 0.2200 -0.9144
vn 0.3796 0.1922 -0.9050
vn 0.3813 0.1612 -0.9103
vn 0.3696 0.3049 -0.8777
vn 0.3723 0.2762 -0.8860
vn 0.3375 0.2500 -0.9075
vn 0.3334 -0.3021 -0.8931
vn 0.3685 -0.3238 -0.8714
vn 0.3636 -0.3666 -0.8564
vn 0.2675 -0.1171 -0.9564
vn 0.3077 -0.0935 -0.9469
vn 0.3458 -0.1171 -0.9310
vn 0.1919 -0.0232 -0.9811
vn 0.2300 -0.0468 -0.9721
vn 0.2290 -0.0933 -0.9690
vn -0.0727 -0.4137 -0.9075
vn -0.0806 -0.4566 -0.8860
vn -0.1074 -0.4670 -0.8777
vn 0.0281 -0.2859 -0.9578
vn 0.0708 -0.3091 -0.9484
vn 0.0629 -0.3554 -0.9326
vn 0.0717 -0.1787 -0.9813
vn 0.0642 -0.2255 -0.9721
vn 0.0359 -0.2390 -0.9704
vn -0.8519 0.0747 -0.5184
vn -0.8534 0.0434 -0.5195
vn -0.8740 0.0157 -0.4857
vn -0.7647 0.2200 -0.6057
vn -0.7434 0.1922 -0.6406
vn -0.7479 0.1612 -0.6439
vn -0.7206 0.3049 -0.6228
vn -0.7276 0.2762 -0.6279
vn -0.7588 0.2500 -0.6014
vn -0.7464 -0.3021 -0.5930
vn -0.7149 -0.3238 -0.6197
vn -0.7021 -0.3666 -0.6104
vn -0.8270 -0.1171 -0.5499
vn -0.8055 -0.0935 -0.5852
vn -0.7786 -0.1171 -0.6166
vn -0.8738 -0.0232 -0.4857
vn -0.8534 -0.0468 -0.5191
vn -0.8508 -0.0933 -0.5172
vn -0.8855 -0.4137 -0.2113
vn -0.8676 -0.4566 -0.1972
vn -0.8680 -0.4670 -0.1691
vn -0.9023 -0.2859 -0.3227
vn -0.8801 -0.3091 -0.3604
vn -0.8675 -0.3554 -0.3480
vn -0.9111 -0.1787 -0.3715
vn -0.9047 -0.2255 -0.3615
vn -0.9118 -0.2390 -0.3340
vn -0.7563 0.0747 0.6500
vn -0.7578 0.0434 0.6510
vn -0.7320 0.0157 0.6811
vn -0.8124 0.2200 0.5401
vn -0.8390 0.1922 0.5090
vn -0.8435 0.1612 0.5123
vn -0.8150 0.3049 0.4928
vn -0.8220 0.2762 0.4980
vn -0.8065 0.2500 0.5358
vn -0.7946 -0.3021 0.5266
vn -0.8103 -0.3238 0.4884
vn -0.7975 -0.3666 0.4791
vn -0.7786 -0.1171 0.6166
vn -0.8055 -0.0935 0.5852
vn -0.8270 -0.1171 0.5499
vn -0.7319 -0.0232 0.6810
vn -0.7574 -0.0468 0.6513
vn -0.7548 -0.0933 0.6493
vn -0.4746 -0.4137 0.7769
vn -0.4556 -0.4566 0.7642
vn -0.4290 -0.4670 0.7732
vn -0.5857 -0.2859 0.7584
vn -0.6147 -0.3091 0.7256
vn -0.5990 -0.3554 0.7176
vn -0.6348 -0.1787 0.7517
vn -0.6233 -0.2255 0.7487
vn -0.5994 -0.2390 0.7639
vn 0.3844 0.0747 0.9201
vn 0.3850 0.0434 0.9219
vn 0.4215 0.0157 0.9067
vn 0.2626 0.2200 0.9395
vn 0.2248 0.1922 0.9552
vn 0.2266 0.1612 0.9606
vn 0.2169 0.3049 0.9274
vn 0.2196 0.2762 0.9357
vn 0.2603 0.2500 0.9326
vn 0.2553 -0.3021 0.9185
vn 0.2141 -0.3238 0.9216
vn 0.2092 -0.3666 0.9065
vn 0.3458 -0.1171 0.9310
vn 0.3077 -0.0935 0.9469
vn 0.2675 -0.1171 0.9564
vn 0.4215 -0.0232 0.9065
vn 0.3853 -0.0468 0.9216
vn 0.3843 -0.0933 0.9185
vn 0.5922 -0.4137 0.6915
vn 0.5860 -0.4566 0.6695
vn 0.6028 -0.4670 0.6470
vn 0.5403 -0.2859 0.7914
vn 0.5002 -0.3091 0.8089
vn 0.4973 -0.3554 0.7914
vn 0.5187 -0.1787 0.8360
vn 0.5195 -0.2255 0.8242
vn 0.5413 -0.2390 0.8061
vn 0.9939 0.0747 -0.0813
vn 0.9957 0.0434 -0.0813
vn 0.9926 0.0157 -0.1207
vn 0.9747 0.2200 0.0406
vn 0.9780 0.1922 0.0814
vn 0.9836 0.1612 0.0814
vn 0.9490 0.3049 0.0803
vn 0.9577 0.2762 0.0803
vn 0.9674 0.2500 0.0406
vn 0.9524 -0.3021 0.0411
vn 0.9426 -0.3238 0.0811
vn 0.9268 -0.3666 0.0811
vn 0.9923 -0.1171 -0.0412
vn 0.9956 -0.0935 -0.0000
vn 0.9923 -0.1171 0.0412
vn 0.9924 -0.0232 -0.1207
vn 0.9956 -0.0468 -0.0817
vn 0.9923 -0.0933 -0.0817
vn 0.8406 -0.4137 -0.3495
vn 0.8178 -0.4566 -0.3504
vn 0.8016 -0.4670 -0.3734
vn 0.9197 -0.2859 -0.2692
vn 0.9238 -0.3091 -0.2257
vn 0.9064 -0.3554 -0.2284
vn 0.9554 -0.1787 -0.2350
vn 0.9444 -0.2255 -0.2393
vn 0.9340 -0.2390 -0.2657
vn 0.4051 -0.6430 -0.6499
vn 0.3777 -0.6584 -0.6510
vn 0.3414 -0.6477 -0.6811
vn 0.5601 -0.6282 -0.5400
vn 0.5472 -0.6645 -0.5090
vn 0.5215 -0.6824 -0.5123
vn 0.6372 -0.5926 -0.4928
vn 0.6147 -0.6117 -0.4980
vn 0.5843 -0.6096 -0.5358
vn 0.0852 -0.8458 -0.5266
vn 0.0728 -0.8696 -0.4884
vn 0.0287 -0.8773 -0.4791
vn 0.2435 -0.7487 -0.6165
vn 0.2766 -0.7623 -0.5852
vn 0.2651 -0.7920 -0.5499
vn 0.3066 -0.6650 -0.6810
vn 0.2969 -0.6984 -0.6512
vn 0.2541 -0.7168 -0.6493
vn -0.1578 -0.6096 -0.7769
vn -0.2046 -0.6117 -0.7642
vn -0.2258 -0.5926 -0.7732
vn 0.0062 -0.6518 -0.7584
vn -0.0016 -0.6881 -0.7256
vn -0.0499 -0.6947 -0.7175
vn 0.1241 -0.6477 -0.7517
vn 0.0771 -0.6584 -0.7487
vn 0.0543 -0.6430 -0.7639
vn -0.4929 -0.6430 -0.5861
vn -0.5024 -0.6584 -0.5604
vn -0.5422 -0.6477 -0.5352
vn -0.3405 -0.6282 -0.6995
vn -0.3150 -0.6645 -0.6777
vn -0.3261 -0.6824 -0.6542
vn -0.2718 -0.5926 -0.7583
vn -0.2837 -0.6117 -0.7385
vn -0.3290 -0.6096 -0.7212
vn -0.4745 -0.8458 -0.2438
vn -0.4420 -0.8696 -0.2202
vn -0.4468 -0.8773 -0.1754
vn -0.5111 -0.7487 -0.4221
vn -0.4711 -0.7623 -0.4439
vn -0.4411 -0.7920 -0.4221
vn -0.5529 -0.6650 -0.5020
vn -0.5276 -0.6984 -0.4836
vn -0.5390 -0.7168 -0.4423
vn -0.7876 -0.6096 -0.0900
vn -0.7900 -0.6117 -0.0416
vn -0.8052 -0.5926 -0.0242
vn -0.7193 -0.6518 -0.2403
vn -0.6906 -0.6881 -0.2227
vn -0.6979 -0.6947 -0.1742
vn -0.6766 -0.6477 -0.3503
vn -0.6882 -0.6584 -0.3047
vn -0.7097 -0.6430 -0.2877
vn -0.7097 -0.6430 0.2877
vn -0.6882 -0.6584 0.3047
vn -0.6766 -0.6477 0.3503
vn -0.7705 -0.6282 0.1077
vn -0.7419 -0.6645 0.0902
vn -0.7230 -0.6824 0.1080
vn -0.8052 -0.5926 0.0242
vn -0.7900 -0.6117 0.0416
vn -0.7876 -0.6095 0.0900
vn -0.3785 -0.8458 0.3759
vn -0.3460 -0.8696 0.3523
vn -0.3049 -0.8773 0.3707
vn -0.5594 -0.7487 0.3557
vn -0.5677 -0.7623 0.3109
vn -0.5377 -0.7920 0.2890
vn -0.6483 -0.6650 0.3707
vn -0.6230 -0.6984 0.3523
vn -0.5873 -0.7168 0.3759
vn -0.3290 -0.6096 0.7213
vn -0.2836 -0.6117 0.7385
vn -0.2718 -0.5926 0.7583
vn -0.4508 -0.6518 0.6099
vn -0.4252 -0.6881 0.5880
vn -0.3813 -0.6947 0.6099
vn -0.5422 -0.6477 0.5352
vn -0.5024 -0.6584 0.5604
vn -0.4929 -0.6430 0.5861
vn 0.6314 -0.7285 -0.2657
vn 0.6240 -0.7439 -0.2393
vn 0.5871 -0.7747 -0.2350
vn 0.7425 -0.5856 -0.3252
vn 0.7652 -0.5789 -0.2817
vn 0.7603 -0.5968 -0.2563
vn 0.7761 -0.5081 -0.3734
vn 0.7741 -0.5273 -0.3504
vn 0.7460 -0.5669 -0.3495
vn 0.5836 -0.8027 0.1227
vn 0.5987 -0.7843 0.1628
vn 0.5762 -0.7920 0.2019
vn 0.6049 -0.7920 -0.0822
vn 0.6420 -0.7623 -0.0822
vn 0.6616 -0.7487 -0.0410
vn 0.5762 -0.7920 -0.2019
vn 0.5987 -0.7843 -0.1628
vn 0.5836 -0.8027 -0.1227
vn 0.2090 -0.9771 0.0406
vn 0.1812 -0.9802 0.0803
vn 0.1517 -0.9852 0.0803
vn 0.3526 -0.9349 -0.0408
vn 0.3789 -0.9254 -0.0000
vn 0.3526 -0.9349 0.0408
vn 0.4298 -0.8948 -0.1207
vn 0.4065 -0.9100 -0.0813
vn 0.3776 -0.9224 -0.0813
vn 0.0543 -0.6430 0.7639
vn 0.0771 -0.6584 0.7487
vn 0.1241 -0.6477 0.7517
vn -0.1357 -0.6282 0.7661
vn -0.1435 -0.6645 0.7334
vn -0.1207 -0.6824 0.7210
vn -0.2258 -0.5926 0.7732
vn -0.2046 -0.6117 0.7642
vn -0.1578 -0.6096 0.7769
vn 0.2406 -0.8458 0.4761
vn 0.2282 -0.8696 0.4379
vn 0.2584 -0.8773 0.4045
vn 0.1654 -0.7487 0.6419
vn 0.1202 -0.7623 0.6360
vn 0.1087 -0.7920 0.6007
vn 0.1522 -0.6650 0.7311
vn 0.1426 -0.6984 0.7014
vn 0.1761 -0.7168 0.6747
vn 0.5843 -0.6096 0.5358
vn 0.6147 -0.6117 0.4980
vn 0.6372 -0.5926 0.4928
vn 0.4407 -0.6518 0.6172
vn 0.4278 -0.6881 0.5861
vn 0.4622 -0.6947 0.5511
vn 0.3414 -0.6477 0.6811
vn 0.3777 -0.6584 0.6510
vn 0.4051 -0.6430 0.6499
vn 0.4210 -0.8064 0.4152
vn 0.4508 -0.8086 0.3781
vn 0.4787 -0.7929 0.3770
vn -0.0682 -0.8238 0.5627
vn -0.0806 -0.8475 0.5246
vn -0.0471 -0.8660 0.4978
vn -0.1656 -0.7929 0.5864
vn -0.1424 -0.8086 0.5709
vn -0.0965 -0.8064 0.5834
vn 0.4240 -0.8836 0.1987
vn 0.3968 -0.8866 0.2377
vn 0.3674 -0.8992 0.2377
vn 0.7876 -0.6149 -0.0401
vn 0.8026 -0.5965 -0.0000
vn 0.7876 -0.6149 0.0401
vn 0.8336 -0.5430 -0.1011
vn 0.8260 -0.5587 -0.0742
vn 0.7985 -0.5975 -0.0734
vn -0.2648 -0.8064 0.5287
vn -0.2203 -0.8086 0.5456
vn -0.2107 -0.7929 0.5717
vn -0.5563 -0.8238 0.1090
vn -0.5238 -0.8475 0.0854
vn -0.4880 -0.8660 0.1090
vn -0.6089 -0.7929 0.0237
vn -0.5870 -0.8086 0.0410
vn -0.5846 -0.8064 0.0885
vn -0.5847 -0.8064 -0.0885
vn -0.5870 -0.8086 -0.0409
vn -0.6089 -0.7929 -0.0237
vn -0.2756 -0.8238 -0.4954
vn -0.2431 -0.8476 -0.4718
vn -0.2545 -0.8660 -0.4305
vn -0.2107 -0.7929 -0.5717
vn -0.2203 -0.8086 -0.5456
vn -0.2648 -0.8065 -0.5287
vn -0.0965 -0.8065 -0.5834
vn -0.1424 -0.8086 -0.5709
vn -0.1656 -0.7929 -0.5864
vn 0.3860 -0.8238 -0.4152
vn 0.3735 -0.8476 -0.3770
vn 0.3307 -0.8660 -0.3751
vn 0.4787 -0.7929 -0.3770
vn 0.4508 -0.8086 -0.3781
vn 0.4210 -0.8065 -0.4152
vn 0.8915 -0.4470 -0.0734
vn 0.8691 -0.4890 -0.0742
vn 0.8585 -0.5028 -0.1011
vn 0.9798 -0.0232 0.1987
vn 0.9700 -0.0449 0.2388
vn 0.9668 -0.0915 0.2388
vn 0.9686 0.0735 0.2377
vn 0.9705 0.0416 0.2377
vn 0.9799 0.0159 0.1987
vn 0.3453 -0.4470 0.8252
vn 0.3392 -0.4890 0.8036
vn 0.3614 -0.5028 0.7852
vn 0.1138 -0.0232 0.9932
vn 0.0727 -0.0449 0.9963
vn 0.0717 -0.0915 0.9932
vn 0.0733 0.0735 0.9946
vn 0.0739 0.0416 0.9964
vn 0.1139 0.0159 0.9934
vn -0.6781 -0.4470 0.5834
vn -0.6595 -0.4890 0.5709
vn -0.6351 -0.5028 0.5864
vn -0.9094 -0.0232 0.4152
vn -0.9251 -0.0449 0.3770
vn -0.9225 -0.0915 0.3751
vn -0.9233 0.0735 0.3770
vn -0.9248 0.0416 0.3782
vn -0.9096 0.0159 0.4153
vn -0.7644 -0.4470 -0.4647
vn -0.7468 -0.4890 -0.4508
vn -0.7539 -0.5028 -0.4228
vn -0.6759 -0.0232 -0.7366
vn -0.6444 -0.0449 -0.7633
vn -0.6418 -0.0915 -0.7614
vn -0.6439 0.0735 -0.7616
vn -0.6454 0.0416 -0.7627
vn -0.6760 0.0159 -0.7367
vn 0.2057 -0.4470 -0.8706
vn 0.1980 -0.4890 -0.8495
vn 0.1692 -0.5028 -0.8477
vn 0.4917 -0.0232 -0.8705
vn 0.5268 -0.0449 -0.8488
vn 0.5258 -0.0915 -0.8457
vn 0.5253 0.0735 -0.8477
vn 0.5259 0.0416 -0.8495
vn 0.4918 0.0159 -0.8706
vn 0.9334 0.1089 0.3419
vn 0.9489 0.0847 0.3039
vn 0.9561 0.0984 0.2760
vn 0.6418 0.0914 0.7614
vn 0.6444 0.0449 0.7633
vn 0.6759 0.0232 0.7366
vn 0.5579 0.0984 0.8240
vn 0.5823 0.0847 0.8086
vn 0.6136 0.1089 0.7821
vn -0.0367 0.1089 0.9934
vn 0.0042 0.0847 0.9964
vn 0.0330 0.0984 0.9946
vn -0.5258 0.0914 0.8457
vn -0.5268 0.0449 0.8488
vn -0.4917 0.0232 0.8705
vn -0.6113 0.0984 0.7852
vn -0.5891 0.0847 0.8036
vn -0.5542 0.1089 0.8252
vn -0.9561 0.1089 0.2721
vn -0.9463 0.0847 0.3119
vn -0.9357 0.0984 0.3387
vn -0.9668 0.0914 -0.2388
vn -0.9700 0.0449 -0.2388
vn -0.9798 0.0232 -0.1986
vn -0.9357 0.0984 -0.3387
vn -0.9463 0.0847 -0.3119
vn -0.9561 0.1089 -0.2721
vn -0.5542 0.1089 -0.8252
vn -0.5891 0.0847 -0.8036
vn -0.6113 0.0984 -0.7852
vn -0.0717 0.0914 -0.9932
vn -0.0727 0.0449 -0.9963
vn -0.1138 0.0232 -0.9932
vn 0.0330 0.0984 -0.9946
vn 0.0042 0.0847 -0.9964
vn -0.0367 0.1089 -0.9934
vn 0.6136 0.1089 -0.7821
vn 0.5823 0.0847 -0.8086
vn 0.5579 0.0984 -0.8240
vn 0.9225 0.0914 -0.3751
vn 0.9251 0.0449 -0.3770
vn 0.9094 0.0232 -0.4152
vn 0.9561 0.0984 -0.2759
vn 0.9489 0.0847 -0.3039
vn 0.9334 0.1089 -0.3419
vn 0.6891 0.5975 0.4100
vn 0.7119 0.5587 0.4255
vn 0.7338 0.5430 0.4082
vn 0.2545 0.8660 0.4305
vn 0.2431 0.8475 0.4718
vn 0.2756 0.8238 0.4954
vn 0.1575 0.8992 0.4082
vn 0.1813 0.8866 0.4255
vn 0.2263 0.8836 0.4100
vn -0.1770 0.5975 0.7821
vn -0.1847 0.5587 0.8086
vn -0.1615 0.5430 0.8241
vn -0.3308 0.8660 0.3751
vn -0.3736 0.8475 0.3770
vn -0.3860 0.8238 0.4152
vn -0.3396 0.8992 0.2760
vn -0.3486 0.8866 0.3039
vn -0.3200 0.8836 0.3419
vn -0.7985 0.5975 0.0734
vn -0.8261 0.5587 0.0742
vn -0.8336 0.5430 0.1011
vn -0.4589 0.8660 -0.1987
vn -0.4740 0.8475 -0.2388
vn -0.5141 0.8238 -0.2388
vn -0.3674 0.8992 -0.2377
vn -0.3968 0.8866 -0.2377
vn -0.4240 0.8836 -0.1987
vn -0.3165 0.5975 -0.7367
vn -0.3259 0.5587 -0.7627
vn -0.3537 0.5430 -0.7616
vn 0.0471 0.8660 -0.4979
vn 0.0806 0.8475 -0.5246
vn 0.0682 0.8238 -0.5628
vn 0.1125 0.8992 -0.4228
vn 0.1034 0.8866 -0.4508
vn 0.0579 0.8836 -0.4647
vn 0.6029 0.5975 -0.5287
vn 0.6247 0.5587 -0.5456
vn 0.6150 0.5430 -0.5718
vn 0.4881 0.8660 -0.1090
vn 0.5238 0.8475 -0.0854
vn 0.5563 0.8238 -0.1090
vn 0.4369 0.8992 -0.0237
vn 0.4607 0.8866 -0.0409
vn 0.4598 0.8836 -0.0885
vn 0.8444 0.5352 -0.0243
vn 0.8677 0.4955 -0.0401
vn 0.8653 0.4934 -0.0886
vn 0.2379 0.5352 -0.8106
vn 0.2300 0.4955 -0.8376
vn 0.1831 0.4934 -0.8503
vn -0.6974 0.5352 -0.4767
vn -0.7255 0.4955 -0.4776
vn -0.7521 0.4934 -0.4369
vn -0.6689 0.5352 0.5159
vn -0.6784 0.4955 0.5424
vn -0.6479 0.4934 0.5803
vn 0.2840 0.5352 0.7956
vn 0.3062 0.4955 0.8128
vn 0.3517 0.4934 0.7956
vn 0.7778 -0.3589 -0.5159
vn 0.7466 -0.3852 -0.5424
vn 0.7310 -0.3589 -0.5803
vn -0.2503 -0.3589 -0.8992
vn -0.2852 -0.3852 -0.8777
vn -0.3260 -0.3589 -0.8746
vn -0.9325 -0.3589 -0.0398
vn -0.9228 -0.3852 -0.0000
vn -0.9325 -0.3589 0.0398
vn -0.3260 -0.3589 0.8746
vn -0.2852 -0.3852 0.8777
vn -0.2503 -0.3589 0.8992
vn 0.7310 -0.3589 0.5803
vn 0.7466 -0.3852 0.5424
vn 0.7778 -0.3589 0.5159
vn 0.6977 -0.3844 -0.6046
vn 0.6914 -0.4273 -0.5825
vn 0.6558 -0.4521 -0.6046
vn -0.3594 -0.3844 -0.8503
vn -0.3404 -0.4273 -0.8376
vn -0.3723 -0.4521 -0.8105
vn -0.9198 -0.3844 0.0790
vn -0.9018 -0.4273 0.0649
vn -0.8859 -0.4521 0.1036
vn -0.2090 -0.3844 0.8992
vn -0.2170 -0.4273 0.8777
vn -0.1752 -0.4521 0.8746
vn 0.7906 -0.3844 0.4767
vn 0.7677 -0.4273 0.4776
vn 0.7776 -0.4521 0.4369
vn 0.0675 -0.9946 -0.0790
vn 0.0211 -0.9977 -0.0649
vn -0.0082 -0.9946 -0.1036
vn -0.0543 -0.9946 -0.0886
vn -0.0552 -0.9977 -0.0401
vn -0.1011 -0.9946 -0.0243
vn -0.1011 -0.9946 0.0243
vn -0.0552 -0.9977 0.0401
vn -0.0543 -0.9946 0.0886
vn 0.7521 -0.4934 0.4369
vn 0.7255 -0.4955 0.4776
vn 0.6974 -0.5352 0.4767
vn -0.0082 -0.9946 0.1036
vn 0.0211 -0.9977 0.0649
vn 0.0675 -0.9946 0.0790
vt 0.181819 0.000000
vt 0.187501 0.009841
vt 0.176137 0.009841
vt 0.272728 0.157461
vt 0.278410 0.147620
vt 0.284092 0.157461
vt 0.909091 0.000000
vt 0.914773 0.009841
vt 0.903409 0.009841
vt 0.727273 0.000000
vt 0.732955 0.009841
vt 0.721591 0.009841
vt 0.545455 0.000000
vt 0.551137 0.009841
vt 0.539773 0.009841
vt 0.278410 0.167302
vt 0.090910 0.157461
vt 0.102274 0.157461
vt 0.096592 0.167302
vt 0.818182 0.157461
vt 0.829546 0.157461
vt 0.823864 0.167302
vt 0.636364 0.157461
vt 0.647728 0.157461
vt 0.642046 0.167302
vt 0.454546 0.157461
vt 0.465910 0.157461
vt 0.460228 0.167302
vt 0.267046 0.167302
vt 0.085228 0.167302
vt 0.812500 0.167302
vt 0.630682 0.167302
vt 0.448864 0.167302
vt 0.181819 0.314921
vt 0.193183 0.314921
vt 0.187501 0.324762
vt 0.000000 0.314921
vt 0.011364 0.314921
vt 0.005682 0.324762
vt 0.727273 0.314921
vt 0.738637 0.314921
vt 0.732955 0.324762
vt 0.545455 0.314921
vt 0.556819 0.314921
vt 0.551137 0.324762
vt 0.363637 0.314921
vt 0.375001 0.314921
vt 0.369319 0.324762
vt 0.409092 0.393651
vt 0.420455 0.393651
vt 0.414773 0.403493
vt 0.414773 0.383810
vt 0.454546 0.314921
vt 0.465910 0.314921
vt 0.460228 0.324762
vt 0.590909 0.393651
vt 0.602273 0.393651
vt 0.596591 0.403493
vt 0.596591 0.383810
vt 0.636364 0.314921
vt 0.647728 0.314921
vt 0.642046 0.324762
vt 0.772727 0.393651
vt 0.784091 0.393651
vt 0.778409 0.403493
vt 0.778409 0.383810
vt 0.818182 0.314921
vt 0.829546 0.314921
vt 0.823864 0.324762
vt 0.045455 0.393651
vt 0.056819 0.393651
vt 0.051137 0.403493
vt 0.051137 0.383810
vt 0.090910 0.314921
vt 0.102273 0.314921
vt 0.096591 0.324762
vt 0.227273 0.393651
vt 0.238637 0.393651
vt 0.232955 0.403493
vt 0.232955 0.383810
vt 0.272728 0.314921
vt 0.284092 0.314921
vt 0.278410 0.324762
vt 0.409092 0.236191
vt 0.414773 0.246032
vt 0.403410 0.246032
vt 0.420455 0.236191
vt 0.500000 0.236191
vt 0.505682 0.246032
vt 0.494319 0.246032
vt 0.590909 0.236191
vt 0.596591 0.246032
vt 0.585228 0.246032
vt 0.602273 0.236191
vt 0.681818 0.236191
vt 0.687500 0.246032
vt 0.676137 0.246032
vt 0.772727 0.236191
vt 0.778409 0.246032
vt 0.767046 0.246032
vt 0.784091 0.236191
vt 0.863636 0.236191
vt 0.869318 0.246032
vt 0.857955 0.246032
vt 0.045455 0.236191
vt 0.051137 0.246032
vt 0.039773 0.246032
vt 0.056819 0.236191
vt 0.136365 0.236191
vt 0.142046 0.246032
vt 0.130683 0.246032
vt 0.227273 0.236191
vt 0.232955 0.246032
vt 0.221592 0.246032
vt 0.238637 0.236191
vt 0.318182 0.236191
vt 0.323864 0.246032
vt 0.312501 0.246032
vt 0.511364 0.236191
vt 0.505682 0.226350
vt 0.545455 0.157461
vt 0.556819 0.157461
vt 0.551137 0.167302
vt 0.693182 0.236191
vt 0.687500 0.226350
vt 0.727273 0.157461
vt 0.738637 0.157461
vt 0.732955 0.167302
vt 0.875000 0.236191
vt 0.869318 0.226350
vt 0.909091 0.157461
vt 0.920455 0.157461
vt 0.914773 0.167302
vt 0.147728 0.236191
vt 0.142046 0.226350
vt 0.181819 0.157461
vt 0.193183 0.157461
vt 0.187501 0.167302
vt 0.329546 0.236191
vt 0.323864 0.226350
vt 0.363637 0.157461
vt 0.375001 0.157461
vt 0.369319 0.167302
vt 0.500000 0.078731
vt 0.505682 0.088572
vt 0.494319 0.088572
vt 0.511364 0.078731
vt 0.590909 0.078731
vt 0.596591 0.088572
vt 0.585228 0.088572
vt 0.681818 0.078731
vt 0.687500 0.088572
vt 0.676137 0.088572
vt 0.693182 0.078731
vt 0.772727 0.078731
vt 0.778409 0.088572
vt 0.767046 0.088572
vt 0.863636 0.078731
vt 0.869318 0.088572
vt 0.857955 0.088572
vt 0.875000 0.078731
vt 0.954545 0.078731
vt 0.960227 0.088572
vt 0.948864 0.088572
vt 0.369319 0.147620
vt 0.357955 0.147620
vt 0.318182 0.078731
vt 0.323864 0.068889
vt 0.329546 0.078731
vt 0.136365 0.078731
vt 0.142046 0.088572
vt 0.130683 0.088572
vt 0.147728 0.078731
vt 0.227273 0.078731
vt 0.232955 0.088572
vt 0.221592 0.088572
vt 0.204546 0.118096
vt 0.210228 0.127937
vt 0.198864 0.127937
vt 0.215910 0.118096
vt 0.250001 0.118096
vt 0.255683 0.127937
vt 0.244319 0.127937
vt 0.159092 0.118096
vt 0.170455 0.118096
vt 0.164774 0.127937
vt 0.164774 0.108254
vt 0.181819 0.078731
vt 0.193183 0.078731
vt 0.187501 0.088572
vt 0.113637 0.118096
vt 0.119319 0.127937
vt 0.107955 0.127937
vt 0.125001 0.118096
vt 0.153410 0.127937
vt 0.363637 0.078731
vt 0.369319 0.068889
vt 0.375001 0.078731
vt 0.357955 0.068889
vt 0.340910 0.039365
vt 0.346592 0.029524
vt 0.352273 0.039365
vt 0.386364 0.118096
vt 0.380682 0.108254
vt 0.392046 0.108254
vt 0.375001 0.118096
vt 0.340910 0.118096
vt 0.335228 0.108254
vt 0.346592 0.108254
vt 0.409092 0.157461
vt 0.414773 0.147620
vt 0.420455 0.157461
vt 0.403410 0.147620
vt 0.397728 0.118096
vt 0.931818 0.118096
vt 0.937500 0.127937
vt 0.926136 0.127937
vt 0.943182 0.118096
vt 0.977273 0.118096
vt 0.982955 0.127937
vt 0.971591 0.127937
vt 0.886364 0.118096
vt 0.897727 0.118096
vt 0.892046 0.127937
vt 0.892046 0.108254
vt 0.909091 0.078731
vt 0.920455 0.078731
vt 0.914773 0.088572
vt 0.840909 0.118096
vt 0.846591 0.127937
vt 0.835227 0.127937
vt 0.852273 0.118096
vt 0.880682 0.127937
vt 0.750000 0.118096
vt 0.755682 0.127937
vt 0.744318 0.127937
vt 0.761364 0.118096
vt 0.795455 0.118096
vt 0.801137 0.127937
vt 0.789773 0.127937
vt 0.704546 0.118096
vt 0.715909 0.118096
vt 0.710228 0.127937
vt 0.710228 0.108254
vt 0.727273 0.078731
vt 0.738637 0.078731
vt 0.732955 0.088572
vt 0.659091 0.118096
vt 0.664773 0.127937
vt 0.653409 0.127937
vt 0.670455 0.118096
vt 0.698864 0.127937
vt 0.568182 0.118096
vt 0.573864 0.127937
vt 0.562500 0.127937
vt 0.579546 0.118096
vt 0.613637 0.118096
vt 0.619319 0.127937
vt 0.607955 0.127937
vt 0.522728 0.118096
vt 0.534091 0.118096
vt 0.528410 0.127937
vt 0.528410 0.108254
vt 0.545455 0.078731
vt 0.556819 0.078731
vt 0.551137 0.088572
vt 0.477273 0.118096
vt 0.482955 0.127937
vt 0.471591 0.127937
vt 0.488637 0.118096
vt 0.517046 0.127937
vt 0.386364 0.196826
vt 0.397728 0.196826
vt 0.392046 0.206667
vt 0.392046 0.186985
vt 0.414773 0.167302
vt 0.363637 0.236191
vt 0.369319 0.226350
vt 0.375001 0.236191
vt 0.357955 0.226350
vt 0.340910 0.196826
vt 0.346592 0.186985
vt 0.352273 0.196826
vt 0.340910 0.275556
vt 0.352273 0.275556
vt 0.346592 0.285397
vt 0.346592 0.265715
vt 0.369319 0.246032
vt 0.204546 0.196826
vt 0.215910 0.196826
vt 0.210228 0.206667
vt 0.210228 0.186985
vt 0.227273 0.157461
vt 0.238637 0.157461
vt 0.232955 0.167302
vt 0.181819 0.236191
vt 0.187501 0.226350
vt 0.193183 0.236191
vt 0.176137 0.226350
vt 0.159092 0.196826
vt 0.164774 0.186985
vt 0.170455 0.196826
vt 0.159092 0.275556
vt 0.170455 0.275556
vt 0.164774 0.285397
vt 0.164774 0.265715
vt 0.187501 0.246032
vt 0.931818 0.196826
vt 0.943182 0.196826
vt 0.937500 0.206667
vt 0.937500 0.186985
vt 0.954545 0.157461
vt 0.965909 0.157461
vt 0.960227 0.167302
vt 0.909091 0.236191
vt 0.914773 0.226350
vt 0.920455 0.236191
vt 0.903409 0.226350
vt 0.886364 0.196826
vt 0.892046 0.186985
vt 0.897727 0.196826
vt 0.886364 0.275556
vt 0.897727 0.275556
vt 0.892046 0.285397
vt 0.892046 0.265715
vt 0.914773 0.246032
vt 0.750000 0.196826
vt 0.761364 0.196826
vt 0.755682 0.206667
vt 0.755682 0.186985
vt 0.772727 0.157461
vt 0.784091 0.157461
vt 0.778409 0.167302
vt 0.727273 0.236191
vt 0.732955 0.226350
vt 0.738637 0.236191
vt 0.721591 0.226350
vt 0.704546 0.196826
vt 0.710228 0.186985
vt 0.715909 0.196826
vt 0.704546 0.275556
vt 0.715909 0.275556
vt 0.710228 0.285397
vt 0.710228 0.265715
vt 0.732955 0.246032
vt 0.568182 0.196826
vt 0.579546 0.196826
vt 0.573864 0.206667
vt 0.573864 0.186985
vt 0.590909 0.157461
vt 0.602273 0.157461
vt 0.596591 0.167302
vt 0.545455 0.236191
vt 0.551137 0.226350
vt 0.556819 0.236191
vt 0.539773 0.226350
vt 0.522728 0.196826
vt 0.528410 0.186985
vt 0.534091 0.196826
vt 0.522728 0.275556
vt 0.534091 0.275556
vt 0.528410 0.285397
vt 0.528410 0.265715
vt 0.551137 0.246032
vt 0.295455 0.275556
vt 0.301137 0.285397
vt 0.289773 0.285397
vt 0.306819 0.275556
vt 0.335228 0.285397
vt 0.250001 0.275556
vt 0.261364 0.275556
vt 0.255683 0.285397
vt 0.255683 0.265715
vt 0.272728 0.236191
vt 0.284092 0.236191
vt 0.278410 0.246032
vt 0.204546 0.275556
vt 0.210228 0.285397
vt 0.198864 0.285397
vt 0.215910 0.275556
vt 0.244319 0.285397
vt 0.113637 0.275556
vt 0.119319 0.285397
vt 0.107955 0.285397
vt 0.125001 0.275556
vt 0.153410 0.285397
vt 0.068182 0.275556
vt 0.079546 0.275556
vt 0.073864 0.285397
vt 0.073864 0.265715
vt 0.090910 0.236191
vt 0.102273 0.236191
vt 0.096592 0.246032
vt 0.022728 0.275556
vt 0.028409 0.285397
vt 0.017046 0.285397
vt 0.034091 0.275556
vt 0.062500 0.285397
vt 0.840909 0.275556
vt 0.846591 0.285397
vt 0.835227 0.285397
vt 0.852273 0.275556
vt 0.880682 0.285397
vt 0.795455 0.275556
vt 0.806818 0.275556
vt 0.801137 0.285397
vt 0.801137 0.265715
vt 0.818182 0.236191
vt 0.829546 0.236191
vt 0.823864 0.246032
vt 0.750000 0.275556
vt 0.755682 0.285397
vt 0.744318 0.285397
vt 0.761364 0.275556
vt 0.789773 0.285397
vt 0.659091 0.275556
vt 0.664773 0.285397
vt 0.653409 0.285397
vt 0.670455 0.275556
vt 0.698864 0.285397
vt 0.613637 0.275556
vt 0.625000 0.275556
vt 0.619319 0.285397
vt 0.619319 0.265715
vt 0.636364 0.236191
vt 0.647728 0.236191
vt 0.642046 0.246032
vt 0.568182 0.275556
vt 0.573864 0.285397
vt 0.562500 0.285397
vt 0.579546 0.275556
vt 0.607955 0.285397
vt 0.477273 0.275556
vt 0.482955 0.285397
vt 0.471591 0.285397
vt 0.488637 0.275556
vt 0.517046 0.285397
vt 0.431819 0.275556
vt 0.443182 0.275556
vt 0.437501 0.285397
vt 0.437501 0.265715
vt 0.454546 0.236191
vt 0.465910 0.236191
vt 0.460228 0.246032
vt 0.386364 0.275556
vt 0.392046 0.285397
vt 0.380682 0.285397
vt 0.397728 0.275556
vt 0.426137 0.285397
vt 0.295455 0.354286
vt 0.306819 0.354286
vt 0.301137 0.364128
vt 0.301137 0.344445
vt 0.318182 0.314921
vt 0.329546 0.314921
vt 0.323864 0.324762
vt 0.272728 0.393651
vt 0.278410 0.383810
vt 0.284092 0.393651
vt 0.267046 0.383810
vt 0.250001 0.354286
vt 0.255683 0.344445
vt 0.261364 0.354286
vt 0.250001 0.433017
vt 0.261364 0.433017
vt 0.255683 0.442858
vt 0.255683 0.423175
vt 0.278410 0.403493
vt 0.113637 0.354286
vt 0.125001 0.354286
vt 0.119319 0.364128
vt 0.119319 0.344445
vt 0.136364 0.314921
vt 0.147728 0.314921
vt 0.142046 0.324762
vt 0.090910 0.393651
vt 0.096592 0.383810
vt 0.102273 0.393651
vt 0.085228 0.383810
vt 0.068182 0.354286
vt 0.073864 0.344445
vt 0.079546 0.354286
vt 0.068182 0.433017
vt 0.079546 0.433017
vt 0.073864 0.442858
vt 0.073864 0.423175
vt 0.096592 0.403493
vt 0.840909 0.354286
vt 0.852273 0.354286
vt 0.846591 0.364128
vt 0.846591 0.344445
vt 0.863636 0.314921
vt 0.875000 0.314921
vt 0.869318 0.324762
vt 0.818182 0.393651
vt 0.823864 0.383810
vt 0.829546 0.393651
vt 0.812500 0.383810
vt 0.795455 0.354286
vt 0.801137 0.344445
vt 0.806818 0.354286
vt 0.795455 0.433017
vt 0.806818 0.433017
vt 0.801137 0.442858
vt 0.801137 0.423175
vt 0.823864 0.403493
vt 0.659091 0.354286
vt 0.670455 0.354286
vt 0.664773 0.364128
vt 0.664773 0.344445
vt 0.681818 0.314921
vt 0.693182 0.314921
vt 0.687500 0.324762
vt 0.636364 0.393651
vt 0.642046 0.383810
vt 0.647728 0.393651
vt 0.630682 0.383810
vt 0.613637 0.354286
vt 0.619319 0.344445
vt 0.625000 0.354286
vt 0.613637 0.433017
vt 0.625000 0.433017
vt 0.619319 0.442858
vt 0.619319 0.423175
vt 0.642046 0.403493
vt 0.477273 0.354286
vt 0.488637 0.354286
vt 0.482955 0.364128
vt 0.482955 0.344445
vt 0.500000 0.314921
vt 0.511364 0.314921
vt 0.505682 0.324762
vt 0.454546 0.393651
vt 0.460228 0.383810
vt 0.465910 0.393651
vt 0.448864 0.383810
vt 0.431819 0.354286
vt 0.437501 0.344445
vt 0.443182 0.354286
vt 0.431819 0.433017
vt 0.443182 0.433017
vt 0.437501 0.442858
vt 0.437501 0.423175
vt 0.460228 0.403493
vt 0.386364 0.354286
vt 0.397728 0.354286
vt 0.392046 0.364128
vt 0.392046 0.344445
vt 0.409091 0.314921
vt 0.420455 0.314921
vt 0.414773 0.324762
vt 0.568182 0.354286
vt 0.579546 0.354286
vt 0.573864 0.364128
vt 0.573864 0.344445
vt 0.590909 0.314921
vt 0.602273 0.314921
vt 0.596591 0.324762
vt 0.750000 0.354286
vt 0.761364 0.354286
vt 0.755682 0.364128
vt 0.755682 0.344445
vt 0.772727 0.314921
vt 0.784091 0.314921
vt 0.778409 0.324762
vt 0.022728 0.354286
vt 0.034091 0.354286
vt 0.028409 0.364128
vt 0.028409 0.344445
vt 0.045455 0.314921
vt 0.056818 0.314921
vt 0.051137 0.324762
vt 0.204546 0.354286
vt 0.215910 0.354286
vt 0.210228 0.364128
vt 0.210228 0.344445
vt 0.227273 0.314921
vt 0.238637 0.314921
vt 0.232955 0.324762
vt 0.431819 0.196826
vt 0.437501 0.206667
vt 0.426137 0.206667
vt 0.443182 0.196826
vt 0.477273 0.196826
vt 0.482955 0.206667
vt 0.471591 0.206667
vt 0.613637 0.196826
vt 0.619319 0.206667
vt 0.607955 0.206667
vt 0.625000 0.196826
vt 0.659091 0.196826
vt 0.664773 0.206667
vt 0.653409 0.206667
vt 0.795455 0.196826
vt 0.801137 0.206667
vt 0.789773 0.206667
vt 0.806818 0.196826
vt 0.840909 0.196826
vt 0.846591 0.206667
vt 0.835227 0.206667
vt 0.068182 0.196826
vt 0.073864 0.206667
vt 0.062501 0.206667
vt 0.079546 0.196826
vt 0.113637 0.196826
vt 0.119319 0.206667
vt 0.107955 0.206667
vt 0.250001 0.196826
vt 0.255683 0.206667
vt 0.244319 0.206667
vt 0.261364 0.196826
vt 0.295455 0.196826
vt 0.301137 0.206667
vt 0.289773 0.206667
vt 0.488637 0.196826
vt 0.482955 0.186985
vt 0.500000 0.157461
vt 0.511364 0.157461
vt 0.505682 0.167302
vt 0.670455 0.196826
vt 0.664773 0.186985
vt 0.681818 0.157461
vt 0.693182 0.157461
vt 0.687500 0.167302
vt 0.852273 0.196826
vt 0.846591 0.186985
vt 0.863636 0.157461
vt 0.875000 0.157461
vt 0.869318 0.167302
vt 0.125001 0.196826
vt 0.119319 0.186985
vt 0.136364 0.157461
vt 0.147728 0.157461
vt 0.142046 0.167302
vt 0.306819 0.196826
vt 0.301137 0.186985
vt 0.318182 0.157461
vt 0.329546 0.157461
vt 0.323864 0.167302
vt 0.522728 0.039365
vt 0.528410 0.049207
vt 0.517046 0.049207
vt 0.534091 0.039365
vt 0.568182 0.039365
vt 0.573864 0.049207
vt 0.562500 0.049207
vt 0.704546 0.039365
vt 0.710228 0.049207
vt 0.698864 0.049207
vt 0.715909 0.039365
vt 0.750000 0.039365
vt 0.755682 0.049207
vt 0.744318 0.049207
vt 0.886364 0.039365
vt 0.892046 0.049207
vt 0.880682 0.049207
vt 0.897727 0.039365
vt 0.931818 0.039365
vt 0.937500 0.049207
vt 0.926136 0.049207
vt 0.323864 0.147620
vt 0.312501 0.147620
vt 0.295455 0.118096
vt 0.301137 0.108254
vt 0.306819 0.118096
vt 0.159092 0.039365
vt 0.164774 0.049207
vt 0.153410 0.049207
vt 0.170455 0.039365
vt 0.204546 0.039365
vt 0.210228 0.049207
vt 0.198864 0.049207
vt 0.193183 0.059048
vt 0.198864 0.068889
vt 0.187501 0.068889
vt 0.204546 0.059048
vt 0.215910 0.059048
vt 0.221592 0.068889
vt 0.210228 0.068889
vt 0.170455 0.059048
vt 0.181819 0.059048
vt 0.176137 0.068889
vt 0.176137 0.049207
vt 0.181819 0.039365
vt 0.193183 0.039365
vt 0.187501 0.049207
vt 0.147728 0.059048
vt 0.153410 0.068889
vt 0.142046 0.068889
vt 0.159092 0.059048
vt 0.164774 0.068889
vt 0.318182 0.118096
vt 0.323864 0.108254
vt 0.329546 0.118096
vt 0.312501 0.108254
vt 0.306819 0.098413
vt 0.312501 0.088572
vt 0.318182 0.098413
vt 0.329546 0.137778
vt 0.323864 0.127937
vt 0.335228 0.127937
vt 0.318182 0.137778
vt 0.306819 0.137778
vt 0.301137 0.127937
vt 0.312501 0.127937
vt 0.340910 0.157461
vt 0.346592 0.147620
vt 0.352273 0.157461
vt 0.335228 0.147620
vt 0.340910 0.137778
vt 0.920455 0.059048
vt 0.926136 0.068889
vt 0.914773 0.068889
vt 0.931818 0.059048
vt 0.943182 0.059048
vt 0.948864 0.068889
vt 0.937500 0.068889
vt 0.897727 0.059048
vt 0.909091 0.059048
vt 0.903409 0.068889
vt 0.903409 0.049207
vt 0.909091 0.039365
vt 0.920455 0.039365
vt 0.914773 0.049207
vt 0.875000 0.059048
vt 0.880682 0.068889
vt 0.869318 0.068889
vt 0.886364 0.059048
vt 0.892046 0.068889
vt 0.738637 0.059048
vt 0.744318 0.068889
vt 0.732955 0.068889
vt 0.750000 0.059048
vt 0.761364 0.059048
vt 0.767046 0.068889
vt 0.755682 0.068889
vt 0.715909 0.059048
vt 0.727273 0.059048
vt 0.721591 0.068889
vt 0.721591 0.049207
vt 0.727273 0.039365
vt 0.738637 0.039365
vt 0.732955 0.049207
vt 0.693182 0.059048
vt 0.698864 0.068889
vt 0.687500 0.068889
vt 0.704546 0.059048
vt 0.710228 0.068889
vt 0.556819 0.059048
vt 0.562500 0.068889
vt 0.551137 0.068889
vt 0.568182 0.059048
vt 0.579546 0.059048
vt 0.585228 0.068889
vt 0.573864 0.068889
vt 0.534091 0.059048
vt 0.545455 0.059048
vt 0.539773 0.068889
vt 0.539773 0.049207
vt 0.545455 0.039365
vt 0.556819 0.039365
vt 0.551137 0.049207
vt 0.511364 0.059048
vt 0.517046 0.068889
vt 0.505682 0.068889
vt 0.522728 0.059048
vt 0.528410 0.068889
vt 0.329546 0.177144
vt 0.340910 0.177144
vt 0.335228 0.186985
vt 0.335228 0.167302
vt 0.346592 0.167302
vt 0.318182 0.196826
vt 0.323864 0.186985
vt 0.329546 0.196826
vt 0.312501 0.186985
vt 0.306819 0.177144
vt 0.312501 0.167302
vt 0.318182 0.177144
vt 0.306819 0.216509
vt 0.318182 0.216509
vt 0.312501 0.226350
vt 0.312501 0.206667
vt 0.323864 0.206667
vt 0.147728 0.177144
vt 0.159092 0.177144
vt 0.153410 0.186985
vt 0.153410 0.167302
vt 0.159092 0.157461
vt 0.170455 0.157461
vt 0.164774 0.167302
vt 0.136364 0.196826
vt 0.142046 0.186985
vt 0.147728 0.196826
vt 0.130683 0.186985
vt 0.125001 0.177144
vt 0.130683 0.167302
vt 0.136364 0.177144
vt 0.125001 0.216509
vt 0.136364 0.216509
vt 0.130683 0.226350
vt 0.130683 0.206667
vt 0.142046 0.206667
vt 0.875000 0.177144
vt 0.886364 0.177144
vt 0.880682 0.186985
vt 0.880682 0.167302
vt 0.886364 0.157461
vt 0.897727 0.157461
vt 0.892046 0.167302
vt 0.863636 0.196826
vt 0.869318 0.186985
vt 0.875000 0.196826
vt 0.857955 0.186985
vt 0.852273 0.177144
vt 0.857955 0.167302
vt 0.863636 0.177144
vt 0.852273 0.216509
vt 0.863636 0.216509
vt 0.857955 0.226350
vt 0.857955 0.206667
vt 0.869318 0.206667
vt 0.693182 0.177144
vt 0.704546 0.177144
vt 0.698864 0.186985
vt 0.698864 0.167302
vt 0.704546 0.157461
vt 0.715909 0.157461
vt 0.710228 0.167302
vt 0.681818 0.196826
vt 0.687500 0.186985
vt 0.693182 0.196826
vt 0.676137 0.186985
vt 0.670455 0.177144
vt 0.676137 0.167302
vt 0.681818 0.177144
vt 0.670455 0.216509
vt 0.681818 0.216509
vt 0.676137 0.226350
vt 0.676137 0.206667
vt 0.687500 0.206667
vt 0.511364 0.177144
vt 0.522728 0.177144
vt 0.517046 0.186985
vt 0.517046 0.167302
vt 0.522728 0.157461
vt 0.534091 0.157461
vt 0.528410 0.167302
vt 0.500000 0.196826
vt 0.505682 0.186985
vt 0.511364 0.196826
vt 0.494319 0.186985
vt 0.488637 0.177144
vt 0.494319 0.167302
vt 0.500000 0.177144
vt 0.488637 0.216509
vt 0.500000 0.216509
vt 0.494319 0.226350
vt 0.494319 0.206667
vt 0.505682 0.206667
vt 0.284092 0.216509
vt 0.289773 0.226350
vt 0.278410 0.226350
vt 0.295455 0.216509
vt 0.301137 0.226350
vt 0.261364 0.216509
vt 0.272728 0.216509
vt 0.267046 0.226350
vt 0.267046 0.206667
vt 0.272728 0.196826
vt 0.284092 0.196826
vt 0.278410 0.206667
vt 0.238637 0.216509
vt 0.244319 0.226350
vt 0.232955 0.226350
vt 0.250001 0.216509
vt 0.255683 0.226350
vt 0.102274 0.216509
vt 0.107955 0.226350
vt 0.096592 0.226350
vt 0.113637 0.216509
vt 0.119319 0.226350
vt 0.079546 0.216509
vt 0.090910 0.216509
vt 0.085228 0.226350
vt 0.085228 0.206667
vt 0.090910 0.196826
vt 0.102274 0.196826
vt 0.096592 0.206667
vt 0.056819 0.216509
vt 0.062501 0.226350
vt 0.051137 0.226350
vt 0.068182 0.216509
vt 0.073864 0.226350
vt 0.829546 0.216509
vt 0.835227 0.226350
vt 0.823864 0.226350
vt 0.840909 0.216509
vt 0.846591 0.226350
vt 0.806818 0.216509
vt 0.818182 0.216509
vt 0.812500 0.226350
vt 0.812500 0.206667
vt 0.818182 0.196826
vt 0.829546 0.196826
vt 0.823864 0.206667
vt 0.784091 0.216509
vt 0.789773 0.226350
vt 0.778409 0.226350
vt 0.795455 0.216509
vt 0.801137 0.226350
vt 0.647728 0.216509
vt 0.653409 0.226350
vt 0.642046 0.226350
vt 0.659091 0.216509
vt 0.664773 0.226350
vt 0.625000 0.216509
vt 0.636364 0.216509
vt 0.630682 0.226350
vt 0.630682 0.206667
vt 0.636364 0.196826
vt 0.647728 0.196826
vt 0.642046 0.206667
vt 0.602273 0.216509
vt 0.607955 0.226350
vt 0.596591 0.226350
vt 0.613637 0.216509
vt 0.619319 0.226350
vt 0.465910 0.216509
vt 0.471591 0.226350
vt 0.460228 0.226350
vt 0.477273 0.216509
vt 0.482955 0.226350
vt 0.443182 0.216509
vt 0.454546 0.216509
vt 0.448864 0.226350
vt 0.448864 0.206667
vt 0.454546 0.196826
vt 0.465910 0.196826
vt 0.460228 0.206667
vt 0.420455 0.216509
vt 0.426137 0.226350
vt 0.414773 0.226350
vt 0.431819 0.216509
vt 0.437501 0.226350
vt 0.238637 0.334604
vt 0.250001 0.334604
vt 0.244319 0.344445
vt 0.244319 0.324762
vt 0.250001 0.314921
vt 0.261364 0.314921
vt 0.255683 0.324762
vt 0.227273 0.354286
vt 0.232955 0.344445
vt 0.238637 0.354286
vt 0.221592 0.344445
vt 0.215910 0.334604
vt 0.221592 0.324762
vt 0.227273 0.334604
vt 0.215910 0.373969
vt 0.227273 0.373969
vt 0.221592 0.383810
vt 0.221592 0.364128
vt 0.232955 0.364128
vt 0.056819 0.334604
vt 0.068182 0.334604
vt 0.062500 0.344445
vt 0.062500 0.324762
vt 0.068182 0.314921
vt 0.079546 0.314921
vt 0.073864 0.324762
vt 0.045455 0.354286
vt 0.051137 0.344445
vt 0.056819 0.354286
vt 0.039773 0.344445
vt 0.034091 0.334604
vt 0.039773 0.324762
vt 0.045455 0.334604
vt 0.034091 0.373969
vt 0.045455 0.373969
vt 0.039773 0.383810
vt 0.039773 0.364128
vt 0.051137 0.364128
vt 0.784091 0.334604
vt 0.795455 0.334604
vt 0.789773 0.344445
vt 0.789773 0.324762
vt 0.795455 0.314921
vt 0.806818 0.314921
vt 0.801137 0.324762
vt 0.772727 0.354286
vt 0.778409 0.344445
vt 0.784091 0.354286
vt 0.767046 0.344445
vt 0.761364 0.334604
vt 0.767046 0.324762
vt 0.772727 0.334604
vt 0.761364 0.373969
vt 0.772727 0.373969
vt 0.767046 0.383810
vt 0.767046 0.364128
vt 0.778409 0.364128
vt 0.602273 0.334604
vt 0.613637 0.334604
vt 0.607955 0.344445
vt 0.607955 0.324762
vt 0.613637 0.314921
vt 0.625000 0.314921
vt 0.619319 0.324762
vt 0.590909 0.354286
vt 0.596591 0.344445
vt 0.602273 0.354286
vt 0.585228 0.344445
vt 0.579546 0.334604
vt 0.585228 0.324762
vt 0.590909 0.334604
vt 0.579546 0.373969
vt 0.590909 0.373969
vt 0.585228 0.383810
vt 0.585228 0.364128
vt 0.596591 0.364128
vt 0.420455 0.334604
vt 0.431819 0.334604
vt 0.426137 0.344445
vt 0.426137 0.324762
vt 0.431819 0.314921
vt 0.443182 0.314921
vt 0.437501 0.324762
vt 0.409091 0.354286
vt 0.414773 0.344445
vt 0.420455 0.354286
vt 0.403410 0.344445
vt 0.397728 0.334604
vt 0.403410 0.324762
vt 0.409091 0.334604
vt 0.397728 0.373969
vt 0.409091 0.373969
vt 0.403410 0.383810
vt 0.403410 0.364128
vt 0.414773 0.364128
vt 0.465910 0.413334
vt 0.477273 0.413334
vt 0.471591 0.423175
vt 0.471591 0.403493
vt 0.477273 0.393651
vt 0.488637 0.393651
vt 0.482955 0.403493
vt 0.454546 0.433017
vt 0.460228 0.423175
vt 0.465910 0.433017
vt 0.448864 0.423175
vt 0.443182 0.413334
vt 0.448864 0.403493
vt 0.454546 0.413334
vt 0.443182 0.452699
vt 0.454546 0.452699
vt 0.448864 0.462541
vt 0.448864 0.442858
vt 0.460228 0.442858
vt 0.454546 0.354286
vt 0.460228 0.344445
vt 0.465910 0.354286
vt 0.448864 0.344445
vt 0.443182 0.334604
vt 0.448864 0.324762
vt 0.454546 0.334604
vt 0.465910 0.373969
vt 0.460228 0.364128
vt 0.471591 0.364128
vt 0.454546 0.373969
vt 0.443182 0.373969
vt 0.437501 0.364128
vt 0.448864 0.364128
vt 0.482955 0.383810
vt 0.471591 0.383810
vt 0.477273 0.373969
vt 0.511364 0.334604
vt 0.522728 0.334604
vt 0.517046 0.344445
vt 0.517046 0.324762
vt 0.522728 0.314921
vt 0.534091 0.314921
vt 0.528410 0.324762
vt 0.500000 0.354286
vt 0.505682 0.344445
vt 0.511364 0.354286
vt 0.494319 0.344445
vt 0.488637 0.334604
vt 0.494319 0.324762
vt 0.500000 0.334604
vt 0.488637 0.373969
vt 0.500000 0.373969
vt 0.494319 0.383810
vt 0.494319 0.364128
vt 0.505682 0.364128
vt 0.647728 0.413334
vt 0.659091 0.413334
vt 0.653409 0.423175
vt 0.653409 0.403493
vt 0.659091 0.393651
vt 0.670455 0.393651
vt 0.664773 0.403493
vt 0.636364 0.433017
vt 0.642046 0.423175
vt 0.647728 0.433017
vt 0.630682 0.423175
vt 0.625000 0.413334
vt 0.630682 0.403493
vt 0.636364 0.413334
vt 0.625000 0.452699
vt 0.636364 0.452699
vt 0.630682 0.462541
vt 0.630682 0.442858
vt 0.642046 0.442858
vt 0.636364 0.354286
vt 0.642046 0.344445
vt 0.647728 0.354286
vt 0.630682 0.344445
vt 0.625000 0.334604
vt 0.630682 0.324762
vt 0.636364 0.334604
vt 0.647728 0.373969
vt 0.642046 0.364128
vt 0.653409 0.364128
vt 0.636364 0.373969
vt 0.625000 0.373969
vt 0.619319 0.364128
vt 0.630682 0.364128
vt 0.664773 0.383810
vt 0.653409 0.383810
vt 0.659091 0.373969
vt 0.693182 0.334604
vt 0.704546 0.334604
vt 0.698864 0.344445
vt 0.698864 0.324762
vt 0.704546 0.314921
vt 0.715909 0.314921
vt 0.710228 0.324762
vt 0.681818 0.354286
vt 0.687500 0.344445
vt 0.693182 0.354286
vt 0.676137 0.344445
vt 0.670455 0.334604
vt 0.676137 0.324762
vt 0.681818 0.334604
vt 0.670455 0.373969
vt 0.681818 0.373969
vt 0.676137 0.383810
vt 0.676137 0.364128
vt 0.687500 0.364128
vt 0.829546 0.413334
vt 0.840909 0.413334
vt 0.835227 0.423175
vt 0.835227 0.403493
vt 0.840909 0.393651
vt 0.852273 0.393651
vt 0.846591 0.403493
vt 0.818182 0.433017
vt 0.823864 0.423175
vt 0.829546 0.433017
vt 0.812500 0.423175
vt 0.806818 0.413334
vt 0.812500 0.403493
vt 0.818182 0.413334
vt 0.806818 0.452699
vt 0.818182 0.452699
vt 0.812500 0.462541
vt 0.812500 0.442858
vt 0.823864 0.442858
vt 0.818182 0.354286
vt 0.823864 0.344445
vt 0.829546 0.354286
vt 0.812500 0.344445
vt 0.806818 0.334604
vt 0.812500 0.324762
vt 0.818182 0.334604
vt 0.829546 0.373969
vt 0.823864 0.364128
vt 0.835227 0.364128
vt 0.818182 0.373969
vt 0.806818 0.373969
vt 0.801137 0.364128
vt 0.812500 0.364128
vt 0.846591 0.383810
vt 0.835227 0.383810
vt 0.840909 0.373969
vt 0.875000 0.334604
vt 0.886364 0.334604
vt 0.880682 0.344445
vt 0.880682 0.324762
vt 0.886364 0.314921
vt 0.897727 0.314921
vt 0.892046 0.324762
vt 0.863636 0.354286
vt 0.869318 0.344445
vt 0.875000 0.354286
vt 0.857955 0.344445
vt 0.852273 0.334604
vt 0.857955 0.324762
vt 0.863636 0.334604
vt 0.852273 0.373969
vt 0.863636 0.373969
vt 0.857955 0.383810
vt 0.857955 0.364128
vt 0.869318 0.364128
vt 0.102274 0.413334
vt 0.113637 0.413334
vt 0.107955 0.423175
vt 0.107955 0.403493
vt 0.113637 0.393651
vt 0.125001 0.393651
vt 0.119319 0.403493
vt 0.090910 0.433017
vt 0.096592 0.423175
vt 0.102274 0.433017
vt 0.085228 0.423175
vt 0.079546 0.413334
vt 0.085228 0.403493
vt 0.090910 0.413334
vt 0.079546 0.452699
vt 0.090910 0.452699
vt 0.085228 0.462541
vt 0.085228 0.442858
vt 0.096592 0.442858
vt 0.090910 0.354286
vt 0.096591 0.344445
vt 0.102273 0.354286
vt 0.085228 0.344445
vt 0.079546 0.334604
vt 0.085228 0.324762
vt 0.090910 0.334604
vt 0.102273 0.373969
vt 0.096592 0.364128
vt 0.107955 0.364128
vt 0.090910 0.373969
vt 0.079546 0.373969
vt 0.073864 0.364128
vt 0.085228 0.364128
vt 0.119319 0.383810
vt 0.107955 0.383810
vt 0.113637 0.373969
vt 0.147728 0.334604
vt 0.159092 0.334604
vt 0.153410 0.344445
vt 0.153410 0.324762
vt 0.159092 0.314921
vt 0.170455 0.314921
vt 0.164773 0.324762
vt 0.136364 0.354286
vt 0.142046 0.344445
vt 0.147728 0.354286
vt 0.130682 0.344445
vt 0.125001 0.334604
vt 0.130682 0.324762
vt 0.136364 0.334604
vt 0.125001 0.373969
vt 0.136364 0.373969
vt 0.130683 0.383810
vt 0.130683 0.364128
vt 0.142046 0.364128
vt 0.284092 0.413334
vt 0.295455 0.413334
vt 0.289773 0.423175
vt 0.289773 0.403493
vt 0.295455 0.393651
vt 0.306819 0.393651
vt 0.301137 0.403493
vt 0.272728 0.433017
vt 0.278410 0.423175
vt 0.284092 0.433017
vt 0.267046 0.423175
vt 0.261364 0.413334
vt 0.267046 0.403493
vt 0.272728 0.413334
vt 0.261364 0.452699
vt 0.272728 0.452699
vt 0.267046 0.462541
vt 0.267046 0.442858
vt 0.278410 0.442858
vt 0.272728 0.354286
vt 0.278410 0.344445
vt 0.284092 0.354286
vt 0.267046 0.344445
vt 0.261364 0.334604
vt 0.267046 0.324762
vt 0.272728 0.334604
vt 0.284092 0.373969
vt 0.278410 0.364128
vt 0.289773 0.364128
vt 0.272728 0.373969
vt 0.261364 0.373969
vt 0.255683 0.364128
vt 0.267046 0.364128
vt 0.301137 0.383810
vt 0.289773 0.383810
vt 0.295455 0.373969
vt 0.329546 0.334604
vt 0.340910 0.334604
vt 0.335228 0.344445
vt 0.335228 0.324762
vt 0.340910 0.314921
vt 0.352273 0.314921
vt 0.346592 0.324762
vt 0.318182 0.354286
vt 0.323864 0.344445
vt 0.329546 0.354286
vt 0.312501 0.344445
vt 0.306819 0.334604
vt 0.312501 0.324762
vt 0.318182 0.334604
vt 0.306819 0.373969
vt 0.318182 0.373969
vt 0.312501 0.383810
vt 0.312501 0.364128
vt 0.323864 0.364128
vt 0.420455 0.295238
vt 0.426137 0.305080
vt 0.414773 0.305080
vt 0.431819 0.295238
vt 0.443182 0.295238
vt 0.448864 0.305080
vt 0.437501 0.305080
vt 0.397728 0.295238
vt 0.409091 0.295238
vt 0.403410 0.305080
vt 0.403410 0.285397
vt 0.409091 0.275556
vt 0.420455 0.275556
vt 0.414773 0.285397
vt 0.375001 0.295238
vt 0.380682 0.305080
vt 0.369319 0.305080
vt 0.386364 0.295238
vt 0.392046 0.305080
vt 0.465910 0.255874
vt 0.477273 0.255874
vt 0.471591 0.265715
vt 0.471591 0.246032
vt 0.477273 0.236191
vt 0.488637 0.236191
vt 0.482955 0.246032
vt 0.454546 0.275556
vt 0.460228 0.265715
vt 0.465910 0.275556
vt 0.448864 0.265715
vt 0.443182 0.255874
vt 0.448864 0.246032
vt 0.454546 0.255874
vt 0.454546 0.295238
vt 0.448864 0.285397
vt 0.460228 0.285397
vt 0.511364 0.295238
vt 0.517046 0.305080
vt 0.505682 0.305080
vt 0.522728 0.295238
vt 0.534091 0.295238
vt 0.539773 0.305080
vt 0.528410 0.305080
vt 0.488637 0.295238
vt 0.500000 0.295238
vt 0.494319 0.305080
vt 0.494319 0.285397
vt 0.500000 0.275556
vt 0.511364 0.275556
vt 0.505682 0.285397
vt 0.465910 0.295238
vt 0.471591 0.305080
vt 0.460228 0.305080
vt 0.477273 0.295238
vt 0.482955 0.305080
vt 0.602273 0.295238
vt 0.607955 0.305080
vt 0.596591 0.305080
vt 0.613637 0.295238
vt 0.625000 0.295238
vt 0.630682 0.305080
vt 0.619319 0.305080
vt 0.579546 0.295238
vt 0.590909 0.295238
vt 0.585228 0.305080
vt 0.585228 0.285397
vt 0.590909 0.275556
vt 0.602273 0.275556
vt 0.596591 0.285397
vt 0.556819 0.295238
vt 0.562500 0.305080
vt 0.551137 0.305080
vt 0.568182 0.295238
vt 0.573864 0.305080
vt 0.647728 0.255874
vt 0.659091 0.255874
vt 0.653409 0.265715
vt 0.653409 0.246032
vt 0.659091 0.236191
vt 0.670455 0.236191
vt 0.664773 0.246032
vt 0.636364 0.275556
vt 0.642046 0.265715
vt 0.647728 0.275556
vt 0.630682 0.265715
vt 0.625000 0.255874
vt 0.630682 0.246032
vt 0.636364 0.255874
vt 0.636364 0.295238
vt 0.630682 0.285397
vt 0.642046 0.285397
vt 0.693182 0.295238
vt 0.698864 0.305080
vt 0.687500 0.305080
vt 0.704546 0.295238
vt 0.715909 0.295238
vt 0.721591 0.305080
vt 0.710228 0.305080
vt 0.670455 0.295238
vt 0.681818 0.295238
vt 0.676137 0.305080
vt 0.676137 0.285397
vt 0.681818 0.275556
vt 0.693182 0.275556
vt 0.687500 0.285397
vt 0.647728 0.295238
vt 0.653409 0.305080
vt 0.642046 0.305080
vt 0.659091 0.295238
vt 0.664773 0.305080
vt 0.784091 0.295238
vt 0.789773 0.305080
vt 0.778409 0.305080
vt 0.795455 0.295238
vt 0.806818 0.295238
vt 0.812500 0.305080
vt 0.801137 0.305080
vt 0.761364 0.295238
vt 0.772727 0.295238
vt 0.767046 0.305080
vt 0.767046 0.285397
vt 0.772727 0.275556
vt 0.784091 0.275556
vt 0.778409 0.285397
vt 0.738637 0.295238
vt 0.744318 0.305080
vt 0.732955 0.305080
vt 0.750000 0.295238
vt 0.755682 0.305080
vt 0.829546 0.255874
vt 0.840909 0.255874
vt 0.835227 0.265715
vt 0.835227 0.246032
vt 0.840909 0.236191
vt 0.852273 0.236191
vt 0.846591 0.246032
vt 0.818182 0.275556
vt 0.823864 0.265715
vt 0.829546 0.275556
vt 0.812500 0.265715
vt 0.806818 0.255874
vt 0.812500 0.246032
vt 0.818182 0.255874
vt 0.818182 0.295238
vt 0.812500 0.285397
vt 0.823864 0.285397
vt 0.875000 0.295238
vt 0.880682 0.305080
vt 0.869318 0.305080
vt 0.886364 0.295238
vt 0.897727 0.295238
vt 0.903409 0.305080
vt 0.892046 0.305080
vt 0.852273 0.295238
vt 0.863636 0.295238
vt 0.857955 0.305080
vt 0.857955 0.285397
vt 0.863636 0.275556
vt 0.875000 0.275556
vt 0.869318 0.285397
vt 0.829546 0.295238
vt 0.835227 0.305080
vt 0.823864 0.305080
vt 0.840909 0.295238
vt 0.846591 0.305080
vt 0.056819 0.295238
vt 0.062500 0.305080
vt 0.051137 0.305080
vt 0.068182 0.295238
vt 0.079546 0.295238
vt 0.085228 0.305080
vt 0.073864 0.305080
vt 0.034091 0.295238
vt 0.045455 0.295238
vt 0.039773 0.305080
vt 0.039773 0.285397
vt 0.045455 0.275556
vt 0.056819 0.275556
vt 0.051137 0.285397
vt 0.011364 0.295238
vt 0.017046 0.305080
vt 0.005682 0.305080
vt 0.022727 0.295238
vt 0.028409 0.305080
vt 0.102273 0.255874
vt 0.113637 0.255874
vt 0.107955 0.265715
vt 0.107955 0.246032
vt 0.113637 0.236191
vt 0.125001 0.236191
vt 0.119319 0.246032
vt 0.090910 0.275556
vt 0.096592 0.265715
vt 0.102273 0.275556
vt 0.085228 0.265715
vt 0.079546 0.255874
vt 0.085228 0.246032
vt 0.090910 0.255874
vt 0.090910 0.295238
vt 0.085228 0.285397
vt 0.096591 0.285397
vt 0.147728 0.295238
vt 0.153410 0.305080
vt 0.142046 0.305080
vt 0.159092 0.295238
vt 0.170455 0.295238
vt 0.176137 0.305080
vt 0.164773 0.305080
vt 0.125001 0.295238
vt 0.136364 0.295238
vt 0.130682 0.305080
vt 0.130682 0.285397
vt 0.136364 0.275556
vt 0.147728 0.275556
vt 0.142046 0.285397
vt 0.102273 0.295238
vt 0.107955 0.305080
vt 0.096591 0.305080
vt 0.113637 0.295238
vt 0.119319 0.305080
vt 0.238637 0.295238
vt 0.244319 0.305080
vt 0.232955 0.305080
vt 0.250001 0.295238
vt 0.261364 0.295238
vt 0.267046 0.305080
vt 0.255683 0.305080
vt 0.215910 0.295238
vt 0.227273 0.295238
vt 0.221592 0.305080
vt 0.221592 0.285397
vt 0.227273 0.275556
vt 0.238637 0.275556
vt 0.232955 0.285397
vt 0.193183 0.295238
vt 0.198864 0.305080
vt 0.187501 0.305080
vt 0.204546 0.295238
vt 0.210228 0.305080
vt 0.284092 0.255874
vt 0.295455 0.255874
vt 0.289773 0.265715
vt 0.289773 0.246032
vt 0.295455 0.236191
vt 0.306819 0.236191
vt 0.301137 0.246032
vt 0.272728 0.275556
vt 0.278410 0.265715
vt 0.284092 0.275556
vt 0.267046 0.265715
vt 0.261364 0.255874
vt 0.267046 0.246032
vt 0.272728 0.255874
vt 0.272728 0.295238
vt 0.267046 0.285397
vt 0.278410 0.285397
vt 0.329546 0.295238
vt 0.335228 0.305080
vt 0.323864 0.305080
vt 0.340910 0.295238
vt 0.352273 0.295238
vt 0.357955 0.305080
vt 0.346592 0.305080
vt 0.306819 0.295238
vt 0.318182 0.295238
vt 0.312501 0.305080
vt 0.312501 0.285397
vt 0.318182 0.275556
vt 0.329546 0.275556
vt 0.323864 0.285397
vt 0.284092 0.295238
vt 0.289773 0.305080
vt 0.278410 0.305080
vt 0.295455 0.295238
vt 0.301137 0.305080
vt 0.556819 0.255874
vt 0.568182 0.255874
vt 0.562500 0.265715
vt 0.562500 0.246032
vt 0.568182 0.236191
vt 0.579546 0.236191
vt 0.573864 0.246032
vt 0.545455 0.275556
vt 0.551137 0.265715
vt 0.556819 0.275556
vt 0.539773 0.265715
vt 0.534091 0.255874
vt 0.539773 0.246032
vt 0.545455 0.255874
vt 0.545455 0.295238
vt 0.539773 0.285397
vt 0.551137 0.285397
vt 0.545455 0.196826
vt 0.551137 0.186985
vt 0.556819 0.196826
vt 0.539773 0.186985
vt 0.534091 0.177144
vt 0.539773 0.167302
vt 0.545455 0.177144
vt 0.556819 0.216509
vt 0.551137 0.206667
vt 0.562500 0.206667
vt 0.545455 0.216509
vt 0.534091 0.216509
vt 0.528410 0.206667
vt 0.539773 0.206667
vt 0.573864 0.226350
vt 0.562500 0.226350
vt 0.568182 0.216509
vt 0.602273 0.177144
vt 0.613637 0.177144
vt 0.607955 0.186985
vt 0.607955 0.167302
vt 0.613637 0.157461
vt 0.625000 0.157461
vt 0.619319 0.167302
vt 0.590909 0.196826
vt 0.596591 0.186985
vt 0.602273 0.196826
vt 0.585228 0.186985
vt 0.579546 0.177144
vt 0.585228 0.167302
vt 0.590909 0.177144
vt 0.579546 0.216509
vt 0.590909 0.216509
vt 0.585228 0.226350
vt 0.585228 0.206667
vt 0.596591 0.206667
vt 0.738637 0.255874
vt 0.750000 0.255874
vt 0.744318 0.265715
vt 0.744318 0.246032
vt 0.750000 0.236191
vt 0.761364 0.236191
vt 0.755682 0.246032
vt 0.727273 0.275556
vt 0.732955 0.265715
vt 0.738637 0.275556
vt 0.721591 0.265715
vt 0.715909 0.255874
vt 0.721591 0.246032
vt 0.727273 0.255874
vt 0.727273 0.295238
vt 0.721591 0.285397
vt 0.732955 0.285397
vt 0.727273 0.196826
vt 0.732955 0.186985
vt 0.738637 0.196826
vt 0.721591 0.186985
vt 0.715909 0.177144
vt 0.721591 0.167302
vt 0.727273 0.177144
vt 0.738637 0.216509
vt 0.732955 0.206667
vt 0.744318 0.206667
vt 0.727273 0.216509
vt 0.715909 0.216509
vt 0.710228 0.206667
vt 0.721591 0.206667
vt 0.755682 0.226350
vt 0.744318 0.226350
vt 0.750000 0.216509
vt 0.784091 0.177144
vt 0.795455 0.177144
vt 0.789773 0.186985
vt 0.789773 0.167302
vt 0.795455 0.157461
vt 0.806818 0.157461
vt 0.801137 0.167302
vt 0.772727 0.196826
vt 0.778409 0.186985
vt 0.784091 0.196826
vt 0.767046 0.186985
vt 0.761364 0.177144
vt 0.767046 0.167302
vt 0.772727 0.177144
vt 0.761364 0.216509
vt 0.772727 0.216509
vt 0.767046 0.226350
vt 0.767046 0.206667
vt 0.778409 0.206667
vt 0.920455 0.255874
vt 0.931818 0.255874
vt 0.926136 0.265715
vt 0.926136 0.246032
vt 0.931818 0.236191
vt 0.943182 0.236191
vt 0.937500 0.246032
vt 0.909091 0.275556
vt 0.914773 0.265715
vt 0.920455 0.275556
vt 0.903409 0.265715
vt 0.897727 0.255874
vt 0.903409 0.246032
vt 0.909091 0.255874
vt 0.909091 0.295238
vt 0.903409 0.285397
vt 0.914773 0.285397
vt 0.909091 0.196826
vt 0.914773 0.186985
vt 0.920455 0.196826
vt 0.903409 0.186985
vt 0.897727 0.177144
vt 0.903409 0.167302
vt 0.909091 0.177144
vt 0.920455 0.216509
vt 0.914773 0.206667
vt 0.926136 0.206667
vt 0.909091 0.216509
vt 0.897727 0.216509
vt 0.892046 0.206667
vt 0.903409 0.206667
vt 0.937500 0.226350
vt 0.926136 0.226350
vt 0.931818 0.216509
vt 0.965909 0.177144
vt 0.977273 0.177144
vt 0.971591 0.186985
vt 0.971591 0.167302
vt 0.977273 0.157461
vt 0.988636 0.157461
vt 0.982955 0.167302
vt 0.954545 0.196826
vt 0.960227 0.186985
vt 0.965909 0.196826
vt 0.948864 0.186985
vt 0.943182 0.177144
vt 0.948864 0.167302
vt 0.954545 0.177144
vt 0.943182 0.216509
vt 0.954545 0.216509
vt 0.948864 0.226350
vt 0.948864 0.206667
vt 0.960227 0.206667
vt 0.193183 0.255874
vt 0.204546 0.255874
vt 0.198864 0.265715
vt 0.198864 0.246032
vt 0.204546 0.236191
vt 0.215910 0.236191
vt 0.210228 0.246032
vt 0.181819 0.275556
vt 0.187501 0.265715
vt 0.193183 0.275556
vt 0.176137 0.265715
vt 0.170455 0.255874
vt 0.176137 0.246032
vt 0.181819 0.255874
vt 0.181819 0.295238
vt 0.176137 0.285397
vt 0.187501 0.285397
vt 0.181819 0.196826
vt 0.187501 0.186985
vt 0.193183 0.196826
vt 0.176137 0.186985
vt 0.170455 0.177144
vt 0.176137 0.167302
vt 0.181819 0.177144
vt 0.193183 0.216509
vt 0.187501 0.206667
vt 0.198864 0.206667
vt 0.181819 0.216509
vt 0.170455 0.216509
vt 0.164774 0.206667
vt 0.176137 0.206667
vt 0.210228 0.226350
vt 0.198864 0.226350
vt 0.204546 0.216509
vt 0.238637 0.177144
vt 0.250001 0.177144
vt 0.244319 0.186985
vt 0.244319 0.167302
vt 0.250001 0.157461
vt 0.261364 0.157461
vt 0.255683 0.167302
vt 0.227273 0.196826
vt 0.232955 0.186985
vt 0.238637 0.196826
vt 0.221592 0.186985
vt 0.215910 0.177144
vt 0.221592 0.167302
vt 0.227273 0.177144
vt 0.215910 0.216509
vt 0.227273 0.216509
vt 0.221592 0.226350
vt 0.221592 0.206667
vt 0.232955 0.206667
vt 0.375001 0.255874
vt 0.386364 0.255874
vt 0.380682 0.265715
vt 0.380682 0.246032
vt 0.386364 0.236191
vt 0.397728 0.236191
vt 0.392046 0.246032
vt 0.363637 0.275556
vt 0.369319 0.265715
vt 0.375001 0.275556
vt 0.357955 0.265715
vt 0.352273 0.255874
vt 0.357955 0.246032
vt 0.363637 0.255874
vt 0.363637 0.295238
vt 0.357955 0.285397
vt 0.369319 0.285397
vt 0.363637 0.196826
vt 0.369319 0.186985
vt 0.375001 0.196826
vt 0.357955 0.186985
vt 0.352273 0.177144
vt 0.357955 0.167302
vt 0.363637 0.177144
vt 0.375001 0.216509
vt 0.369319 0.206667
vt 0.380682 0.206667
vt 0.363637 0.216509
vt 0.352273 0.216509
vt 0.346592 0.206667
vt 0.357955 0.206667
vt 0.392046 0.226350
vt 0.380682 0.226350
vt 0.386364 0.216509
vt 0.420455 0.177144
vt 0.431819 0.177144
vt 0.426137 0.186985
vt 0.426137 0.167302
vt 0.431819 0.157461
vt 0.443182 0.157461
vt 0.437501 0.167302
vt 0.409092 0.196826
vt 0.414773 0.186985
vt 0.420455 0.196826
vt 0.403410 0.186985
vt 0.397728 0.177144
vt 0.403410 0.167302
vt 0.409092 0.177144
vt 0.397728 0.216509
vt 0.409092 0.216509
vt 0.403410 0.226350
vt 0.403410 0.206667
vt 0.414773 0.206667
vt 0.511364 0.137778
vt 0.517046 0.147620
vt 0.505682 0.147620
vt 0.522728 0.137778
vt 0.534091 0.137778
vt 0.539773 0.147620
vt 0.528410 0.147620
vt 0.488637 0.137778
vt 0.500000 0.137778
vt 0.494319 0.147620
vt 0.494319 0.127937
vt 0.500000 0.118096
vt 0.511364 0.118096
vt 0.505682 0.127937
vt 0.465910 0.137778
vt 0.471591 0.147620
vt 0.460228 0.147620
vt 0.477273 0.137778
vt 0.482955 0.147620
vt 0.556819 0.098413
vt 0.568182 0.098413
vt 0.562500 0.108254
vt 0.562500 0.088572
vt 0.568182 0.078731
vt 0.579546 0.078731
vt 0.573864 0.088572
vt 0.545455 0.118096
vt 0.551137 0.108254
vt 0.556819 0.118096
vt 0.539773 0.108254
vt 0.534091 0.098413
vt 0.539773 0.088572
vt 0.545455 0.098413
vt 0.545455 0.137778
vt 0.539773 0.127937
vt 0.551137 0.127937
vt 0.602273 0.137778
vt 0.607955 0.147620
vt 0.596591 0.147620
vt 0.613637 0.137778
vt 0.625000 0.137778
vt 0.630682 0.147620
vt 0.619319 0.147620
vt 0.579546 0.137778
vt 0.590909 0.137778
vt 0.585228 0.147620
vt 0.585228 0.127937
vt 0.590909 0.118096
vt 0.602273 0.118096
vt 0.596591 0.127937
vt 0.556819 0.137778
vt 0.562500 0.147620
vt 0.551137 0.147620
vt 0.568182 0.137778
vt 0.573864 0.147620
vt 0.693182 0.137778
vt 0.698864 0.147620
vt 0.687500 0.147620
vt 0.704546 0.137778
vt 0.715909 0.137778
vt 0.721591 0.147620
vt 0.710228 0.147620
vt 0.670455 0.137778
vt 0.681818 0.137778
vt 0.676137 0.147620
vt 0.676137 0.127937
vt 0.681818 0.118096
vt 0.693182 0.118096
vt 0.687500 0.127937
vt 0.647728 0.137778
vt 0.653409 0.147620
vt 0.642046 0.147620
vt 0.659091 0.137778
vt 0.664773 0.147620
vt 0.738637 0.098413
vt 0.750000 0.098413
vt 0.744318 0.108254
vt 0.744318 0.088572
vt 0.750000 0.078731
vt 0.761364 0.078731
vt 0.755682 0.088572
vt 0.727273 0.118096
vt 0.732955 0.108254
vt 0.738637 0.118096
vt 0.721591 0.108254
vt 0.715909 0.098413
vt 0.721591 0.088572
vt 0.727273 0.098413
vt 0.727273 0.137778
vt 0.721591 0.127937
vt 0.732955 0.127937
vt 0.784091 0.137778
vt 0.789773 0.147620
vt 0.778409 0.147620
vt 0.795455 0.137778
vt 0.806818 0.137778
vt 0.812500 0.147620
vt 0.801137 0.147620
vt 0.761364 0.137778
vt 0.772727 0.137778
vt 0.767046 0.147620
vt 0.767046 0.127937
vt 0.772727 0.118096
vt 0.784091 0.118096
vt 0.778409 0.127937
vt 0.738637 0.137778
vt 0.744318 0.147620
vt 0.732955 0.147620
vt 0.750000 0.137778
vt 0.755682 0.147620
vt 0.875000 0.137778
vt 0.880682 0.147620
vt 0.869318 0.147620
vt 0.886364 0.137778
vt 0.897727 0.137778
vt 0.903409 0.147620
vt 0.892046 0.147620
vt 0.852273 0.137778
vt 0.863636 0.137778
vt 0.857955 0.147620
vt 0.857955 0.127937
vt 0.863636 0.118096
vt 0.875000 0.118096
vt 0.869318 0.127937
vt 0.829546 0.137778
vt 0.835227 0.147620
vt 0.823864 0.147620
vt 0.840909 0.137778
vt 0.846591 0.147620
vt 0.920455 0.098413
vt 0.931818 0.098413
vt 0.926136 0.108254
vt 0.926136 0.088572
vt 0.931818 0.078731
vt 0.943182 0.078731
vt 0.937500 0.088572
vt 0.909091 0.118096
vt 0.914773 0.108254
vt 0.920455 0.118096
vt 0.903409 0.108254
vt 0.897727 0.098413
vt 0.903409 0.088572
vt 0.909091 0.098413
vt 0.909091 0.137778
vt 0.903409 0.127937
vt 0.914773 0.127937
vt 0.965909 0.137778
vt 0.971591 0.147620
vt 0.960227 0.147620
vt 0.977273 0.137778
vt 0.988636 0.137778
vt 0.994318 0.147620
vt 0.982955 0.147620
vt 0.943182 0.137778
vt 0.954545 0.137778
vt 0.948864 0.147620
vt 0.948864 0.127937
vt 0.954545 0.118096
vt 0.965909 0.118096
vt 0.960227 0.127937
vt 0.920455 0.137778
vt 0.926136 0.147620
vt 0.914773 0.147620
vt 0.931818 0.137778
vt 0.937500 0.147620
vt 0.409092 0.118096
vt 0.414773 0.108254
vt 0.420455 0.118096
vt 0.403410 0.108254
vt 0.397728 0.098413
vt 0.403410 0.088572
vt 0.409092 0.098413
vt 0.420455 0.137778
vt 0.414773 0.127937
vt 0.426137 0.127937
vt 0.409092 0.137778
vt 0.397728 0.137778
vt 0.392046 0.127937
vt 0.403410 0.127937
vt 0.437501 0.147620
vt 0.426137 0.147620
vt 0.431819 0.137778
vt 0.352273 0.098413
vt 0.346592 0.088572
vt 0.357955 0.088572
vt 0.340910 0.098413
vt 0.329546 0.098413
vt 0.323864 0.088572
vt 0.335228 0.088572
vt 0.375001 0.098413
vt 0.363637 0.098413
vt 0.369319 0.088572
vt 0.369319 0.108254
vt 0.363637 0.118096
vt 0.352273 0.118096
vt 0.357955 0.108254
vt 0.392046 0.088572
vt 0.386364 0.098413
vt 0.380682 0.088572
vt 0.363637 0.039365
vt 0.369319 0.029524
vt 0.375001 0.039365
vt 0.357955 0.029524
vt 0.352273 0.019683
vt 0.357955 0.009841
vt 0.363637 0.019683
vt 0.375001 0.059048
vt 0.369319 0.049207
vt 0.380682 0.049207
vt 0.363637 0.059048
vt 0.352273 0.059048
vt 0.346592 0.049207
vt 0.357955 0.049207
vt 0.386364 0.078731
vt 0.392046 0.068889
vt 0.397728 0.078731
vt 0.380682 0.068889
vt 0.386364 0.059048
vt 0.147728 0.137778
vt 0.153410 0.147620
vt 0.142046 0.147620
vt 0.159092 0.137778
vt 0.170455 0.137778
vt 0.176137 0.147620
vt 0.164774 0.147620
vt 0.125001 0.137778
vt 0.136364 0.137778
vt 0.130683 0.147620
vt 0.130683 0.127937
vt 0.136364 0.118096
vt 0.147728 0.118096
vt 0.142046 0.127937
vt 0.102274 0.137778
vt 0.107955 0.147620
vt 0.096592 0.147620
vt 0.113637 0.137778
vt 0.119319 0.147620
vt 0.193183 0.098413
vt 0.204546 0.098413
vt 0.198864 0.108254
vt 0.198864 0.088572
vt 0.204546 0.078731
vt 0.215910 0.078731
vt 0.210228 0.088572
vt 0.181819 0.118096
vt 0.187501 0.108254
vt 0.193183 0.118096
vt 0.176137 0.108254
vt 0.170455 0.098413
vt 0.176137 0.088572
vt 0.181819 0.098413
vt 0.181819 0.137778
vt 0.176137 0.127937
vt 0.187501 0.127937
vt 0.238637 0.137778
vt 0.244319 0.147620
vt 0.232955 0.147620
vt 0.250001 0.137778
vt 0.261364 0.137778
vt 0.267046 0.147620
vt 0.255683 0.147620
vt 0.215910 0.137778
vt 0.227273 0.137778
vt 0.221592 0.147620
vt 0.221592 0.127937
vt 0.227273 0.118096
vt 0.238637 0.118096
vt 0.232955 0.127937
vt 0.193183 0.137778
vt 0.198864 0.147620
vt 0.187501 0.147620
vt 0.204546 0.137778
vt 0.210228 0.147620
vt 0.215910 0.098413
vt 0.221592 0.108254
vt 0.210228 0.108254
vt 0.227273 0.098413
vt 0.238637 0.098413
vt 0.244319 0.108254
vt 0.232955 0.108254
vt 0.147728 0.098413
vt 0.159092 0.098413
vt 0.153410 0.108254
vt 0.153410 0.088572
vt 0.159092 0.078731
vt 0.170455 0.078731
vt 0.164774 0.088572
vt 0.125001 0.098413
vt 0.130683 0.108254
vt 0.119319 0.108254
vt 0.136364 0.098413
vt 0.142046 0.108254
vt 0.340910 0.078731
vt 0.346592 0.068889
vt 0.352273 0.078731
vt 0.335228 0.068889
vt 0.329546 0.059048
vt 0.335228 0.049207
vt 0.340910 0.059048
vt 0.375001 0.137778
vt 0.369319 0.127937
vt 0.380682 0.127937
vt 0.363637 0.137778
vt 0.352273 0.137778
vt 0.346592 0.127937
vt 0.357955 0.127937
vt 0.386364 0.157461
vt 0.392046 0.147620
vt 0.397728 0.157461
vt 0.380682 0.147620
vt 0.386364 0.137778
vt 0.943182 0.098413
vt 0.948864 0.108254
vt 0.937500 0.108254
vt 0.954545 0.098413
vt 0.965909 0.098413
vt 0.971591 0.108254
vt 0.960227 0.108254
vt 0.875000 0.098413
vt 0.886364 0.098413
vt 0.880682 0.108254
vt 0.880682 0.088572
vt 0.886364 0.078731
vt 0.897727 0.078731
vt 0.892046 0.088572
vt 0.852273 0.098413
vt 0.857955 0.108254
vt 0.846591 0.108254
vt 0.863636 0.098413
vt 0.869318 0.108254
vt 0.761364 0.098413
vt 0.767046 0.108254
vt 0.755682 0.108254
vt 0.772727 0.098413
vt 0.784091 0.098413
vt 0.789773 0.108254
vt 0.778409 0.108254
vt 0.693182 0.098413
vt 0.704546 0.098413
vt 0.698864 0.108254
vt 0.698864 0.088572
vt 0.704546 0.078731
vt 0.715909 0.078731
vt 0.710228 0.088572
vt 0.670455 0.098413
vt 0.676137 0.108254
vt 0.664773 0.108254
vt 0.681818 0.098413
vt 0.687500 0.108254
vt 0.579546 0.098413
vt 0.585228 0.108254
vt 0.573864 0.108254
vt 0.590909 0.098413
vt 0.602273 0.098413
vt 0.607955 0.108254
vt 0.596591 0.108254
vt 0.511364 0.098413
vt 0.522728 0.098413
vt 0.517046 0.108254
vt 0.517046 0.088572
vt 0.522728 0.078731
vt 0.534091 0.078731
vt 0.528410 0.088572
vt 0.488637 0.098413
vt 0.494319 0.108254
vt 0.482955 0.108254
vt 0.500000 0.098413
vt 0.505682 0.108254
vt 0.375001 0.177144
vt 0.386364 0.177144
vt 0.380682 0.186985
vt 0.380682 0.167302
vt 0.392046 0.167302
vt 0.340910 0.236191
vt 0.346592 0.226350
vt 0.352273 0.236191
vt 0.335228 0.226350
vt 0.329546 0.216509
vt 0.335228 0.206667
vt 0.340910 0.216509
vt 0.329546 0.255874
vt 0.340910 0.255874
vt 0.335228 0.265715
vt 0.335228 0.246032
vt 0.346592 0.246032
vt 0.193183 0.177144
vt 0.204546 0.177144
vt 0.198864 0.186985
vt 0.198864 0.167302
vt 0.204546 0.157461
vt 0.215910 0.157461
vt 0.210228 0.167302
vt 0.159092 0.236191
vt 0.164774 0.226350
vt 0.170455 0.236191
vt 0.153410 0.226350
vt 0.147728 0.216509
vt 0.153410 0.206667
vt 0.159092 0.216509
vt 0.147728 0.255874
vt 0.159092 0.255874
vt 0.153410 0.265715
vt 0.153410 0.246032
vt 0.164774 0.246032
vt 0.920455 0.177144
vt 0.931818 0.177144
vt 0.926136 0.186985
vt 0.926136 0.167302
vt 0.931818 0.157461
vt 0.943182 0.157461
vt 0.937500 0.167302
vt 0.886364 0.236191
vt 0.892046 0.226350
vt 0.897727 0.236191
vt 0.880682 0.226350
vt 0.875000 0.216509
vt 0.880682 0.206667
vt 0.886364 0.216509
vt 0.875000 0.255874
vt 0.886364 0.255874
vt 0.880682 0.265715
vt 0.880682 0.246032
vt 0.892046 0.246032
vt 0.738637 0.177144
vt 0.750000 0.177144
vt 0.744318 0.186985
vt 0.744318 0.167302
vt 0.750000 0.157461
vt 0.761364 0.157461
vt 0.755682 0.167302
vt 0.704546 0.236191
vt 0.710228 0.226350
vt 0.715909 0.236191
vt 0.698864 0.226350
vt 0.693182 0.216509
vt 0.698864 0.206667
vt 0.704546 0.216509
vt 0.693182 0.255874
vt 0.704546 0.255874
vt 0.698864 0.265715
vt 0.698864 0.246032
vt 0.710228 0.246032
vt 0.556819 0.177144
vt 0.568182 0.177144
vt 0.562500 0.186985
vt 0.562500 0.167302
vt 0.568182 0.157461
vt 0.579546 0.157461
vt 0.573864 0.167302
vt 0.522728 0.236191
vt 0.528410 0.226350
vt 0.534091 0.236191
vt 0.517046 0.226350
vt 0.511364 0.216509
vt 0.517046 0.206667
vt 0.522728 0.216509
vt 0.511364 0.255874
vt 0.522728 0.255874
vt 0.517046 0.265715
vt 0.517046 0.246032
vt 0.528410 0.246032
vt 0.306819 0.255874
vt 0.312501 0.265715
vt 0.301137 0.265715
vt 0.318182 0.255874
vt 0.323864 0.265715
vt 0.238637 0.255874
vt 0.250001 0.255874
vt 0.244319 0.265715
vt 0.244319 0.246032
vt 0.250001 0.236191
vt 0.261364 0.236191
vt 0.255683 0.246032
vt 0.215910 0.255874
vt 0.221592 0.265715
vt 0.210228 0.265715
vt 0.227273 0.255874
vt 0.232955 0.265715
vt 0.125001 0.255874
vt 0.130683 0.265715
vt 0.119319 0.265715
vt 0.136364 0.255874
vt 0.142046 0.265715
vt 0.056819 0.255874
vt 0.068182 0.255874
vt 0.062500 0.265715
vt 0.062501 0.246032
vt 0.068182 0.236191
vt 0.079546 0.236191
vt 0.073864 0.246032
vt 0.034091 0.255874
vt 0.039773 0.265715
vt 0.028409 0.265715
vt 0.045455 0.255874
vt 0.051137 0.265715
vt 0.852273 0.255874
vt 0.857955 0.265715
vt 0.846591 0.265715
vt 0.863636 0.255874
vt 0.869318 0.265715
vt 0.784091 0.255874
vt 0.795455 0.255874
vt 0.789773 0.265715
vt 0.789773 0.246032
vt 0.795455 0.236191
vt 0.806818 0.236191
vt 0.801137 0.246032
vt 0.761364 0.255874
vt 0.767046 0.265715
vt 0.755682 0.265715
vt 0.772727 0.255874
vt 0.778409 0.265715
vt 0.670455 0.255874
vt 0.676137 0.265715
vt 0.664773 0.265715
vt 0.681818 0.255874
vt 0.687500 0.265715
vt 0.602273 0.255874
vt 0.613637 0.255874
vt 0.607955 0.265715
vt 0.607955 0.246032
vt 0.613637 0.236191
vt 0.625000 0.236191
vt 0.619319 0.246032
vt 0.579546 0.255874
vt 0.585228 0.265715
vt 0.573864 0.265715
vt 0.590909 0.255874
vt 0.596591 0.265715
vt 0.488637 0.255874
vt 0.494319 0.265715
vt 0.482955 0.265715
vt 0.500000 0.255874
vt 0.505682 0.265715
vt 0.420455 0.255874
vt 0.431819 0.255874
vt 0.426137 0.265715
vt 0.426137 0.246032
vt 0.431819 0.236191
vt 0.443182 0.236191
vt 0.437501 0.246032
vt 0.397728 0.255874
vt 0.403410 0.265715
vt 0.392046 0.265715
vt 0.409091 0.255874
vt 0.414773 0.265715
vt 0.284092 0.334604
vt 0.295455 0.334604
vt 0.289773 0.344445
vt 0.289773 0.324762
vt 0.295455 0.314921
vt 0.306819 0.314921
vt 0.301137 0.324762
vt 0.250001 0.393651
vt 0.255683 0.383810
vt 0.261364 0.393651
vt 0.244319 0.383810
vt 0.238637 0.373969
vt 0.244319 0.364128
vt 0.250001 0.373969
vt 0.238637 0.413334
vt 0.250001 0.413334
vt 0.244319 0.423175
vt 0.244319 0.403493
vt 0.255683 0.403493
vt 0.102273 0.334604
vt 0.113637 0.334604
vt 0.107955 0.344445
vt 0.107955 0.324762
vt 0.113637 0.314921
vt 0.125001 0.314921
vt 0.119319 0.324762
vt 0.068182 0.393651
vt 0.073864 0.383810
vt 0.079546 0.393651
vt 0.062501 0.383810
vt 0.056819 0.373969
vt 0.062500 0.364128
vt 0.068182 0.373969
vt 0.056819 0.413334
vt 0.068182 0.413334
vt 0.062501 0.423175
vt 0.062501 0.403493
vt 0.073864 0.403493
vt 0.829546 0.334604
vt 0.840909 0.334604
vt 0.835227 0.344445
vt 0.835227 0.324762
vt 0.840909 0.314921
vt 0.852273 0.314921
vt 0.846591 0.324762
vt 0.795455 0.393651
vt 0.801137 0.383810
vt 0.806818 0.393651
vt 0.789773 0.383810
vt 0.784091 0.373969
vt 0.789773 0.364128
vt 0.795455 0.373969
vt 0.784091 0.413334
vt 0.795455 0.413334
vt 0.789773 0.423175
vt 0.789773 0.403493
vt 0.801137 0.403493
vt 0.647728 0.334604
vt 0.659091 0.334604
vt 0.653409 0.344445
vt 0.653409 0.324762
vt 0.659091 0.314921
vt 0.670455 0.314921
vt 0.664773 0.324762
vt 0.613637 0.393651
vt 0.619319 0.383810
vt 0.625000 0.393651
vt 0.607955 0.383810
vt 0.602273 0.373969
vt 0.607955 0.364128
vt 0.613637 0.373969
vt 0.602273 0.413334
vt 0.613637 0.413334
vt 0.607955 0.423175
vt 0.607955 0.403493
vt 0.619319 0.403493
vt 0.465910 0.334604
vt 0.477273 0.334604
vt 0.471591 0.344445
vt 0.471591 0.324762
vt 0.477273 0.314921
vt 0.488637 0.314921
vt 0.482955 0.324762
vt 0.431819 0.393651
vt 0.437501 0.383810
vt 0.443182 0.393651
vt 0.426137 0.383810
vt 0.420455 0.373969
vt 0.426137 0.364128
vt 0.431819 0.373969
vt 0.420455 0.413334
vt 0.431819 0.413334
vt 0.426137 0.423175
vt 0.426137 0.403493
vt 0.437501 0.403493
vt 0.375001 0.334604
vt 0.386364 0.334604
vt 0.380682 0.344445
vt 0.380682 0.324762
vt 0.386364 0.314921
vt 0.397728 0.314921
vt 0.392046 0.324762
vt 0.556819 0.334604
vt 0.568182 0.334604
vt 0.562500 0.344445
vt 0.562500 0.324762
vt 0.568182 0.314921
vt 0.579546 0.314921
vt 0.573864 0.324762
vt 0.738637 0.334604
vt 0.750000 0.334604
vt 0.744318 0.344445
vt 0.744318 0.324762
vt 0.750000 0.314921
vt 0.761364 0.314921
vt 0.755682 0.324762
vt 0.011364 0.334604
vt 0.022727 0.334604
vt 0.017046 0.344445
vt 0.017046 0.324762
vt 0.022727 0.314921
vt 0.034091 0.314921
vt 0.028409 0.324762
vt 0.193183 0.334604
vt 0.204546 0.334604
vt 0.198864 0.344445
vt 0.198864 0.324762
vt 0.204546 0.314921
vt 0.215910 0.314921
vt 0.210228 0.324762
vt 0.443182 0.177144
vt 0.448864 0.186985
vt 0.437501 0.186985
vt 0.454546 0.177144
vt 0.465910 0.177144
vt 0.471591 0.186985
vt 0.460228 0.186985
vt 0.625000 0.177144
vt 0.630682 0.186985
vt 0.619319 0.186985
vt 0.636364 0.177144
vt 0.647728 0.177144
vt 0.653409 0.186985
vt 0.642046 0.186985
vt 0.806818 0.177144
vt 0.812500 0.186985
vt 0.801137 0.186985
vt 0.818182 0.177144
vt 0.829546 0.177144
vt 0.835227 0.186985
vt 0.823864 0.186985
vt 0.079546 0.177144
vt 0.085228 0.186985
vt 0.073864 0.186985
vt 0.090910 0.177144
vt 0.102274 0.177144
vt 0.107955 0.186985
vt 0.096592 0.186985
vt 0.261364 0.177144
vt 0.267046 0.186985
vt 0.255683 0.186985
vt 0.272728 0.177144
vt 0.284092 0.177144
vt 0.289773 0.186985
vt 0.278410 0.186985
vt 0.477273 0.177144
vt 0.471591 0.167302
vt 0.477273 0.157461
vt 0.488637 0.157461
vt 0.482955 0.167302
vt 0.659091 0.177144
vt 0.653409 0.167302
vt 0.659091 0.157461
vt 0.670455 0.157461
vt 0.664773 0.167302
vt 0.840909 0.177144
vt 0.835227 0.167302
vt 0.840909 0.157461
vt 0.852273 0.157461
vt 0.846591 0.167302
vt 0.113637 0.177144
vt 0.107955 0.167302
vt 0.113637 0.157461
vt 0.125001 0.157461
vt 0.119319 0.167302
vt 0.295455 0.177144
vt 0.289773 0.167302
vt 0.295455 0.157461
vt 0.306819 0.157461
vt 0.301137 0.167302
vt 0.534091 0.019683
vt 0.539773 0.029524
vt 0.528410 0.029524
vt 0.545455 0.019683
vt 0.556819 0.019683
vt 0.562500 0.029524
vt 0.551137 0.029524
vt 0.715909 0.019683
vt 0.721591 0.029524
vt 0.710228 0.029524
vt 0.727273 0.019683
vt 0.738637 0.019683
vt 0.744318 0.029524
vt 0.732955 0.029524
vt 0.897727 0.019683
vt 0.903409 0.029524
vt 0.892046 0.029524
vt 0.909091 0.019683
vt 0.920455 0.019683
vt 0.926136 0.029524
vt 0.914773 0.029524
vt 0.301137 0.147620
vt 0.289773 0.147620
vt 0.284092 0.137778
vt 0.289773 0.127937
vt 0.295455 0.137778
vt 0.170455 0.019683
vt 0.176137 0.029524
vt 0.164774 0.029524
vt 0.181819 0.019683
vt 0.193183 0.019683
vt 0.198864 0.029524
vt 0.187501 0.029524
vt 0.392046 0.049207
vt 0.397728 0.059048
vt 0.386364 0.039365
vt 0.403410 0.068889
vt 0.409092 0.078731
vt 0.369319 0.009841
vt 0.375001 0.019683
vt 0.363637 0.000000
vt 0.380682 0.029524
vt 0.437501 0.127937
vt 0.443182 0.137778
vt 0.431819 0.118096
vt 0.448864 0.147620
vt 0.414773 0.088572
vt 0.420455 0.098413
vt 0.426137 0.108254
vt 1.000000 0.157461
vt 0.971591 0.206667
vt 0.965909 0.216509
vt 0.977273 0.196826
vt 0.960227 0.226350
vt 0.954545 0.236191
vt 0.994318 0.167302
vt 0.988636 0.177144
vt 0.982955 0.186985
vt 0.926136 0.285397
vt 0.920455 0.295238
vt 0.931818 0.275556
vt 0.914773 0.305080
vt 0.909091 0.314921
vt 0.948864 0.246032
vt 0.943182 0.255874
vt 0.937500 0.265715
vt 0.335228 0.364128
vt 0.329546 0.373969
vt 0.340910 0.354286
vt 0.323864 0.383810
vt 0.318182 0.393651
vt 0.357955 0.324762
vt 0.352273 0.334604
vt 0.346592 0.344445
vt 0.289773 0.442858
vt 0.284092 0.452699
vt 0.295455 0.433017
vt 0.278410 0.462541
vt 0.272728 0.472382
vt 0.312501 0.403493
vt 0.306819 0.413334
vt 0.301137 0.423175
vt 0.153410 0.364128
vt 0.147728 0.373969
vt 0.159092 0.354286
vt 0.142046 0.383810
vt 0.136365 0.393651
vt 0.176137 0.324762
vt 0.170455 0.334604
vt 0.164774 0.344445
vt 0.107955 0.442858
vt 0.102274 0.452699
vt 0.113637 0.433017
vt 0.096592 0.462541
vt 0.090910 0.472382
vt 0.130683 0.403493
vt 0.125001 0.413334
vt 0.119319 0.423175
vt 0.880682 0.364128
vt 0.875000 0.373969
vt 0.886364 0.354286
vt 0.869318 0.383810
vt 0.863636 0.393651
vt 0.903409 0.324762
vt 0.897727 0.334604
vt 0.892046 0.344445
vt 0.835227 0.442858
vt 0.829546 0.452699
vt 0.840909 0.433017
vt 0.823864 0.462541
vt 0.818182 0.472382
vt 0.857955 0.403493
vt 0.852273 0.413334
vt 0.846591 0.423175
vt 0.698864 0.364128
vt 0.693182 0.373969
vt 0.704546 0.354286
vt 0.687500 0.383810
vt 0.681818 0.393651
vt 0.721591 0.324762
vt 0.715909 0.334604
vt 0.710228 0.344445
vt 0.653409 0.442858
vt 0.647728 0.452699
vt 0.659091 0.433017
vt 0.642046 0.462541
vt 0.636364 0.472382
vt 0.676137 0.403493
vt 0.670455 0.413334
vt 0.664773 0.423175
vt 0.517046 0.364128
vt 0.511364 0.373969
vt 0.522728 0.354286
vt 0.505682 0.383810
vt 0.500000 0.393651
vt 0.539773 0.324762
vt 0.534091 0.334604
vt 0.528410 0.344445
vt 0.471591 0.442858
vt 0.465910 0.452699
vt 0.477273 0.433017
vt 0.460228 0.462541
vt 0.454546 0.472382
vt 0.494319 0.403493
vt 0.488637 0.413334
vt 0.482955 0.423175
s 0
f 55/76/89 1328/77/89 697/78/89
f 56/79/90 698/80/90 700/81/90
f 55/82/91 697/83/91 702/84/91
f 55/85/92 702/86/92 704/87/92
f 55/88/93 704/89/93 1331/90/93
f 56/79/94 700/81/94 707/91/94
f 57/92/95 699/93/95 709/94/95
f 58/95/96 703/96/96 711/97/96
f 59/98/97 705/99/97 713/100/97
f 60/101/98 706/102/98 715/103/98
f 56/79/99 707/91/99 1340/104/99
f 57/92/100 709/94/100 1342/105/100
f 58/95/101 711/97/101 1344/106/101
f 59/98/102 713/100/102 1346/107/102
f 60/101/103 715/103/103 1338/108/103
f 61/109/104 717/110/104 722/111/104
f 62/112/105 718/113/105 724/114/105
f 63/115/106 719/116/106 725/117/106
f 64/118/107 720/119/107 726/120/107
f 65/121/108 721/122/108 1353/123/108
f 93/124/109 1357/125/109 1323/126/109
f 93/124/110 1358/127/110 1357/125/110
f 91/128/111 751/129/111 759/130/111
f 96/131/112 1360/132/112 756/133/112
f 96/131/113 1361/134/113 1360/132/113
f 90/135/114 750/136/114 762/137/114
f 95/138/115 1363/139/115 755/140/115
f 95/138/116 1364/141/116 1363/139/116
f 89/142/117 749/143/117 765/144/117
f 94/145/118 1366/146/118 754/147/118
f 94/145/119 1367/148/119 1366/146/119
f 88/149/120 748/150/120 768/151/120
f 92/152/121 1369/153/121 752/154/121
f 92/152/122 1370/155/122 1369/153/122
f 87/156/123 747/157/123 771/158/123
f 78/159/124 1372/160/124 1308/161/124
f 78/159/125 1373/162/125 1372/160/125
f 85/163/126 745/164/126 774/165/126
f 86/166/127 1375/167/127 1316/168/127
f 86/166/128 1376/169/128 1375/167/128
f 83/170/129 743/171/129 777/172/129
f 84/173/130 1378/174/130 1314/175/130
f 84/173/131 1379/176/131 1378/174/131
f 81/177/132 741/178/132 780/179/132
f 82/180/133 1381/181/133 1312/182/133
f 82/180/134 1382/183/134 1381/181/134
f 79/184/135 739/185/135 783/186/135
f 80/187/136 1384/188/136 1310/189/136
f 80/187/137 1385/190/137 1384/188/137
f 77/191/138 737/192/138 786/193/138
f 85/163/139 1387/194/139 745/164/139
f 85/163/140 1388/195/140 1387/194/140
f 76/196/141 736/197/141 789/198/141
f 83/170/142 1390/199/142 743/171/142
f 83/170/143 1391/200/143 1390/199/143
f 75/201/144 735/202/144 792/203/144
f 81/177/145 1393/204/145 741/178/145
f 81/177/146 1394/205/146 1393/204/146
f 73/206/147 733/207/147 795/208/147
f 79/184/148 1396/209/148 739/185/148
f 79/184/149 1397/210/149 1396/209/149
f 69/211/150 729/212/150 798/213/150
f 77/191/151 1399/214/151 737/192/151
f 77/191/152 1400/215/152 1399/214/152
f 70/216/153 730/217/153 801/218/153
f 71/219/154 1402/220/154 1301/221/154
f 71/219/155 1403/222/155 1402/220/155
f 74/223/156 734/224/156 804/225/156
f 74/226/157 1405/227/157 734/228/157
f 74/226/158 1406/229/158 1405/227/158
f 72/230/159 732/231/159 807/232/159
f 72/233/160 1408/234/160 732/235/160
f 72/233/161 1409/236/161 1408/234/161
f 67/237/162 727/238/162 810/239/162
f 70/216/163 1411/240/163 730/217/163
f 70/216/164 1412/241/164 1411/240/164
f 68/242/165 728/243/165 813/244/165
f 67/245/166 1414/246/166 727/247/166
f 67/245/167 1415/248/167 1414/246/167
f 68/249/168 1298/250/168 816/251/168
f 216/252/169 1417/253/169 936/254/169
f 216/252/170 1418/255/170 1417/253/170
f 98/256/171 1178/257/171 939/258/171
f 214/259/172 1420/260/172 1294/261/172
f 214/259/173 1421/262/173 1420/260/173
f 215/263/174 1295/264/174 942/265/174
f 127/266/175 1423/267/175 847/268/175
f 127/266/176 1424/269/176 1423/267/176
f 214/259/177 1294/261/177 945/270/177
f 213/271/178 1426/272/178 933/273/178
f 213/271/179 1427/274/179 1426/272/179
f 128/275/180 848/276/180 948/277/180
f 211/278/181 1429/279/181 1291/280/181
f 211/278/182 1430/281/182 1429/279/182
f 212/282/183 1292/283/183 951/284/183
f 130/285/184 1432/286/184 850/287/184
f 130/285/185 1433/288/185 1432/286/185
f 211/278/186 1291/280/186 954/289/186
f 210/290/187 1435/291/187 930/292/187
f 210/290/188 1436/293/188 1435/291/188
f 127/294/189 847/295/189 957/296/189
f 208/297/190 1438/298/190 1288/299/190
f 208/297/191 1439/300/191 1438/298/191
f 209/301/192 1289/302/192 960/303/192
f 132/304/193 1441/305/193 852/306/193
f 132/304/194 1442/307/194 1441/305/194
f 208/297/195 1288/299/195 963/308/195
f 207/309/196 1444/310/196 927/311/196
f 207/309/197 1445/312/197 1444/310/197
f 132/313/198 852/314/198 966/315/198
f 205/316/199 1447/317/199 1285/318/199
f 205/316/200 1448/319/200 1447/317/200
f 206/320/201 1286/321/201 969/322/201
f 134/323/202 1450/324/202 854/325/202
f 134/323/203 1451/326/203 1450/324/203
f 205/316/204 1285/318/204 972/327/204
f 204/328/205 1453/329/205 924/330/205
f 204/328/206 1454/331/206 1453/329/206
f 134/332/207 854/333/207 975/334/207
f 202/335/208 1456/336/208 1282/337/208
f 202/335/209 1457/338/209 1456/336/209
f 203/339/210 1283/340/210 978/341/210
f 101/342/211 1459/343/211 1181/344/211
f 101/342/212 1460/345/212 1459/343/212
f 202/335/213 1282/337/213 981/346/213
f 201/347/214 1462/348/214 921/349/214
f 201/347/215 1463/350/215 1462/348/215
f 130/285/216 850/287/216 984/351/216
f 199/352/217 1465/353/217 1279/354/217
f 199/352/218 1466/355/218 1465/353/218
f 200/356/219 1280/357/219 987/358/219
f 137/359/220 1468/360/220 857/361/220
f 137/359/221 1469/362/221 1468/360/221
f 199/352/222 1279/354/222 990/363/222
f 198/364/223 1471/365/223 918/366/223
f 198/364/224 1472/367/224 1471/365/224
f 129/368/225 849/369/225 993/370/225
f 196/371/226 1474/372/226 1276/373/226
f 196/371/227 1475/374/227 1474/372/227
f 197/375/228 1277/376/228 996/377/228
f 139/378/229 1477/379/229 859/380/229
f 139/378/230 1478/381/230 1477/379/230
f 196/371/231 1276/373/231 999/382/231
f 195/383/232 1480/384/232 915/385/232
f 195/383/233 1481/386/233 1480/384/233
f 133/387/234 853/388/234 1002/389/234
f 193/390/235 1483/391/235 1273/392/235
f 193/390/236 1484/393/236 1483/391/236
f 194/394/237 1274/395/237 1005/396/237
f 141/397/238 1486/398/238 861/399/238
f 141/397/239 1487/400/239 1486/398/239
f 193/390/240 1273/392/240 1008/401/240
f 192/402/241 1489/403/241 912/404/241
f 192/402/242 1490/405/242 1489/403/242
f 135/406/243 855/407/243 1011/408/243
f 190/409/244 1492/410/244 1270/411/244
f 190/409/245 1493/412/245 1492/410/245
f 191/413/246 1271/414/246 1014/415/246
f 143/416/247 1495/417/247 863/418/247
f 143/416/248 1496/419/248 1495/417/248
f 190/409/249 1270/411/249 1017/420/249
f 189/421/250 1498/422/250 909/423/250
f 189/421/251 1499/424/251 1498/422/251
f 136/425/252 856/426/252 1020/427/252
f 187/428/253 1501/429/253 1267/430/253
f 187/428/254 1502/431/254 1501/429/254
f 188/432/255 1268/433/255 1023/434/255
f 145/435/256 1504/436/256 865/437/256
f 145/435/257 1505/438/257 1504/436/257
f 187/428/258 1267/430/258 1026/439/258
f 186/440/259 1507/441/259 906/442/259
f 186/440/260 1508/443/260 1507/441/260
f 137/359/261 857/361/261 1029/444/261
f 184/445/262 1510/446/262 1264/447/262
f 184/445/263 1511/448/263 1510/446/263
f 185/449/264 1265/450/264 1032/451/264
f 110/452/265 1513/453/265 1190/454/265
f 110/452/266 1514/455/266 1513/453/266
f 184/445/267 1264/447/267 1035/456/267
f 183/457/268 1516/458/268 903/459/268
f 183/457/269 1517/460/269 1516/458/269
f 139/378/270 859/380/270 1038/461/270
f 181/462/271 1519/463/271 1261/464/271
f 181/462/272 1520/465/272 1519/463/272
f 182/466/273 1262/467/273 1041/468/273
f 112/469/274 1522/470/274 1192/471/274
f 112/469/275 1523/472/275 1522/470/275
f 181/462/276 1261/464/276 1044/473/276
f 180/474/277 1525/475/277 900/476/277
f 180/474/278 1526/477/278 1525/475/278
f 141/397/279 861/399/279 1047/478/279
f 178/479/280 1528/480/280 1258/481/280
f 178/479/281 1529/482/281 1528/480/281
f 179/483/282 1259/484/282 1050/485/282
f 114/486/283 1531/487/283 1194/488/283
f 114/486/284 1532/489/284 1531/487/284
f 178/479/285 1258/481/285 1053/490/285
f 177/491/286 1534/492/286 897/493/286
f 177/491/287 1535/494/287 1534/492/287
f 143/416/288 863/418/288 1056/495/288
f 175/496/289 1537/497/289 1255/498/289
f 175/496/290 1538/499/290 1537/497/290
f 176/500/291 1256/501/291 1059/502/291
f 116/503/292 1540/504/292 1196/505/292
f 116/503/293 1541/506/293 1540/504/293
f 175/496/294 1255/498/294 1062/507/294
f 174/508/295 1543/509/295 894/510/295
f 174/508/296 1544/511/296 1543/509/296
f 145/435/297 865/437/297 1065/512/297
f 172/513/298 1546/514/298 1252/515/298
f 172/513/299 1547/516/299 1546/514/299
f 173/517/300 1253/518/300 1068/519/300
f 108/520/301 1549/521/301 1188/522/301
f 108/520/302 1550/523/302 1549/521/302
f 172/513/303 1252/515/303 1071/524/303
f 171/525/304 1552/526/304 891/527/304
f 171/525/305 1553/528/305 1552/526/305
f 147/529/306 867/530/306 1074/531/306
f 169/532/307 1555/533/307 1249/534/307
f 169/532/308 1556/535/308 1555/533/308
f 170/536/309 1250/537/309 1077/538/309
f 152/539/310 1558/540/310 872/541/310
f 152/539/311 1559/542/311 1558/540/311
f 169/532/312 1249/534/312 1080/543/312
f 168/544/313 1561/545/313 888/546/313
f 168/544/314 1562/547/314 1561/545/314
f 148/548/315 868/549/315 1083/550/315
f 166/551/316 1564/552/316 1246/553/316
f 166/551/317 1565/554/317 1564/552/317
f 167/555/318 1247/556/318 1086/557/318
f 154/558/319 1567/559/319 874/560/319
f 154/558/320 1568/561/320 1567/559/320
f 166/551/321 1246/553/321 1089/562/321
f 165/563/322 1570/564/322 885/565/322
f 165/563/323 1571/566/323 1570/564/323
f 149/567/324 869/568/324 1092/569/324
f 163/570/325 1573/571/325 1243/572/325
f 163/570/326 1574/573/326 1573/571/326
f 164/574/327 1244/575/327 1095/576/327
f 155/577/328 1576/578/328 875/579/328
f 155/577/329 1577/580/329 1576/578/329
f 163/570/330 1243/572/330 1098/581/330
f 162/582/331 1579/583/331 882/584/331
f 162/582/332 1580/585/332 1579/583/332
f 150/586/333 870/587/333 1101/588/333
f 160/589/334 1582/590/334 1240/591/334
f 160/589/335 1583/592/335 1582/590/335
f 161/593/336 1241/594/336 1104/595/336
f 156/596/337 1585/597/337 876/598/337
f 156/596/338 1586/599/338 1585/597/338
f 160/589/339 1240/591/339 1107/600/339
f 159/601/340 1588/602/340 879/603/340
f 159/601/341 1589/604/341 1588/602/341
f 151/605/342 871/606/342 1110/607/342
f 157/608/343 1591/609/343 1237/610/343
f 157/608/344 1592/611/344 1591/609/344
f 158/612/345 1238/613/345 1113/614/345
f 123/615/346 1594/616/346 1203/617/346
f 123/615/347 1595/618/347 1594/616/347
f 157/608/348 1237/610/348 1116/619/348
f 153/620/349 1597/621/349 1233/622/349
f 153/620/350 1598/623/350 1597/621/350
f 121/624/351 841/625/351 1119/626/351
f 126/627/352 1600/628/352 846/629/352
f 126/627/353 1601/630/353 1600/628/353
f 120/631/354 840/632/354 1122/633/354
f 125/634/355 1603/635/355 845/636/355
f 125/634/356 1604/637/356 1603/635/356
f 119/638/357 839/639/357 1125/640/357
f 124/641/358 1606/642/358 844/643/358
f 124/641/359 1607/644/359 1606/642/359
f 118/645/360 838/646/360 1128/647/360
f 122/648/361 1609/649/361 842/650/361
f 122/648/362 1610/651/362 1609/649/362
f 117/652/363 837/653/363 1131/654/363
f 138/655/364 1612/656/364 1218/657/364
f 138/655/365 1613/658/365 1612/656/365
f 115/659/366 835/660/366 1134/661/366
f 146/662/367 1615/663/367 1226/664/367
f 146/662/368 1616/665/368 1615/663/368
f 113/666/369 833/667/369 1137/668/369
f 144/669/370 1618/670/370 1224/671/370
f 144/669/371 1619/672/371 1618/670/371
f 111/673/372 831/674/372 1140/675/372
f 142/676/373 1621/677/373 1222/678/373
f 142/676/374 1622/679/374 1621/677/374
f 109/680/375 829/681/375 1143/682/375
f 140/683/376 1624/684/376 1220/685/376
f 140/683/377 1625/686/377 1624/684/377
f 107/687/378 827/688/378 1146/689/378
f 115/659/379 1627/690/379 835/660/379
f 115/659/380 1628/691/380 1627/690/380
f 106/692/381 826/693/381 1149/694/381
f 113/666/382 1630/695/382 833/667/382
f 113/666/383 1631/696/383 1630/695/383
f 105/697/384 825/698/384 1152/699/384
f 111/673/385 1633/700/385 831/674/385
f 111/673/386 1634/701/386 1633/700/386
f 103/702/387 823/703/387 1155/704/387
f 109/680/388 1636/705/388 829/681/388
f 109/680/389 1637/706/389 1636/705/389
f 99/707/390 819/708/390 1158/709/390
f 107/687/391 1639/710/391 827/688/391
f 107/687/392 1640/711/392 1639/710/392
f 100/712/393 820/713/393 1161/714/393
f 131/715/394 1642/716/394 1211/717/394
f 131/715/395 1643/718/395 1642/716/395
f 104/719/396 824/720/396 1164/721/396
f 104/722/397 1645/723/397 824/724/397
f 104/722/398 1646/725/398 1645/723/398
f 102/726/399 822/727/399 1167/728/399
f 102/729/400 1648/730/400 822/731/400
f 102/729/401 1649/732/401 1648/730/401
f 97/733/402 817/734/402 1170/735/402
f 100/712/403 1651/736/403 820/713/403
f 100/712/404 1652/737/404 1651/736/404
f 98/738/405 818/739/405 1173/740/405
f 97/741/406 1654/742/406 817/743/406
f 97/741/407 1655/744/407 1654/742/407
f 128/745/408 1208/746/408 1176/747/408
f 696/748/409 1657/749/409 1656/750/409
f 696/748/410 1658/751/410 1657/749/410
f 248/752/411 728/753/411 1659/754/411
f 694/755/412 1660/756/412 1174/757/412
f 694/755/413 1661/758/413 1660/756/413
f 695/759/414 1175/760/414 1662/761/414
f 337/762/415 1663/763/415 1297/764/415
f 337/762/416 1664/765/416 1663/763/416
f 694/755/417 1174/757/417 1665/766/417
f 693/767/418 1666/768/418 1653/769/418
f 693/767/419 1667/770/419 1666/768/419
f 338/771/420 1298/772/420 1668/773/420
f 691/774/421 1669/775/421 1171/776/421
f 691/774/422 1670/777/422 1669/775/422
f 692/778/423 1172/779/423 1671/780/423
f 340/781/424 1672/782/424 1300/783/424
f 340/781/425 1673/784/425 1672/782/425
f 691/774/426 1171/776/426 1674/785/426
f 690/786/427 1675/787/427 1650/788/427
f 690/786/428 1676/789/428 1675/787/428
f 337/790/429 1297/791/429 1677/792/429
f 688/793/430 1678/794/430 1168/795/430
f 688/793/431 1679/796/431 1678/794/431
f 689/797/432 1169/798/432 1680/799/432
f 342/800/433 1681/801/433 1302/802/433
f 342/800/434 1682/803/434 1681/801/434
f 688/793/435 1168/795/435 1683/804/435
f 687/805/436 1684/806/436 1647/807/436
f 687/805/437 1685/808/437 1684/806/437
f 342/809/438 1302/810/438 1686/811/438
f 685/812/439 1687/813/439 1165/814/439
f 685/812/440 1688/815/440 1687/813/440
f 686/816/441 1166/817/441 1689/818/441
f 344/819/442 1690/820/442 1304/821/442
f 344/819/443 1691/822/443 1690/820/443
f 685/812/444 1165/814/444 1692/823/444
f 684/824/445 1693/825/445 1644/826/445
f 684/824/446 1694/827/446 1693/825/446
f 344/828/447 1304/829/447 1695/830/447
f 682/831/448 1696/832/448 1162/833/448
f 682/831/449 1697/834/449 1696/832/449
f 683/835/450 1163/836/450 1698/837/450
f 251/838/451 1699/839/451 731/840/451
f 251/838/452 1700/841/452 1699/839/452
f 682/831/453 1162/833/453 1701/842/453
f 681/843/454 1702/844/454 1641/845/454
f 681/843/455 1703/846/455 1702/844/455
f 340/781/456 1300/783/456 1704/847/456
f 679/848/457 1705/849/457 1159/850/457
f 679/848/458 1706/851/458 1705/849/458
f 680/852/459 1160/853/459 1707/854/459
f 347/855/460 1708/856/460 1307/857/460
f 347/855/461 1709/858/461 1708/856/461
f 679/848/462 1159/850/462 1710/859/462
f 678/860/463 1711/861/463 1638/862/463
f 678/860/464 1712/863/464 1711/861/464
f 339/864/465 1299/865/465 1713/866/465
f 676/867/466 1714/868/466 1156/869/466
f 676/867/467 1715/870/467 1714/868/467
f 677/871/468 1157/872/468 1716/873/468
f 349/874/469 1717/875/469 1309/876/469
f 349/874/470 1718/877/470 1717/875/470
f 676/867/471 1156/869/471 1719/878/471
f 675/879/472 1720/880/472 1635/881/472
f 675/879/473 1721/882/473 1720/880/473
f 343/883/474 1303/884/474 1722/885/474
f 673/886/475 1723/887/475 1153/888/475
f 673/886/476 1724/889/476 1723/887/476
f 674/890/477 1154/891/477 1725/892/477
f 351/893/478 1726/894/478 1311/895/478
f 351/893/479 1727/896/479 1726/894/479
f 673/886/480 1153/888/480 1728/897/480
f 672/898/481 1729/899/481 1632/900/481
f 672/898/482 1730/901/482 1729/899/482
f 345/902/483 1305/903/483 1731/904/483
f 670/905/484 1732/906/484 1150/907/484
f 670/905/485 1733/908/485 1732/906/485
f 671/909/486 1151/910/486 1734/911/486
f 353/912/487 1735/913/487 1313/914/487
f 353/912/488 1736/915/488 1735/913/488
f 670/905/489 1150/907/489 1737/916/489
f 669/917/490 1738/918/490 1629/919/490
f 669/917/491 1739/920/491 1738/918/491
f 346/921/492 1306/922/492 1740/923/492
f 667/924/493 1741/925/493 1147/926/493
f 667/924/494 1742/927/494 1741/925/494
f 668/928/495 1148/929/495 1743/930/495
f 355/931/496 1744/932/496 1315/933/496
f 355/931/497 1745/934/497 1744/932/497
f 667/924/498 1147/926/498 1746/935/498
f 666/936/499 1747/937/499 1626/938/499
f 666/936/500 1748/939/500 1747/937/500
f 347/855/501 1307/857/501 1749/940/501
f 664/941/502 1750/942/502 1144/943/502
f 664/941/503 1751/944/503 1750/942/503
f 665/945/504 1145/946/504 1752/947/504
f 260/948/505 1753/949/505 740/950/505
f 260/948/506 1754/951/506 1753/949/506
f 664/941/507 1144/943/507 1755/952/507
f 663/953/508 1756/954/508 1623/955/508
f 663/953/509 1757/956/509 1756/954/509
f 349/874/510 1309/876/510 1758/957/510
f 661/958/511 1759/959/511 1141/960/511
f 661/958/512 1760/961/512 1759/959/512
f 662/962/513 1142/963/513 1761/964/513
f 262/965/514 1762/966/514 742/967/514
f 262/965/515 1763/968/515 1762/966/515
f 661/958/516 1141/960/516 1764/969/516
f 660/970/517 1765/971/517 1620/972/517
f 660/970/518 1766/973/518 1765/971/518
f 351/893/519 1311/895/519 1767/974/519
f 658/975/520 1768/976/520 1138/977/520
f 658/975/521 1769/978/521 1768/976/521
f 659/979/522 1139/980/522 1770/981/522
f 264/982/523 1771/983/523 744/984/523
f 264/982/524 1772/985/524 1771/983/524
f 658/975/525 1138/977/525 1773/986/525
f 657/987/526 1774/988/526 1617/989/526
f 657/987/527 1775/990/527 1774/988/527
f 353/912/528 1313/914/528 1776/991/528
f 655/992/529 1777/993/529 1135/994/529
f 655/992/530 1778/995/530 1777/993/530
f 656/996/531 1136/997/531 1779/998/531
f 266/999/532 1780/1000/532 746/1001/532
f 266/999/533 1781/1002/533 1780/1000/533
f 655/992/534 1135/994/534 1782/1003/534
f 654/1004/535 1783/1005/535 1614/1006/535
f 654/1004/536 1784/1007/536 1783/1005/536
f 355/931/537 1315/933/537 1785/1008/537
f 652/1009/538 1786/1010/538 1132/1011/538
f 652/1009/539 1787/1012/539 1786/1010/539
f 653/1013/540 1133/1014/540 1788/1015/540
f 258/1016/541 1789/1017/541 738/1018/541
f 258/1016/542 1790/1019/542 1789/1017/542
f 652/1009/543 1132/1011/543 1791/1020/543
f 651/1021/544 1792/1022/544 1611/1023/544
f 651/1021/545 1793/1024/545 1792/1022/545
f 357/1025/546 1317/1026/546 1794/1027/546
f 649/1028/547 1795/1029/547 1129/1030/547
f 649/1028/548 1796/1031/548 1795/1029/548
f 650/1032/549 1130/1033/549 1797/1034/549
f 362/1035/550 1798/1036/550 1322/1037/550
f 362/1035/551 1799/1038/551 1798/1036/551
f 649/1028/552 1129/1030/552 1800/1039/552
f 648/1040/553 1801/1041/553 1608/1042/553
f 648/1040/554 1802/1043/554 1801/1041/554
f 358/1044/555 1318/1045/555 1803/1046/555
f 646/1047/556 1804/1048/556 1126/1049/556
f 646/1047/557 1805/1050/557 1804/1048/557
f 647/1051/558 1127/1052/558 1806/1053/558
f 364/1054/559 1807/1055/559 1324/1056/559
f 364/1054/560 1808/1057/560 1807/1055/560
f 646/1047/561 1126/1049/561 1809/1058/561
f 645/1059/562 1810/1060/562 1605/1061/562
f 645/1059/563 1811/1062/563 1810/1060/563
f 359/1063/564 1319/1064/564 1812/1065/564
f 643/1066/565 1813/1067/565 1123/1068/565
f 643/1066/566 1814/1069/566 1813/1067/566
f 644/1070/567 1124/1071/567 1815/1072/567
f 365/1073/568 1816/1074/568 1325/1075/568
f 365/1073/569 1817/1076/569 1816/1074/569
f 643/1066/570 1123/1068/570 1818/1077/570
f 642/1078/571 1819/1079/571 1602/1080/571
f 642/1078/572 1820/1081/572 1819/1079/572
f 360/1082/573 1320/1083/573 1821/1084/573
f 640/1085/574 1822/1086/574 1120/1087/574
f 640/1085/575 1823/1088/575 1822/1086/575
f 641/1089/576 1121/1090/576 1824/1091/576
f 366/1092/577 1825/1093/577 1326/1094/577
f 366/1092/578 1826/1095/578 1825/1093/578
f 640/1085/579 1120/1087/579 1827/1096/579
f 639/1097/580 1828/1098/580 1599/1099/580
f 639/1097/581 1829/1100/581 1828/1098/581
f 361/1101/582 1321/1102/582 1830/1103/582
f 637/1104/583 1831/1105/583 1117/1106/583
f 637/1104/584 1832/1107/584 1831/1105/584
f 638/1108/585 1118/1109/585 1833/1110/585
f 273/1111/586 1834/1112/586 753/1113/586
f 273/1111/587 1835/1114/587 1834/1112/587
f 637/1104/588 1117/1106/588 1836/1115/588
f 636/1116/589 1837/1117/589 1596/1118/589
f 636/1116/590 1838/1119/590 1837/1117/590
f 277/1120/591 757/1121/591 1839/1122/591
f 634/1123/592 1840/1124/592 1114/1125/592
f 634/1123/593 1841/1126/593 1840/1124/593
f 635/1127/594 1115/1128/594 1842/1129/594
f 243/1130/595 1843/1131/595 723/1132/595
f 243/1130/596 1844/1133/596 1843/1131/596
f 634/1123/597 1114/1125/597 1845/1134/597
f 633/1135/598 1846/1136/598 1593/1137/598
f 633/1135/599 1847/1138/599 1846/1136/599
f 278/1139/600 758/1140/600 1848/1141/600
f 631/1142/601 1849/1143/601 1111/1144/601
f 631/1142/602 1850/1145/602 1849/1143/602
f 632/1146/603 1112/1147/603 1851/1148/603
f 277/1120/604 1852/1149/604 757/1121/604
f 277/1120/605 1853/1150/605 1852/1149/605
f 631/1142/606 1111/1144/606 1854/1151/606
f 630/1152/607 1855/1153/607 1590/1154/607
f 630/1152/608 1856/1155/608 1855/1153/608
f 391/1156/609 1351/1157/609 1857/1158/609
f 628/1159/610 1858/1160/610 1108/1161/610
f 628/1159/611 1859/1162/611 1858/1160/611
f 629/1163/612 1109/1164/612 1860/1165/612
f 399/1166/613 1861/1167/613 1359/1168/613
f 399/1166/614 1862/1169/614 1861/1167/614
f 628/1159/615 1108/1161/615 1863/1170/615
f 627/1171/616 1864/1172/616 1587/1173/616
f 627/1171/617 1865/1174/617 1864/1172/617
f 280/1175/618 760/1176/618 1866/1177/618
f 625/1178/619 1867/1179/619 1105/1180/619
f 625/1178/620 1868/1181/620 1867/1179/620
f 626/1182/621 1106/1183/621 1869/1184/621
f 396/1185/622 1870/1186/622 1356/1187/622
f 396/1185/623 1871/1188/623 1870/1186/623
f 625/1178/624 1105/1180/624 1872/1189/624
f 624/1190/625 1873/1191/625 1584/1192/625
f 624/1190/626 1874/1193/626 1873/1191/626
f 281/1194/627 761/1195/627 1875/1196/627
f 622/1197/628 1876/1198/628 1102/1199/628
f 622/1197/629 1877/1200/629 1876/1198/629
f 623/1201/630 1103/1202/630 1878/1203/630
f 280/1175/631 1879/1204/631 760/1176/631
f 280/1175/632 1880/1205/632 1879/1204/632
f 622/1197/633 1102/1199/633 1881/1206/633
f 621/1207/634 1882/1208/634 1581/1209/634
f 621/1207/635 1883/1210/635 1882/1208/635
f 390/1211/636 1350/1212/636 1884/1213/636
f 619/1214/637 1885/1215/637 1099/1216/637
f 619/1214/638 1886/1217/638 1885/1215/638
f 620/1218/639 1100/1219/639 1887/1220/639
f 402/1221/640 1888/1222/640 1362/1223/640
f 402/1221/641 1889/1224/641 1888/1222/641
f 619/1214/642 1099/1216/642 1890/1225/642
f 618/1226/643 1891/1227/643 1578/1228/643
f 618/1226/644 1892/1229/644 1891/1227/644
f 283/1230/645 763/1231/645 1893/1232/645
f 616/1233/646 1894/1234/646 1096/1235/646
f 616/1233/647 1895/1236/647 1894/1234/647
f 617/1237/648 1097/1238/648 1896/1239/648
f 395/1240/649 1897/1241/649 1355/1242/649
f 395/1240/650 1898/1243/650 1897/1241/650
f 616/1233/651 1096/1235/651 1899/1244/651
f 615/1245/652 1900/1246/652 1575/1247/652
f 615/1245/653 1901/1248/653 1900/1246/653
f 284/1249/654 764/1250/654 1902/1251/654
f 613/1252/655 1903/1253/655 1093/1254/655
f 613/1252/656 1904/1255/656 1903/1253/656
f 614/1256/657 1094/1257/657 1905/1258/657
f 283/1230/658 1906/1259/658 763/1231/658
f 283/1230/659 1907/1260/659 1906/1259/659
f 613/1252/660 1093/1254/660 1908/1261/660
f 612/1262/661 1909/1263/661 1572/1264/661
f 612/1262/662 1910/1265/662 1909/1263/662
f 389/1266/663 1349/1267/663 1911/1268/663
f 610/1269/664 1912/1270/664 1090/1271/664
f 610/1269/665 1913/1272/665 1912/1270/665
f 611/1273/666 1091/1274/666 1914/1275/666
f 405/1276/667 1915/1277/667 1365/1278/667
f 405/1276/668 1916/1279/668 1915/1277/668
f 610/1269/669 1090/1271/669 1917/1280/669
f 609/1281/670 1918/1282/670 1569/1283/670
f 609/1281/671 1919/1284/671 1918/1282/671
f 286/1285/672 766/1286/672 1920/1287/672
f 607/1288/673 1921/1289/673 1087/1290/673
f 607/1288/674 1922/1291/674 1921/1289/674
f 608/1292/675 1088/1293/675 1923/1294/675
f 394/1295/676 1924/1296/676 1354/1297/676
f 394/1295/677 1925/1298/677 1924/1296/677
f 607/1288/678 1087/1290/678 1926/1299/678
f 606/1300/679 1927/1301/679 1566/1302/679
f 606/1300/680 1928/1303/680 1927/1301/680
f 287/1304/681 767/1305/681 1929/1306/681
f 604/1307/682 1930/1308/682 1084/1309/682
f 604/1307/683 1931/1310/683 1930/1308/683
f 605/1311/684 1085/1312/684 1932/1313/684
f 286/1285/685 1933/1314/685 766/1286/685
f 286/1285/686 1934/1315/686 1933/1314/686
f 604/1307/687 1084/1309/687 1935/1316/687
f 603/1317/688 1936/1318/688 1563/1319/688
f 603/1317/689 1937/1320/689 1936/1318/689
f 388/1321/690 1348/1322/690 1938/1323/690
f 601/1324/691 1939/1325/691 1081/1326/691
f 601/1324/692 1940/1327/692 1939/1325/692
f 602/1328/693 1082/1329/693 1941/1330/693
f 408/1331/694 1942/1332/694 1368/1333/694
f 408/1331/695 1943/1334/695 1942/1332/695
f 601/1324/696 1081/1326/696 1944/1335/696
f 600/1336/697 1945/1337/697 1560/1338/697
f 600/1336/698 1946/1339/698 1945/1337/698
f 289/1340/699 769/1341/699 1947/1342/699
f 598/1343/700 1948/1344/700 1078/1345/700
f 598/1343/701 1949/1346/701 1948/1344/701
f 599/1347/702 1079/1348/702 1950/1349/702
f 392/1350/703 1951/1351/703 1352/1352/703
f 392/1350/704 1952/1353/704 1951/1351/704
f 598/1343/705 1078/1345/705 1953/1354/705
f 597/1355/706 1954/1356/706 1557/1357/706
f 597/1355/707 1955/1358/707 1954/1356/707
f 290/1359/708 770/1360/708 1956/1361/708
f 595/1362/709 1957/1363/709 1075/1364/709
f 595/1362/710 1958/1365/710 1957/1363/710
f 596/1366/711 1076/1367/711 1959/1368/711
f 289/1340/712 1960/1369/712 769/1341/712
f 289/1340/713 1961/1370/713 1960/1369/713
f 595/1362/714 1075/1364/714 1962/1371/714
f 594/1372/715 1963/1373/715 1554/1374/715
f 594/1372/716 1964/1375/716 1963/1373/716
f 387/1376/717 1347/1377/717 1965/1378/717
f 592/1379/718 1966/1380/718 1072/1381/718
f 592/1379/719 1967/1382/719 1966/1380/719
f 593/1383/720 1073/1384/720 1968/1385/720
f 411/1386/721 1969/1387/721 1371/1388/721
f 411/1386/722 1970/1389/722 1969/1387/722
f 592/1379/723 1072/1381/723 1971/1390/723
f 591/1391/724 1972/1392/724 1551/1393/724
f 591/1391/725 1973/1394/725 1972/1392/725
f 292/1395/726 772/1396/726 1974/1397/726
f 589/1398/727 1975/1399/727 1069/1400/727
f 589/1398/728 1976/1401/728 1975/1399/728
f 590/1402/729 1070/1403/729 1977/1404/729
f 228/1405/730 1978/1406/730 708/1407/730
f 228/1405/731 1979/1408/731 1978/1406/731
f 589/1398/732 1069/1400/732 1980/1409/732
f 588/1410/733 1981/1411/733 1548/1412/733
f 588/1410/734 1982/1413/734 1981/1411/734
f 293/1414/735 773/1415/735 1983/1416/735
f 586/1417/736 1984/1418/736 1066/1419/736
f 586/1417/737 1985/1420/737 1984/1418/737
f 587/1421/738 1067/1422/738 1986/1423/738
f 292/1395/739 1987/1424/739 772/1396/739
f 292/1395/740 1988/1425/740 1987/1424/740
f 586/1417/741 1066/1419/741 1989/1426/741
f 585/1427/742 1990/1428/742 1545/1429/742
f 585/1427/743 1991/1430/743 1990/1428/743
f 385/1431/744 1345/1432/744 1992/1433/744
f 583/1434/745 1993/1435/745 1063/1436/745
f 583/1434/746 1994/1437/746 1993/1435/746
f 584/1438/747 1064/1439/747 1995/1440/747
f 414/1441/748 1996/1442/748 1374/1443/748
f 414/1441/749 1997/1444/749 1996/1442/749
f 583/1434/750 1063/1436/750 1998/1445/750
f 582/1446/751 1999/1447/751 1542/1448/751
f 582/1446/752 2000/1449/752 1999/1447/752
f 295/1450/753 775/1451/753 2001/1452/753
f 580/1453/754 2002/1454/754 1060/1455/754
f 580/1453/755 2003/1456/755 2002/1454/755
f 581/1457/756 1061/1458/756 2004/1459/756
f 236/1460/757 2005/1461/757 716/1462/757
f 236/1460/758 2006/1463/758 2005/1461/758
f 580/1453/759 1060/1455/759 2007/1464/759
f 579/1465/760 2008/1466/760 1539/1467/760
f 579/1465/761 2009/1468/761 2008/1466/761
f 296/1469/762 776/1470/762 2010/1471/762
f 577/1472/763 2011/1473/763 1057/1474/763
f 577/1472/764 2012/1475/764 2011/1473/764
f 578/1476/765 1058/1477/765 2013/1478/765
f 295/1450/766 2014/1479/766 775/1451/766
f 295/1450/767 2015/1480/767 2014/1479/767
f 577/1472/768 1057/1474/768 2016/1481/768
f 576/1482/769 2017/1483/769 1536/1484/769
f 576/1482/770 2018/1485/770 2017/1483/770
f 383/1486/771 1343/1487/771 2019/1488/771
f 574/1489/772 2020/1490/772 1054/1491/772
f 574/1489/773 2021/1492/773 2020/1490/773
f 575/1493/774 1055/1494/774 2022/1495/774
f 417/1496/775 2023/1497/775 1377/1498/775
f 417/1496/776 2024/1499/776 2023/1497/776
f 574/1489/777 1054/1491/777 2025/1500/777
f 573/1501/778 2026/1502/778 1533/1503/778
f 573/1501/779 2027/1504/779 2026/1502/779
f 298/1505/780 778/1506/780 2028/1507/780
f 571/1508/781 2029/1509/781 1051/1510/781
f 571/1508/782 2030/1511/782 2029/1509/782
f 572/1512/783 1052/1513/783 2031/1514/783
f 234/1515/784 2032/1516/784 714/1517/784
f 234/1515/785 2033/1518/785 2032/1516/785
f 571/1508/786 1051/1510/786 2034/1519/786
f 570/1520/787 2035/1521/787 1530/1522/787
f 570/1520/788 2036/1523/788 2035/1521/788
f 299/1524/789 779/1525/789 2037/1526/789
f 568/1527/790 2038/1528/790 1048/1529/790
f 568/1527/791 2039/1530/791 2038/1528/791
f 569/1531/792 1049/1532/792 2040/1533/792
f 298/1505/793 2041/1534/793 778/1506/793
f 298/1505/794 2042/1535/794 2041/1534/794
f 568/1527/795 1048/1529/795 2043/1536/795
f 567/1537/796 2044/1538/796 1527/1539/796
f 567/1537/797 2045/1540/797 2044/1538/797
f 381/1541/798 1341/1542/798 2046/1543/798
f 565/1544/799 2047/1545/799 1045/1546/799
f 565/1544/800 2048/1547/800 2047/1545/800
f 566/1548/801 1046/1549/801 2049/1550/801
f 420/1551/802 2050/1552/802 1380/1553/802
f 420/1551/803 2051/1554/803 2050/1552/803
f 565/1544/804 1045/1546/804 2052/1555/804
f 564/1556/805 2053/1557/805 1524/1558/805
f 564/1556/806 2054/1559/806 2053/1557/806
f 301/1560/807 781/1561/807 2055/1562/807
f 562/1563/808 2056/1564/808 1042/1565/808
f 562/1563/809 2057/1566/809 2056/1564/809
f 563/1567/810 1043/1568/810 2058/1569/810
f 232/1570/811 2059/1571/811 712/1572/811
f 232/1570/812 2060/1573/812 2059/1571/812
f 562/1563/813 1042/1565/813 2061/1574/813
f 561/1575/814 2062/1576/814 1521/1577/814
f 561/1575/815 2063/1578/815 2062/1576/815
f 302/1579/816 782/1580/816 2064/1581/816
f 559/1582/817 2065/1583/817 1039/1584/817
f 559/1582/818 2066/1585/818 2065/1583/818
f 560/1586/819 1040/1587/819 2067/1588/819
f 301/1560/820 2068/1589/820 781/1561/820
f 301/1560/821 2069/1590/821 2068/1589/821
f 559/1582/822 1039/1584/822 2070/1591/822
f 558/1592/823 2071/1593/823 1518/1594/823
f 558/1592/824 2072/1595/824 2071/1593/824
f 379/1596/825 1339/1597/825 2073/1598/825
f 556/1599/826 2074/1600/826 1036/1601/826
f 556/1599/827 2075/1602/827 2074/1600/827
f 557/1603/828 1037/1604/828 2076/1605/828
f 423/1606/829 2077/1607/829 1383/1608/829
f 423/1606/830 2078/1609/830 2077/1607/830
f 556/1599/831 1036/1601/831 2079/1610/831
f 555/1611/832 2080/1612/832 1515/1613/832
f 555/1611/833 2081/1614/833 2080/1612/833
f 304/1615/834 784/1616/834 2082/1617/834
f 553/1618/835 2083/1619/835 1033/1620/835
f 553/1618/836 2084/1621/836 2083/1619/836
f 554/1622/837 1034/1623/837 2085/1624/837
f 230/1625/838 2086/1626/838 710/1627/838
f 230/1625/839 2087/1628/839 2086/1626/839
f 553/1618/840 1033/1620/840 2088/1629/840
f 552/1630/841 2089/1631/841 1512/1632/841
f 552/1630/842 2090/1633/842 2089/1631/842
f 305/1634/843 785/1635/843 2091/1636/843
f 550/1637/844 2092/1638/844 1030/1639/844
f 550/1637/845 2093/1640/845 2092/1638/845
f 551/1641/846 1031/1642/846 2094/1643/846
f 304/1615/847 2095/1644/847 784/1616/847
f 304/1615/848 2096/1645/848 2095/1644/848
f 550/1637/849 1030/1639/849 2097/1646/849
f 549/1647/850 2098/1648/850 1509/1649/850
f 549/1647/851 2099/1650/851 2098/1648/851
f 377/1651/852 1337/1652/852 2100/1653/852
f 547/1654/853 2101/1655/853 1027/1656/853
f 547/1654/854 2102/1657/854 2101/1655/854
f 548/1658/855 1028/1659/855 2103/1660/855
f 426/1661/856 2104/1662/856 1386/1663/856
f 426/1661/857 2105/1664/857 2104/1662/857
f 547/1654/858 1027/1656/858 2106/1665/858
f 546/1666/859 2107/1667/859 1506/1668/859
f 546/1666/860 2108/1669/860 2107/1667/860
f 307/1670/861 787/1671/861 2109/1672/861
f 544/1673/862 2110/1674/862 1024/1675/862
f 544/1673/863 2111/1676/863 2110/1674/863
f 545/1677/864 1025/1678/864 2112/1679/864
f 385/1431/865 2113/1680/865 1345/1432/865
f 385/1431/866 2114/1681/866 2113/1680/866
f 544/1673/867 1024/1675/867 2115/1682/867
f 543/1683/868 2116/1684/868 1503/1685/868
f 543/1683/869 2117/1686/869 2116/1684/869
f 308/1687/870 788/1688/870 2118/1689/870
f 541/1690/871 2119/1691/871 1021/1692/871
f 541/1690/872 2120/1693/872 2119/1691/872
f 542/1694/873 1022/1695/873 2121/1696/873
f 307/1670/874 2122/1697/874 787/1671/874
f 307/1670/875 2123/1698/875 2122/1697/875
f 541/1690/876 1021/1692/876 2124/1699/876
f 540/1700/877 2125/1701/877 1500/1702/877
f 540/1700/878 2126/1703/878 2125/1701/878
f 376/1704/879 1336/1705/879 2127/1706/879
f 538/1707/880 2128/1708/880 1018/1709/880
f 538/1707/881 2129/1710/881 2128/1708/881
f 539/1711/882 1019/1712/882 2130/1713/882
f 429/1714/883 2131/1715/883 1389/1716/883
f 429/1714/884 2132/1717/884 2131/1715/884
f 538/1707/885 1018/1709/885 2133/1718/885
f 537/1719/886 2134/1720/886 1497/1721/886
f 537/1719/887 2135/1722/887 2134/1720/887
f 310/1723/888 790/1724/888 2136/1725/888
f 535/1726/889 2137/1727/889 1015/1728/889
f 535/1726/890 2138/1729/890 2137/1727/890
f 536/1730/891 1016/1731/891 2139/1732/891
f 383/1486/892 2140/1733/892 1343/1487/892
f 383/1486/893 2141/1734/893 2140/1733/893
f 535/1726/894 1015/1728/894 2142/1735/894
f 534/1736/895 2143/1737/895 1494/1738/895
f 534/1736/896 2144/1739/896 2143/1737/896
f 311/1740/897 791/1741/897 2145/1742/897
f 532/1743/898 2146/1744/898 1012/1745/898
f 532/1743/899 2147/1746/899 2146/1744/899
f 533/1747/900 1013/1748/900 2148/1749/900
f 310/1723/901 2149/1750/901 790/1724/901
f 310/1723/902 2150/1751/902 2149/1750/902
f 532/1743/903 1012/1745/903 2151/1752/903
f 531/1753/904 2152/1754/904 1491/1755/904
f 531/1753/905 2153/1756/905 2152/1754/905
f 375/1757/906 1335/1758/906 2154/1759/906
f 529/1760/907 2155/1761/907 1009/1762/907
f 529/1760/908 2156/1763/908 2155/1761/908
f 530/1764/909 1010/1765/909 2157/1766/909
f 432/1767/910 2158/1768/910 1392/1769/910
f 432/1767/911 2159/1770/911 2158/1768/911
f 529/1760/912 1009/1762/912 2160/1771/912
f 528/1772/913 2161/1773/913 1488/1774/913
f 528/1772/914 2162/1775/914 2161/1773/914
f 313/1776/915 793/1777/915 2163/1778/915
f 526/1779/916 2164/1780/916 1006/1781/916
f 526/1779/917 2165/1782/917 2164/1780/917
f 527/1783/918 1007/1784/918 2166/1785/918
f 381/1541/919 2167/1786/919 1341/1542/919
f 381/1541/920 2168/1787/920 2167/1786/920
f 526/1779/921 1006/1781/921 2169/1788/921
f 525/1789/922 2170/1790/922 1485/1791/922
f 525/1789/923 2171/1792/923 2170/1790/923
f 314/1793/924 794/1794/924 2172/1795/924
f 523/1796/925 2173/1797/925 1003/1798/925
f 523/1796/926 2174/1799/926 2173/1797/926
f 524/1800/927 1004/1801/927 2175/1802/927
f 313/1776/928 2176/1803/928 793/1777/928
f 313/1776/929 2177/1804/929 2176/1803/929
f 523/1796/930 1003/1798/930 2178/1805/930
f 522/1806/931 2179/1807/931 1482/1808/931
f 522/1806/932 2180/1809/932 2179/1807/932
f 373/1810/933 1333/1811/933 2181/1812/933
f 520/1813/934 2182/1814/934 1000/1815/934
f 520/1813/935 2183/1816/935 2182/1814/935
f 521/1817/936 1001/1818/936 2184/1819/936
f 435/1820/937 2185/1821/937 1395/1822/937
f 435/1820/938 2186/1823/938 2185/1821/938
f 520/1813/939 1000/1815/939 2187/1824/939
f 519/1825/940 2188/1826/940 1479/1827/940
f 519/1825/941 2189/1828/941 2188/1826/941
f 316/1829/942 796/1830/942 2190/1831/942
f 517/1832/943 2191/1833/943 997/1834/943
f 517/1832/944 2192/1835/944 2191/1833/944
f 518/1836/945 998/1837/945 2193/1838/945
f 379/1596/946 2194/1839/946 1339/1597/946
f 379/1596/947 2195/1840/947 2194/1839/947
f 517/1832/948 997/1834/948 2196/1841/948
f 516/1842/949 2197/1843/949 1476/1844/949
f 516/1842/950 2198/1845/950 2197/1843/950
f 317/1846/951 797/1847/951 2199/1848/951
f 514/1849/952 2200/1850/952 994/1851/952
f 514/1849/953 2201/1852/953 2200/1850/953
f 515/1853/954 995/1854/954 2202/1855/954
f 316/1829/955 2203/1856/955 796/1830/955
f 316/1829/956 2204/1857/956 2203/1856/956
f 514/1849/957 994/1851/957 2205/1858/957
f 513/1859/958 2206/1860/958 1473/1861/958
f 513/1859/959 2207/1862/959 2206/1860/959
f 369/1863/960 1329/1864/960 2208/1865/960
f 511/1866/961 2209/1867/961 991/1868/961
f 511/1866/962 2210/1869/962 2209/1867/962
f 512/1870/963 992/1871/963 2211/1872/963
f 438/1873/964 2212/1874/964 1398/1875/964
f 438/1873/965 2213/1876/965 2212/1874/965
f 511/1866/966 991/1868/966 2214/1877/966
f 510/1878/967 2215/1879/967 1470/1880/967
f 510/1878/968 2216/1881/968 2215/1879/968
f 319/1882/969 799/1883/969 2217/1884/969
f 508/1885/970 2218/1886/970 988/1887/970
f 508/1885/971 2219/1888/971 2218/1886/971
f 509/1889/972 989/1890/972 2220/1891/972
f 377/1651/973 2221/1892/973 1337/1652/973
f 377/1651/974 2222/1893/974 2221/1892/974
f 508/1885/975 988/1887/975 2223/1894/975
f 507/1895/976 2224/1896/976 1467/1897/976
f 507/1895/977 2225/1898/977 2224/1896/977
f 320/1899/978 800/1900/978 2226/1901/978
f 505/1902/979 2227/1903/979 985/1904/979
f 505/1902/980 2228/1905/980 2227/1903/980
f 506/1906/981 986/1907/981 2229/1908/981
f 319/1882/982 2230/1909/982 799/1883/982
f 319/1882/983 2231/1910/983 2230/1909/983
f 505/1902/984 985/1904/984 2232/1911/984
f 504/1912/985 2233/1913/985 1464/1914/985
f 504/1912/986 2234/1915/986 2233/1913/986
f 370/1916/987 1330/1917/987 2235/1918/987
f 502/1919/988 2236/1920/988 982/1921/988
f 502/1919/989 2237/1922/989 2236/1920/989
f 503/1923/990 983/1924/990 2238/1925/990
f 441/1926/991 2239/1927/991 1401/1928/991
f 441/1926/992 2240/1929/992 2239/1927/992
f 502/1919/993 982/1921/993 2241/1930/993
f 501/1931/994 2242/1932/994 1461/1933/994
f 501/1931/995 2243/1934/995 2242/1932/995
f 322/1935/996 802/1936/996 2244/1937/996
f 499/1938/997 2245/1939/997 979/1940/997
f 499/1938/998 2246/1941/998 2245/1939/998
f 500/1942/999 980/1943/999 2247/1944/999
f 221/1945/1000 2248/1946/1000 701/1947/1000
f 221/1945/1001 2249/1948/1001 2248/1946/1001
f 499/1938/1002 979/1940/1002 2250/1949/1002
f 498/1950/1003 2251/1951/1003 1458/1952/1003
f 498/1950/1004 2252/1953/1004 2251/1951/1004
f 323/1954/1005 803/1955/1005 2253/1956/1005
f 496/1957/1006 2254/1958/1006 976/1959/1006
f 496/1957/1007 2255/1960/1007 2254/1958/1007
f 497/1961/1008 977/1962/1008 2256/1963/1008
f 322/1935/1009 2257/1964/1009 802/1936/1009
f 322/1935/1010 2258/1965/1010 2257/1964/1010
f 496/1957/1011 976/1959/1011 2259/1966/1011
f 495/1967/1012 2260/1968/1012 1455/1969/1012
f 495/1967/1013 2261/1970/1013 2260/1968/1013
f 374/1971/1014 1334/1972/1014 2262/1973/1014
f 493/1974/1015 2263/1975/1015 973/1976/1015
f 493/1974/1016 2264/1977/1016 2263/1975/1016
f 494/1978/1017 974/1979/1017 2265/1980/1017
f 444/1981/1018 2266/1982/1018 1404/1983/1018
f 444/1981/1019 2267/1984/1019 2266/1982/1019
f 493/1974/1020 973/1976/1020 2268/1985/1020
f 492/1986/1021 2269/1987/1021 1452/1988/1021
f 492/1986/1022 2270/1989/1022 2269/1987/1022
f 325/1990/1023 805/1991/1023 2271/1992/1023
f 490/1993/1024 2272/1994/1024 970/1995/1024
f 490/1993/1025 2273/1996/1025 2272/1994/1025
f 491/1997/1026 971/1998/1026 2274/1999/1026
f 374/2000/1027 2275/2001/1027 1334/2002/1027
f 374/2000/1028 2276/2003/1028 2275/2001/1028
f 490/1993/1029 970/1995/1029 2277/2004/1029
f 489/2005/1030 2278/2006/1030 1449/2007/1030
f 489/2005/1031 2279/2008/1031 2278/2006/1031
f 326/2009/1032 806/2010/1032 2280/2011/1032
f 487/2012/1033 2281/2013/1033 967/2014/1033
f 487/2012/1034 2282/2015/1034 2281/2013/1034
f 488/2016/1035 968/2017/1035 2283/2018/1035
f 325/1990/1036 2284/2019/1036 805/1991/1036
f 325/1990/1037 2285/2020/1037 2284/2019/1037
f 487/2012/1038 967/2014/1038 2286/2021/1038
f 486/2022/1039 2287/2023/1039 1446/2024/1039
f 486/2022/1040 2288/2025/1040 2287/2023/1040
f 372/2026/1041 1332/2027/1041 2289/2028/1041
f 484/2029/1042 2290/2030/1042 964/2031/1042
f 484/2029/1043 2291/2032/1043 2290/2030/1043
f 485/2033/1044 965/2034/1044 2292/2035/1044
f 447/2036/1045 2293/2037/1045 1407/2038/1045
f 447/2036/1046 2294/2039/1046 2293/2037/1046
f 484/2029/1047 964/2031/1047 2295/2040/1047
f 483/2041/1048 2296/2042/1048 1443/2043/1048
f 483/2041/1049 2297/2044/1049 2296/2042/1049
f 328/2045/1050 808/2046/1050 2298/2047/1050
f 481/2048/1051 2299/2049/1051 961/2050/1051
f 481/2048/1052 2300/2051/1052 2299/2049/1052
f 482/2052/1053 962/2053/1053 2301/2054/1053
f 372/2055/1054 2302/2056/1054 1332/2057/1054
f 372/2055/1055 2303/2058/1055 2302/2056/1055
f 481/2048/1056 961/2050/1056 2304/2059/1056
f 480/2060/1057 2305/2061/1057 1440/2062/1057
f 480/2060/1058 2306/2063/1058 2305/2061/1058
f 329/2064/1059 809/2065/1059 2307/2066/1059
f 478/2067/1060 2308/2068/1060 958/2069/1060
f 478/2067/1061 2309/2070/1061 2308/2068/1061
f 479/2071/1062 959/2072/1062 2310/2073/1062
f 328/2045/1063 2311/2074/1063 808/2046/1063
f 328/2045/1064 2312/2075/1064 2311/2074/1064
f 478/2067/1065 958/2069/1065 2313/2076/1065
f 477/2077/1066 2314/2078/1066 1437/2079/1066
f 477/2077/1067 2315/2080/1067 2314/2078/1067
f 367/2081/1068 1327/2082/1068 2316/2083/1068
f 475/2084/1069 2317/2085/1069 955/2086/1069
f 475/2084/1070 2318/2087/1070 2317/2085/1070
f 476/2088/1071 956/2089/1071 2319/2090/1071
f 450/2091/1072 2320/2092/1072 1410/2093/1072
f 450/2091/1073 2321/2094/1073 2320/2092/1073
f 475/2084/1074 955/2086/1074 2322/2095/1074
f 474/2096/1075 2323/2097/1075 1434/2098/1075
f 474/2096/1076 2324/2099/1076 2323/2097/1076
f 331/2100/1077 811/2101/1077 2325/2102/1077
f 472/2103/1078 2326/2104/1078 952/2105/1078
f 472/2103/1079 2327/2106/1079 2326/2104/1079
f 473/2107/1080 953/2108/1080 2328/2109/1080
f 370/1916/1081 2329/2110/1081 1330/1917/1081
f 370/1916/1082 2330/2111/1082 2329/2110/1082
f 472/2103/1083 952/2105/1083 2331/2112/1083
f 471/2113/1084 2332/2114/1084 1431/2115/1084
f 471/2113/1085 2333/2116/1085 2332/2114/1085
f 332/2117/1086 812/2118/1086 2334/2119/1086
f 469/2120/1087 2335/2121/1087 949/2122/1087
f 469/2120/1088 2336/2123/1088 2335/2121/1088
f 470/2124/1089 950/2125/1089 2337/2126/1089
f 331/2100/1090 2338/2127/1090 811/2101/1090
f 331/2100/1091 2339/2128/1091 2338/2127/1091
f 469/2120/1092 949/2122/1092 2340/2129/1092
f 468/2130/1093 2341/2131/1093 1428/2132/1093
f 468/2130/1094 2342/2133/1094 2341/2131/1094
f 368/2134/1095 1328/2135/1095 2343/2136/1095
f 466/2137/1096 2344/2138/1096 946/2139/1096
f 466/2137/1097 2345/2140/1097 2344/2138/1097
f 467/2141/1098 947/2142/1098 2346/2143/1098
f 453/2144/1099 2347/2145/1099 1413/2146/1099
f 453/2144/1100 2348/2147/1100 2347/2145/1100
f 466/2137/1101 946/2139/1101 2349/2148/1101
f 465/2149/1102 2350/2150/1102 1425/2151/1102
f 465/2149/1103 2351/2152/1103 2350/2150/1103
f 334/2153/1104 814/2154/1104 2352/2155/1104
f 463/2156/1105 2353/2157/1105 943/2158/1105
f 463/2156/1106 2354/2159/1106 2353/2157/1106
f 464/2160/1107 944/2161/1107 2355/2162/1107
f 367/2163/1108 2356/2164/1108 1327/2165/1108
f 367/2163/1109 2357/2166/1109 2356/2164/1109
f 463/2156/1110 943/2158/1110 2358/2167/1110
f 462/2168/1111 2359/2169/1111 1422/2170/1111
f 462/2168/1112 2360/2171/1112 2359/2169/1112
f 335/2172/1113 815/2173/1113 2361/2174/1113
f 460/2175/1114 2362/2176/1114 940/2177/1114
f 460/2175/1115 2363/2178/1115 2362/2176/1115
f 461/2179/1116 941/2180/1116 2364/2181/1116
f 334/2153/1117 2365/2182/1117 814/2154/1117
f 334/2153/1118 2366/2183/1118 2365/2182/1118
f 460/2175/1119 940/2177/1119 2367/2184/1119
f 459/2185/1120 2368/2186/1120 1419/2187/1120
f 459/2185/1121 2369/2188/1121 2368/2186/1121
f 218/2189/1122 698/2190/1122 2370/2191/1122
f 457/2192/1123 2371/2193/1123 937/2194/1123
f 457/2192/1124 2372/2195/1124 2371/2193/1124
f 458/2196/1125 938/2197/1125 2373/2198/1125
f 456/2199/1126 2374/2200/1126 1416/2201/1126
f 456/2199/1127 2375/2202/1127 2374/2200/1127
f 457/2192/1128 937/2194/1128 2376/2203/1128
f 336/2204/1129 2377/2205/1129 1296/2206/1129
f 336/2204/1130 2378/2207/1130 2377/2205/1130
f 338/2208/1131 818/2209/1131 2379/2210/1131
f 454/2211/1132 2380/2212/1132 934/2213/1132
f 454/2211/1133 2381/2214/1133 2380/2212/1133
f 455/2215/1134 935/2216/1134 2382/2217/1134
f 247/2218/1135 2383/2219/1135 1207/2220/1135
f 247/2218/1136 2384/2221/1136 2383/2219/1136
f 454/2211/1137 934/2213/1137 2385/2222/1137
f 333/2223/1138 2386/2224/1138 1293/2225/1138
f 333/2223/1139 2387/2226/1139 2386/2224/1139
f 248/2227/1140 1208/2228/1140 2388/2229/1140
f 451/2230/1141 2389/2231/1141 931/2232/1141
f 451/2230/1142 2390/2233/1142 2389/2231/1142
f 452/2234/1143 932/2235/1143 2391/2236/1143
f 250/2237/1144 2392/2238/1144 1210/2239/1144
f 250/2237/1145 2393/2240/1145 2392/2238/1145
f 451/2230/1146 931/2232/1146 2394/2241/1146
f 330/2242/1147 2395/2243/1147 1290/2244/1147
f 330/2242/1148 2396/2245/1148 2395/2243/1148
f 247/2246/1149 1207/2247/1149 2397/2248/1149
f 448/2249/1150 2398/2250/1150 928/2251/1150
f 448/2249/1151 2399/2252/1151 2398/2250/1151
f 449/2253/1152 929/2254/1152 2400/2255/1152
f 252/2256/1153 2401/2257/1153 1212/2258/1153
f 252/2256/1154 2402/2259/1154 2401/2257/1154
f 448/2249/1155 928/2251/1155 2403/2260/1155
f 327/2261/1156 2404/2262/1156 1287/2263/1156
f 327/2261/1157 2405/2264/1157 2404/2262/1157
f 252/2265/1158 1212/2266/1158 2406/2267/1158
f 445/2268/1159 2407/2269/1159 925/2270/1159
f 445/2268/1160 2408/2271/1160 2407/2269/1160
f 446/2272/1161 926/2273/1161 2409/2274/1161
f 254/2275/1162 2410/2276/1162 1214/2277/1162
f 254/2275/1163 2411/2278/1163 2410/2276/1163
f 445/2268/1164 925/2270/1164 2412/2279/1164
f 324/2280/1165 2413/2281/1165 1284/2282/1165
f 324/2280/1166 2414/2283/1166 2413/2281/1166
f 254/2284/1167 1214/2285/1167 2415/2286/1167
f 442/2287/1168 2416/2288/1168 922/2289/1168
f 442/2287/1169 2417/2290/1169 2416/2288/1169
f 443/2291/1170 923/2292/1170 2418/2293/1170
f 341/2294/1171 2419/2295/1171 821/2296/1171
f 341/2294/1172 2420/2297/1172 2419/2295/1172
f 442/2287/1173 922/2289/1173 2421/2298/1173
f 321/2299/1174 2422/2300/1174 1281/2301/1174
f 321/2299/1175 2423/2302/1175 2422/2300/1175
f 250/2237/1176 1210/2239/1176 2424/2303/1176
f 439/2304/1177 2425/2305/1177 919/2306/1177
f 439/2304/1178 2426/2307/1178 2425/2305/1178
f 440/2308/1179 920/2309/1179 2427/2310/1179
f 257/2311/1180 2428/2312/1180 1217/2313/1180
f 257/2311/1181 2429/2314/1181 2428/2312/1181
f 439/2304/1182 919/2306/1182 2430/2315/1182
f 318/2316/1183 2431/2317/1183 1278/2318/1183
f 318/2316/1184 2432/2319/1184 2431/2317/1184
f 249/2320/1185 1209/2321/1185 2433/2322/1185
f 436/2323/1186 2434/2324/1186 916/2325/1186
f 436/2323/1187 2435/2326/1187 2434/2324/1187
f 437/2327/1188 917/2328/1188 2436/2329/1188
f 259/2330/1189 2437/2331/1189 1219/2332/1189
f 259/2330/1190 2438/2333/1190 2437/2331/1190
f 436/2323/1191 916/2325/1191 2439/2334/1191
f 315/2335/1192 2440/2336/1192 1275/2337/1192
f 315/2335/1193 2441/2338/1193 2440/2336/1193
f 253/2339/1194 1213/2340/1194 2442/2341/1194
f 433/2342/1195 2443/2343/1195 913/2344/1195
f 433/2342/1196 2444/2345/1196 2443/2343/1196
f 434/2346/1197 914/2347/1197 2445/2348/1197
f 261/2349/1198 2446/2350/1198 1221/2351/1198
f 261/2349/1199 2447/2352/1199 2446/2350/1199
f 433/2342/1200 913/2344/1200 2448/2353/1200
f 312/2354/1201 2449/2355/1201 1272/2356/1201
f 312/2354/1202 2450/2357/1202 2449/2355/1202
f 255/2358/1203 1215/2359/1203 2451/2360/1203
f 430/2361/1204 2452/2362/1204 910/2363/1204
f 430/2361/1205 2453/2364/1205 2452/2362/1205
f 431/2365/1206 911/2366/1206 2454/2367/1206
f 263/2368/1207 2455/2369/1207 1223/2370/1207
f 263/2368/1208 2456/2371/1208 2455/2369/1208
f 430/2361/1209 910/2363/1209 2457/2372/1209
f 309/2373/1210 2458/2374/1210 1269/2375/1210
f 309/2373/1211 2459/2376/1211 2458/2374/1211
f 256/2377/1212 1216/2378/1212 2460/2379/1212
f 427/2380/1213 2461/2381/1213 907/2382/1213
f 427/2380/1214 2462/2383/1214 2461/2381/1214
f 428/2384/1215 908/2385/1215 2463/2386/1215
f 265/2387/1216 2464/2388/1216 1225/2389/1216
f 265/2387/1217 2465/2390/1217 2464/2388/1217
f 427/2380/1218 907/2382/1218 2466/2391/1218
f 306/2392/1219 2467/2393/1219 1266/2394/1219
f 306/2392/1220 2468/2395/1220 2467/2393/1220
f 257/2311/1221 1217/2313/1221 2469/2396/1221
f 424/2397/1222 2470/2398/1222 904/2399/1222
f 424/2397/1223 2471/2400/1223 2470/2398/1223
f 425/2401/1224 905/2402/1224 2472/2403/1224
f 350/2404/1225 2473/2405/1225 830/2406/1225
f 350/2404/1226 2474/2407/1226 2473/2405/1226
f 424/2397/1227 904/2399/1227 2475/2408/1227
f 303/2409/1228 2476/2410/1228 1263/2411/1228
f 303/2409/1229 2477/2412/1229 2476/2410/1229
f 259/2330/1230 1219/2332/1230 2478/2413/1230
f 421/2414/1231 2479/2415/1231 901/2416/1231
f 421/2414/1232 2480/2417/1232 2479/2415/1232
f 422/2418/1233 902/2419/1233 2481/2420/1233
f 352/2421/1234 2482/2422/1234 832/2423/1234
f 352/2421/1235 2483/2424/1235 2482/2422/1235
f 421/2414/1236 901/2416/1236 2484/2425/1236
f 300/2426/1237 2485/2427/1237 1260/2428/1237
f 300/2426/1238 2486/2429/1238 2485/2427/1238
f 261/2349/1239 1221/2351/1239 2487/2430/1239
f 418/2431/1240 2488/2432/1240 898/2433/1240
f 418/2431/1241 2489/2434/1241 2488/2432/1241
f 419/2435/1242 899/2436/1242 2490/2437/1242
f 354/2438/1243 2491/2439/1243 834/2440/1243
f 354/2438/1244 2492/2441/1244 2491/2439/1244
f 418/2431/1245 898/2433/1245 2493/2442/1245
f 297/2443/1246 2494/2444/1246 1257/2445/1246
f 297/2443/1247 2495/2446/1247 2494/2444/1247
f 263/2368/1248 1223/2370/1248 2496/2447/1248
f 415/2448/1249 2497/2449/1249 895/2450/1249
f 415/2448/1250 2498/2451/1250 2497/2449/1250
f 416/2452/1251 896/2453/1251 2499/2454/1251
f 356/2455/1252 2500/2456/1252 836/2457/1252
f 356/2455/1253 2501/2458/1253 2500/2456/1253
f 415/2448/1254 895/2450/1254 2502/2459/1254
f 294/2460/1255 2503/2461/1255 1254/2462/1255
f 294/2460/1256 2504/2463/1256 2503/2461/1256
f 265/2387/1257 1225/2389/1257 2505/2464/1257
f 412/2465/1258 2506/2466/1258 892/2467/1258
f 412/2465/1259 2507/2468/1259 2506/2466/1259
f 413/2469/1260 893/2470/1260 2508/2471/1260
f 348/2472/1261 2509/2473/1261 828/2474/1261
f 348/2472/1262 2510/2475/1262 2509/2473/1262
f 412/2465/1263 892/2467/1263 2511/2476/1263
f 291/2477/1264 2512/2478/1264 1251/2479/1264
f 291/2477/1265 2513/2480/1265 2512/2478/1265
f 267/2481/1266 1227/2482/1266 2514/2483/1266
f 409/2484/1267 2515/2485/1267 889/2486/1267
f 409/2484/1268 2516/2487/1268 2515/2485/1268
f 410/2488/1269 890/2489/1269 2517/2490/1269
f 272/2491/1270 2518/2492/1270 1232/2493/1270
f 272/2491/1271 2519/2494/1271 2518/2492/1271
f 409/2484/1272 889/2486/1272 2520/2495/1272
f 288/2496/1273 2521/2497/1273 1248/2498/1273
f 288/2496/1274 2522/2499/1274 2521/2497/1274
f 268/2500/1275 1228/2501/1275 2523/2502/1275
f 406/2503/1276 2524/2504/1276 886/2505/1276
f 406/2503/1277 2525/2506/1277 2524/2504/1277
f 407/2507/1278 887/2508/1278 2526/2509/1278
f 274/2510/1279 2527/2511/1279 1234/2512/1279
f 274/2510/1280 2528/2513/1280 2527/2511/1280
f 406/2503/1281 886/2505/1281 2529/2514/1281
f 285/2515/1282 2530/2516/1282 1245/2517/1282
f 285/2515/1283 2531/2518/1283 2530/2516/1283
f 269/2519/1284 1229/2520/1284 2532/2521/1284
f 403/2522/1285 2533/2523/1285 883/2524/1285
f 403/2522/1286 2534/2525/1286 2533/2523/1286
f 404/2526/1287 884/2527/1287 2535/2528/1287
f 275/2529/1288 2536/2530/1288 1235/2531/1288
f 275/2529/1289 2537/2532/1289 2536/2530/1289
f 403/2522/1290 883/2524/1290 2538/2533/1290
f 282/2534/1291 2539/2535/1291 1242/2536/1291
f 282/2534/1292 2540/2537/1292 2539/2535/1292
f 270/2538/1293 1230/2539/1293 2541/2540/1293
f 400/2541/1294 2542/2542/1294 880/2543/1294
f 400/2541/1295 2543/2544/1295 2542/2542/1295
f 401/2545/1296 881/2546/1296 2544/2547/1296
f 276/2548/1297 2545/2549/1297 1236/2550/1297
f 276/2548/1298 2546/2551/1298 2545/2549/1298
f 400/2541/1299 880/2543/1299 2547/2552/1299
f 279/2553/1300 2548/2554/1300 1239/2555/1300
f 279/2553/1301 2549/2556/1301 2548/2554/1301
f 271/2557/1302 1231/2558/1302 2550/2559/1302
f 397/2560/1303 2551/2561/1303 877/2562/1303
f 397/2560/1304 2552/2563/1304 2551/2561/1304
f 398/2564/1305 878/2565/1305 2553/2566/1305
f 363/2567/1306 2554/2568/1306 843/2569/1306
f 363/2567/1307 2555/2570/1307 2554/2568/1307
f 397/2560/1308 877/2562/1308 2556/2571/1308
f 393/2572/1309 2557/2573/1309 873/2574/1309
f 393/2572/1310 2558/2575/1310 2557/2573/1310
f 241/2576/1311 1201/2577/1311 2559/2578/1311
f 246/2579/1312 2560/2580/1312 1206/2581/1312
f 246/2579/1313 2561/2582/1313 2560/2580/1313
f 240/2583/1314 1200/2584/1314 2562/2585/1314
f 245/2586/1315 2563/2587/1315 1205/2588/1315
f 245/2586/1316 2564/2589/1316 2563/2587/1316
f 239/2590/1317 1199/2591/1317 2565/2592/1317
f 244/2593/1318 2566/2594/1318 1204/2595/1318
f 244/2593/1319 2567/2596/1319 2566/2594/1319
f 238/2597/1320 1198/2598/1320 2568/2599/1320
f 242/2600/1321 2569/2601/1321 1202/2602/1321
f 242/2600/1322 2570/2603/1322 2569/2601/1322
f 237/2604/1323 1197/2605/1323 2571/2606/1323
f 378/2607/1324 2572/2608/1324 858/2609/1324
f 378/2607/1325 2573/2610/1325 2572/2608/1325
f 235/2611/1326 1195/2612/1326 2574/2613/1326
f 386/2614/1327 2575/2615/1327 866/2616/1327
f 386/2614/1328 2576/2617/1328 2575/2615/1328
f 233/2618/1329 1193/2619/1329 2577/2620/1329
f 384/2621/1330 2578/2622/1330 864/2623/1330
f 384/2621/1331 2579/2624/1331 2578/2622/1331
f 231/2625/1332 1191/2626/1332 2580/2627/1332
f 382/2628/1333 2581/2629/1333 862/2630/1333
f 382/2628/1334 2582/2631/1334 2581/2629/1334
f 229/2632/1335 1189/2633/1335 2583/2634/1335
f 380/2635/1336 2584/2636/1336 860/2637/1336
f 380/2635/1337 2585/2638/1337 2584/2636/1337
f 227/2639/1338 1187/2640/1338 2586/2641/1338
f 235/2611/1339 2587/2642/1339 1195/2612/1339
f 235/2611/1340 2588/2643/1340 2587/2642/1340
f 226/2644/1341 1186/2645/1341 2589/2646/1341
f 233/2618/1342 2590/2647/1342 1193/2619/1342
f 233/2618/1343 2591/2648/1343 2590/2647/1343
f 225/2649/1344 1185/2650/1344 2592/2651/1344
f 231/2625/1345 2593/2652/1345 1191/2626/1345
f 231/2625/1346 2594/2653/1346 2593/2652/1346
f 223/2654/1347 1183/2655/1347 2595/2656/1347
f 229/2632/1348 2596/2657/1348 1189/2633/1348
f 229/2632/1349 2597/2658/1349 2596/2657/1349
f 219/2659/1350 1179/2660/1350 2598/2661/1350
f 227/2639/1351 2599/2662/1351 1187/2640/1351
f 227/2639/1352 2600/2663/1352 2599/2662/1352
f 220/2664/1353 1180/2665/1353 2601/2666/1353
f 371/2667/1354 2602/2668/1354 851/2669/1354
f 371/2667/1355 2603/2670/1355 2602/2668/1355
f 224/2671/1356 1184/2672/1356 2604/2673/1356
f 224/2674/1357 2605/2675/1357 1184/2676/1357
f 224/2674/1358 2606/2677/1358 2605/2675/1358
f 222/2678/1359 1182/2679/1359 2607/2680/1359
f 222/2681/1360 2608/2682/1360 1182/2683/1360
f 222/2681/1361 2609/2684/1361 2608/2682/1361
f 217/2685/1362 1177/2686/1362 2610/2687/1362
f 220/2664/1363 2611/2688/1363 1180/2665/1363
f 220/2664/1364 2612/2689/1364 2611/2688/1364
f 218/2690/1365 1178/2691/1365 2613/2692/1365
f 217/2693/1366 2614/2694/1366 1177/2695/1366
f 217/2693/1367 2615/2696/1367 2614/2694/1367
f 368/2697/1368 848/2698/1368 2616/2699/1368
f 2616/2699/1369 1175/760/1369 695/759/1369
f 2616/2699/1370 848/2698/1370 1175/760/1370
f 848/2698/1371 128/745/1371 1175/760/1371
f 2614/2694/1372 2616/2699/1372 695/759/1372
f 2614/2694/1373 2615/2696/1373 2616/2699/1373
f 2615/2696/1374 368/2697/1374 2616/2699/1374
f 1177/2695/1375 1655/744/1375 97/741/1375
f 1177/2695/1376 2614/2694/1376 1655/744/1376
f 2614/2694/1377 695/759/1377 1655/744/1377
f 2613/2692/1378 1172/779/1378 692/778/1378
f 2613/2692/1379 1178/2691/1379 1172/779/1379
f 1178/2691/1380 98/738/1380 1172/779/1380
f 2611/2688/1381 2613/2692/1381 692/778/1381
f 2611/2688/1382 2612/2689/1382 2613/2692/1382
f 2612/2689/1383 218/2690/1383 2613/2692/1383
f 1180/2665/1384 1652/737/1384 100/712/1384
f 1180/2665/1385 2611/2688/1385 1652/737/1385
f 2611/2688/1386 692/778/1386 1652/737/1386
f 2610/2687/1387 1169/798/1387 689/797/1387
f 2610/2687/1388 1177/2686/1388 1169/798/1388
f 1177/2686/1389 97/733/1389 1169/798/1389
f 2608/2682/1390 2610/2687/1390 689/797/1390
f 2608/2682/1391 2609/2684/1391 2610/2687/1391
f 2609/2684/1392 217/2685/1392 2610/2687/1392
f 1182/2683/1393 1649/732/1393 102/729/1393
f 1182/2683/1394 2608/2682/1394 1649/732/1394
f 2608/2682/1395 689/797/1395 1649/732/1395
f 2607/2680/1396 1166/817/1396 686/816/1396
f 2607/2680/1397 1182/2679/1397 1166/817/1397
f 1182/2679/1398 102/726/1398 1166/817/1398
f 2605/2675/1399 2607/2680/1399 686/816/1399
f 2605/2675/1400 2606/2677/1400 2607/2680/1400
f 2606/2677/1401 222/2678/1401 2607/2680/1401
f 1184/2676/1402 1646/725/1402 104/722/1402
f 1184/2676/1403 2605/2675/1403 1646/725/1403
f 2605/2675/1404 686/816/1404 1646/725/1404
f 2604/2673/1405 1163/836/1405 683/835/1405
f 2604/2673/1406 1184/2672/1406 1163/836/1406
f 1184/2672/1407 104/719/1407 1163/836/1407
f 2602/2668/1408 2604/2673/1408 683/835/1408
f 2602/2668/1409 2603/2670/1409 2604/2673/1409
f 2603/2670/1410 224/2671/1410 2604/2673/1410
f 851/2669/1411 1643/718/1411 131/715/1411
f 851/2669/1412 2602/2668/1412 1643/718/1412
f 2602/2668/1413 683/835/1413 1643/718/1413
f 2601/2666/1414 1160/853/1414 680/852/1414
f 2601/2666/1415 1180/2665/1415 1160/853/1415
f 1180/2665/1416 100/712/1416 1160/853/1416
f 2599/2662/1417 2601/2666/1417 680/852/1417
f 2599/2662/1418 2600/2663/1418 2601/2666/1418
f 2600/2663/1419 220/2664/1419 2601/2666/1419
f 1187/2640/1420 1640/711/1420 107/687/1420
f 1187/2640/1421 2599/2662/1421 1640/711/1421
f 2599/2662/1422 680/852/1422 1640/711/1422
f 2598/2661/1423 1157/872/1423 677/871/1423
f 2598/2661/1424 1179/2660/1424 1157/872/1424
f 1179/2660/1425 99/707/1425 1157/872/1425
f 2596/2657/1426 2598/2661/1426 677/871/1426
f 2596/2657/1427 2597/2658/1427 2598/2661/1427
f 2597/2658/1428 219/2659/1428 2598/2661/1428
f 1189/2633/1429 1637/706/1429 109/680/1429
f 1189/2633/1430 2596/2657/1430 1637/706/1430
f 2596/2657/1431 677/871/1431 1637/706/1431
f 2595/2656/1432 1154/891/1432 674/890/1432
f 2595/2656/1433 1183/2655/1433 1154/891/1433
f 1183/2655/1434 103/702/1434 1154/891/1434
f 2593/2652/1435 2595/2656/1435 674/890/1435
f 2593/2652/1436 2594/2653/1436 2595/2656/1436
f 2594/2653/1437 223/2654/1437 2595/2656/1437
f 1191/2626/1438 1634/701/1438 111/673/1438
f 1191/2626/1439 2593/2652/1439 1634/701/1439
f 2593/2652/1440 674/890/1440 1634/701/1440
f 2592/2651/1441 1151/910/1441 671/909/1441
f 2592/2651/1442 1185/2650/1442 1151/910/1442
f 1185/2650/1443 105/697/1443 1151/910/1443
f 2590/2647/1444 2592/2651/1444 671/909/1444
f 2590/2647/1445 2591/2648/1445 2592/2651/1445
f 2591/2648/1446 225/2649/1446 2592/2651/1446
f 1193/2619/1447 1631/696/1447 113/666/1447
f 1193/2619/1448 2590/2647/1448 1631/696/1448
f 2590/2647/1449 671/909/1449 1631/696/1449
f 2589/2646/1450 1148/929/1450 668/928/1450
f 2589/2646/1451 1186/2645/1451 1148/929/1451
f 1186/2645/1452 106/692/1452 1148/929/1452
f 2587/2642/1453 2589/2646/1453 668/928/1453
f 2587/2642/1454 2588/2643/1454 2589/2646/1454
f 2588/2643/1455 226/2644/1455 2589/2646/1455
f 1195/2612/1456 1628/691/1456 115/659/1456
f 1195/2612/1457 2587/2642/1457 1628/691/1457
f 2587/2642/1458 668/928/1458 1628/691/1458
f 2586/2641/1459 1145/946/1459 665/945/1459
f 2586/2641/1460 1187/2640/1460 1145/946/1460
f 1187/2640/1461 107/687/1461 1145/946/1461
f 2584/2636/1462 2586/2641/1462 665/945/1462
f 2584/2636/1463 2585/2638/1463 2586/2641/1463
f 2585/2638/1464 227/2639/1464 2586/2641/1464
f 860/2637/1465 1625/686/1465 140/683/1465
f 860/2637/1466 2584/2636/1466 1625/686/1466
f 2584/2636/1467 665/945/1467 1625/686/1467
f 2583/2634/1468 1142/963/1468 662/962/1468
f 2583/2634/1469 1189/2633/1469 1142/963/1469
f 1189/2633/1470 109/680/1470 1142/963/1470
f 2581/2629/1471 2583/2634/1471 662/962/1471
f 2581/2629/1472 2582/2631/1472 2583/2634/1472
f 2582/2631/1473 229/2632/1473 2583/2634/1473
f 862/2630/1474 1622/679/1474 142/676/1474
f 862/2630/1475 2581/2629/1475 1622/679/1475
f 2581/2629/1476 662/962/1476 1622/679/1476
f 2580/2627/1477 1139/980/1477 659/979/1477
f 2580/2627/1478 1191/2626/1478 1139/980/1478
f 1191/2626/1479 111/673/1479 1139/980/1479
f 2578/2622/1480 2580/2627/1480 659/979/1480
f 2578/2622/1481 2579/2624/1481 2580/2627/1481
f 2579/2624/1482 231/2625/1482 2580/2627/1482
f 864/2623/1483 1619/672/1483 144/669/1483
f 864/2623/1484 2578/2622/1484 1619/672/1484
f 2578/2622/1485 659/979/1485 1619/672/1485
f 2577/2620/1486 1136/997/1486 656/996/1486
f 2577/2620/1487 1193/2619/1487 1136/997/1487
f 1193/2619/1488 113/666/1488 1136/997/1488
f 2575/2615/1489 2577/2620/1489 656/996/1489
f 2575/2615/1490 2576/2617/1490 2577/2620/1490
f 2576/2617/1491 233/2618/1491 2577/2620/1491
f 866/2616/1492 1616/665/1492 146/662/1492
f 866/2616/1493 2575/2615/1493 1616/665/1493
f 2575/2615/1494 656/996/1494 1616/665/1494
f 2574/2613/1495 1133/1014/1495 653/1013/1495
f 2574/2613/1496 1195/2612/1496 1133/1014/1496
f 1195/2612/1497 115/659/1497 1133/1014/1497
f 2572/2608/1498 2574/2613/1498 653/1013/1498
f 2572/2608/1499 2573/2610/1499 2574/2613/1499
f 2573/2610/1500 235/2611/1500 2574/2613/1500
f 858/2609/1501 1613/658/1501 138/655/1501
f 858/2609/1502 2572/2608/1502 1613/658/1502
f 2572/2608/1503 653/1013/1503 1613/658/1503
f 2571/2606/1504 1130/1033/1504 650/1032/1504
f 2571/2606/1505 1197/2605/1505 1130/1033/1505
f 1197/2605/1506 117/652/1506 1130/1033/1506
f 2569/2601/1507 2571/2606/1507 650/1032/1507
f 2569/2601/1508 2570/2603/1508 2571/2606/1508
f 2570/2603/1509 237/2604/1509 2571/2606/1509
f 1202/2602/1510 1610/651/1510 122/648/1510
f 1202/2602/1511 2569/2601/1511 1610/651/1511
f 2569/2601/1512 650/1032/1512 1610/651/1512
f 2568/2599/1513 1127/1052/1513 647/1051/1513
f 2568/2599/1514 1198/2598/1514 1127/1052/1514
f 1198/2598/1515 118/645/1515 1127/1052/1515
f 2566/2594/1516 2568/2599/1516 647/1051/1516
f 2566/2594/1517 2567/2596/1517 2568/2599/1517
f 2567/2596/1518 238/2597/1518 2568/2599/1518
f 1204/2595/1519 1607/644/1519 124/641/1519
f 1204/2595/1520 2566/2594/1520 1607/644/1520
f 2566/2594/1521 647/1051/1521 1607/644/1521
f 2565/2592/1522 1124/1071/1522 644/1070/1522
f 2565/2592/1523 1199/2591/1523 1124/1071/1523
f 1199/2591/1524 119/638/1524 1124/1071/1524
f 2563/2587/1525 2565/2592/1525 644/1070/1525
f 2563/2587/1526 2564/2589/1526 2565/2592/1526
f 2564/2589/1527 239/2590/1527 2565/2592/1527
f 1205/2588/1528 1604/637/1528 125/634/1528
f 1205/2588/1529 2563/2587/1529 1604/637/1529
f 2563/2587/1530 644/1070/1530 1604/637/1530
f 2562/2585/1531 1121/1090/1531 641/1089/1531
f 2562/2585/1532 1200/2584/1532 1121/1090/1532
f 1200/2584/1533 120/631/1533 1121/1090/1533
f 2560/2580/1534 2562/2585/1534 641/1089/1534
f 2560/2580/1535 2561/2582/1535 2562/2585/1535
f 2561/2582/1536 240/2583/1536 2562/2585/1536
f 1206/2581/1537 1601/630/1537 126/627/1537
f 1206/2581/1538 2560/2580/1538 1601/630/1538
f 2560/2580/1539 641/1089/1539 1601/630/1539
f 2559/2578/1540 1118/1109/1540 638/1108/1540
f 2559/2578/1541 1201/2577/1541 1118/1109/1541
f 1201/2577/1542 121/624/1542 1118/1109/1542
f 2557/2573/1543 2559/2578/1543 638/1108/1543
f 2557/2573/1544 2558/2575/1544 2559/2578/1544
f 2558/2575/1545 241/2576/1545 2559/2578/1545
f 873/2574/1546 1598/623/1546 153/620/1546
f 873/2574/1547 2557/2573/1547 1598/623/1547
f 2557/2573/1548 638/1108/1548 1598/623/1548
f 2556/2571/1549 1115/1128/1549 635/1127/1549
f 2556/2571/1550 877/2562/1550 1115/1128/1550
f 877/2562/1551 157/608/1551 1115/1128/1551
f 2554/2568/1552 2556/2571/1552 635/1127/1552
f 2554/2568/1553 2555/2570/1553 2556/2571/1553
f 2555/2570/1554 397/2560/1554 2556/2571/1554
f 843/2569/1555 1595/618/1555 123/615/1555
f 843/2569/1556 2554/2568/1556 1595/618/1556
f 2554/2568/1557 635/1127/1557 1595/618/1557
f 2553/2566/1558 1112/1147/1558 632/1146/1558
f 2553/2566/1559 878/2565/1559 1112/1147/1559
f 878/2565/1560 158/612/1560 1112/1147/1560
f 2551/2561/1561 2553/2566/1561 632/1146/1561
f 2551/2561/1562 2552/2563/1562 2553/2566/1562
f 2552/2563/1563 398/2564/1563 2553/2566/1563
f 877/2562/1564 1592/611/1564 157/608/1564
f 877/2562/1565 2551/2561/1565 1592/611/1565
f 2551/2561/1566 632/1146/1566 1592/611/1566
f 2550/2559/1567 1109/1164/1567 629/1163/1567
f 2550/2559/1568 1231/2558/1568 1109/1164/1568
f 1231/2558/1569 151/605/1569 1109/1164/1569
f 2548/2554/1570 2550/2559/1570 629/1163/1570
f 2548/2554/1571 2549/2556/1571 2550/2559/1571
f 2549/2556/1572 271/2557/1572 2550/2559/1572
f 1239/2555/1573 1589/604/1573 159/601/1573
f 1239/2555/1574 2548/2554/1574 1589/604/1574
f 2548/2554/1575 629/1163/1575 1589/604/1575
f 2547/2552/1576 1106/1183/1576 626/1182/1576
f 2547/2552/1577 880/2543/1577 1106/1183/1577
f 880/2543/1578 160/589/1578 1106/1183/1578
f 2545/2549/1579 2547/2552/1579 626/1182/1579
f 2545/2549/1580 2546/2551/1580 2547/2552/1580
f 2546/2551/1581 400/2541/1581 2547/2552/1581
f 1236/2550/1582 1586/599/1582 156/596/1582
f 1236/2550/1583 2545/2549/1583 1586/599/1583
f 2545/2549/1584 626/1182/1584 1586/599/1584
f 2544/2547/1585 1103/1202/1585 623/1201/1585
f 2544/2547/1586 881/2546/1586 1103/1202/1586
f 881/2546/1587 161/593/1587 1103/1202/1587
f 2542/2542/1588 2544/2547/1588 623/1201/1588
f 2542/2542/1589 2543/2544/1589 2544/2547/1589
f 2543/2544/1590 401/2545/1590 2544/2547/1590
f 880/2543/1591 1583/592/1591 160/589/1591
f 880/2543/1592 2542/2542/1592 1583/592/1592
f 2542/2542/1593 623/1201/1593 1583/592/1593
f 2541/2540/1594 1100/1219/1594 620/1218/1594
f 2541/2540/1595 1230/2539/1595 1100/1219/1595
f 1230/2539/1596 150/586/1596 1100/1219/1596
f 2539/2535/1597 2541/2540/1597 620/1218/1597
f 2539/2535/1598 2540/2537/1598 2541/2540/1598
f 2540/2537/1599 270/2538/1599 2541/2540/1599
f 1242/2536/1600 1580/585/1600 162/582/1600
f 1242/2536/1601 2539/2535/1601 1580/585/1601
f 2539/2535/1602 620/1218/1602 1580/585/1602
f 2538/2533/1603 1097/1238/1603 617/1237/1603
f 2538/2533/1604 883/2524/1604 1097/1238/1604
f 883/2524/1605 163/570/1605 1097/1238/1605
f 2536/2530/1606 2538/2533/1606 617/1237/1606
f 2536/2530/1607 2537/2532/1607 2538/2533/1607
f 2537/2532/1608 403/2522/1608 2538/2533/1608
f 1235/2531/1609 1577/580/1609 155/577/1609
f 1235/2531/1610 2536/2530/1610 1577/580/1610
f 2536/2530/1611 617/1237/1611 1577/580/1611
f 2535/2528/1612 1094/1257/1612 614/1256/1612
f 2535/2528/1613 884/2527/1613 1094/1257/1613
f 884/2527/1614 164/574/1614 1094/1257/1614
f 2533/2523/1615 2535/2528/1615 614/1256/1615
f 2533/2523/1616 2534/2525/1616 2535/2528/1616
f 2534/2525/1617 404/2526/1617 2535/2528/1617
f 883/2524/1618 1574/573/1618 163/570/1618
f 883/2524/1619 2533/2523/1619 1574/573/1619
f 2533/2523/1620 614/1256/1620 1574/573/1620
f 2532/2521/1621 1091/1274/1621 611/1273/1621
f 2532/2521/1622 1229/2520/1622 1091/1274/1622
f 1229/2520/1623 149/567/1623 1091/1274/1623
f 2530/2516/1624 2532/2521/1624 611/1273/1624
f 2530/2516/1625 2531/2518/1625 2532/2521/1625
f 2531/2518/1626 269/2519/1626 2532/2521/1626
f 1245/2517/1627 1571/566/1627 165/563/1627
f 1245/2517/1628 2530/2516/1628 1571/566/1628
f 2530/2516/1629 611/1273/1629 1571/566/1629
f 2529/2514/1630 1088/1293/1630 608/1292/1630
f 2529/2514/1631 886/2505/1631 1088/1293/1631
f 886/2505/1632 166/551/1632 1088/1293/1632
f 2527/2511/1633 2529/2514/1633 608/1292/1633
f 2527/2511/1634 2528/2513/1634 2529/2514/1634
f 2528/2513/1635 406/2503/1635 2529/2514/1635
f 1234/2512/1636 1568/561/1636 154/558/1636
f 1234/2512/1637 2527/2511/1637 1568/561/1637
f 2527/2511/1638 608/1292/1638 1568/561/1638
f 2526/2509/1639 1085/1312/1639 605/1311/1639
f 2526/2509/1640 887/2508/1640 1085/1312/1640
f 887/2508/1641 167/555/1641 1085/1312/1641
f 2524/2504/1642 2526/2509/1642 605/1311/1642
f 2524/2504/1643 2525/2506/1643 2526/2509/1643
f 2525/2506/1644 407/2507/1644 2526/2509/1644
f 886/2505/1645 1565/554/1645 166/551/1645
f 886/2505/1646 2524/2504/1646 1565/554/1646
f 2524/2504/1647 605/1311/1647 1565/554/1647
f 2523/2502/1648 1082/1329/1648 602/1328/1648
f 2523/2502/1649 1228/2501/1649 1082/1329/1649
f 1228/2501/1650 148/548/1650 1082/1329/1650
f 2521/2497/1651 2523/2502/1651 602/1328/1651
f 2521/2497/1652 2522/2499/1652 2523/2502/1652
f 2522/2499/1653 268/2500/1653 2523/2502/1653
f 1248/2498/1654 1562/547/1654 168/544/1654
f 1248/2498/1655 2521/2497/1655 1562/547/1655
f 2521/2497/1656 602/1328/1656 1562/547/1656
f 2520/2495/1657 1079/1348/1657 599/1347/1657
f 2520/2495/1658 889/2486/1658 1079/1348/1658
f 889/2486/1659 169/532/1659 1079/1348/1659
f 2518/2492/1660 2520/2495/1660 599/1347/1660
f 2518/2492/1661 2519/2494/1661 2520/2495/1661
f 2519/2494/1662 409/2484/1662 2520/2495/1662
f 1232/2493/1663 1559/542/1663 152/539/1663
f 1232/2493/1664 2518/2492/1664 1559/542/1664
f 2518/2492/1665 599/1347/1665 1559/542/1665
f 2517/2490/1666 1076/1367/1666 596/1366/1666
f 2517/2490/1667 890/2489/1667 1076/1367/1667
f 890/2489/1668 170/536/1668 1076/1367/1668
f 2515/2485/1669 2517/2490/1669 596/1366/1669
f 2515/2485/1670 2516/2487/1670 2517/2490/1670
f 2516/2487/1671 410/2488/1671 2517/2490/1671
f 889/2486/1672 1556/535/1672 169/532/1672
f 889/2486/1673 2515/2485/1673 1556/535/1673
f 2515/2485/1674 596/1366/1674 1556/535/1674
f 2514/2483/1675 1073/1384/1675 593/1383/1675
f 2514/2483/1676 1227/2482/1676 1073/1384/1676
f 1227/2482/1677 147/529/1677 1073/1384/1677
f 2512/2478/1678 2514/2483/1678 593/1383/1678
f 2512/2478/1679 2513/2480/1679 2514/2483/1679
f 2513/2480/1680 267/2481/1680 2514/2483/1680
f 1251/2479/1681 1553/528/1681 171/525/1681
f 1251/2479/1682 2512/2478/1682 1553/528/1682
f 2512/2478/1683 593/1383/1683 1553/528/1683
f 2511/2476/1684 1070/1403/1684 590/1402/1684
f 2511/2476/1685 892/2467/1685 1070/1403/1685
f 892/2467/1686 172/513/1686 1070/1403/1686
f 2509/2473/1687 2511/2476/1687 590/1402/1687
f 2509/2473/1688 2510/2475/1688 2511/2476/1688
f 2510/2475/1689 412/2465/1689 2511/2476/1689
f 828/2474/1690 1550/523/1690 108/520/1690
f 828/2474/1691 2509/2473/1691 1550/523/1691
f 2509/2473/1692 590/1402/1692 1550/523/1692
f 2508/2471/1693 1067/1422/1693 587/1421/1693
f 2508/2471/1694 893/2470/1694 1067/1422/1694
f 893/2470/1695 173/517/1695 1067/1422/1695
f 2506/2466/1696 2508/2471/1696 587/1421/1696
f 2506/2466/1697 2507/2468/1697 2508/2471/1697
f 2507/2468/1698 413/2469/1698 2508/2471/1698
f 892/2467/1699 1547/516/1699 172/513/1699
f 892/2467/1700 2506/2466/1700 1547/516/1700
f 2506/2466/1701 587/1421/1701 1547/516/1701
f 2505/2464/1702 1064/1439/1702 584/1438/1702
f 2505/2464/1703 1225/2389/1703 1064/1439/1703
f 1225/2389/1704 145/435/1704 1064/1439/1704
f 2503/2461/1705 2505/2464/1705 584/1438/1705
f 2503/2461/1706 2504/2463/1706 2505/2464/1706
f 2504/2463/1707 265/2387/1707 2505/2464/1707
f 1254/2462/1708 1544/511/1708 174/508/1708
f 1254/2462/1709 2503/2461/1709 1544/511/1709
f 2503/2461/1710 584/1438/1710 1544/511/1710
f 2502/2459/1711 1061/1458/1711 581/1457/1711
f 2502/2459/1712 895/2450/1712 1061/1458/1712
f 895/2450/1713 175/496/1713 1061/1458/1713
f 2500/2456/1714 2502/2459/1714 581/1457/1714
f 2500/2456/1715 2501/2458/1715 2502/2459/1715
f 2501/2458/1716 415/2448/1716 2502/2459/1716
f 836/2457/1717 1541/506/1717 116/503/1717
f 836/2457/1718 2500/2456/1718 1541/506/1718
f 2500/2456/1719 581/1457/1719 1541/506/1719
f 2499/2454/1720 1058/1477/1720 578/1476/1720
f 2499/2454/1721 896/2453/1721 1058/1477/1721
f 896/2453/1722 176/500/1722 1058/1477/1722
f 2497/2449/1723 2499/2454/1723 578/1476/1723
f 2497/2449/1724 2498/2451/1724 2499/2454/1724
f 2498/2451/1725 416/2452/1725 2499/2454/1725
f 895/2450/1726 1538/499/1726 175/496/1726
f 895/2450/1727 2497/2449/1727 1538/499/1727
f 2497/2449/1728 578/1476/1728 1538/499/1728
f 2496/2447/1729 1055/1494/1729 575/1493/1729
f 2496/2447/1730 1223/2370/1730 1055/1494/1730
f 1223/2370/1731 143/416/1731 1055/1494/1731
f 2494/2444/1732 2496/2447/1732 575/1493/1732
f 2494/2444/1733 2495/2446/1733 2496/2447/1733
f 2495/2446/1734 263/2368/1734 2496/2447/1734
f 1257/2445/1735 1535/494/1735 177/491/1735
f 1257/2445/1736 2494/2444/1736 1535/494/1736
f 2494/2444/1737 575/1493/1737 1535/494/1737
f 2493/2442/1738 1052/1513/1738 572/1512/1738
f 2493/2442/1739 898/2433/1739 1052/1513/1739
f 898/2433/1740 178/479/1740 1052/1513/1740
f 2491/2439/1741 2493/2442/1741 572/1512/1741
f 2491/2439/1742 2492/2441/1742 2493/2442/1742
f 2492/2441/1743 418/2431/1743 2493/2442/1743
f 834/2440/1744 1532/489/1744 114/486/1744
f 834/2440/1745 2491/2439/1745 1532/489/1745
f 2491/2439/1746 572/1512/1746 1532/489/1746
f 2490/2437/1747 1049/1532/1747 569/1531/1747
f 2490/2437/1748 899/2436/1748 1049/1532/1748
f 899/2436/1749 179/483/1749 1049/1532/1749
f 2488/2432/1750 2490/2437/1750 569/1531/1750
f 2488/2432/1751 2489/2434/1751 2490/2437/1751
f 2489/2434/1752 419/2435/1752 2490/2437/1752
f 898/2433/1753 1529/482/1753 178/479/1753
f 898/2433/1754 2488/2432/1754 1529/482/1754
f 2488/2432/1755 569/1531/1755 1529/482/1755
f 2487/2430/1756 1046/1549/1756 566/1548/1756
f 2487/2430/1757 1221/2351/1757 1046/1549/1757
f 1221/2351/1758 141/397/1758 1046/1549/1758
f 2485/2427/1759 2487/2430/1759 566/1548/1759
f 2485/2427/1760 2486/2429/1760 2487/2430/1760
f 2486/2429/1761 261/2349/1761 2487/2430/1761
f 1260/2428/1762 1526/477/1762 180/474/1762
f 1260/2428/1763 2485/2427/1763 1526/477/1763
f 2485/2427/1764 566/1548/1764 1526/477/1764
f 2484/2425/1765 1043/1568/1765 563/1567/1765
f 2484/2425/1766 901/2416/1766 1043/1568/1766
f 901/2416/1767 181/462/1767 1043/1568/1767
f 2482/2422/1768 2484/2425/1768 563/1567/1768
f 2482/2422/1769 2483/2424/1769 2484/2425/1769
f 2483/2424/1770 421/2414/1770 2484/2425/1770
f 832/2423/1771 1523/472/1771 112/469/1771
f 832/2423/1772 2482/2422/1772 1523/472/1772
f 2482/2422/1773 563/1567/1773 1523/472/1773
f 2481/2420/1774 1040/1587/1774 560/1586/1774
f 2481/2420/1775 902/2419/1775 1040/1587/1775
f 902/2419/1776 182/466/1776 1040/1587/1776
f 2479/2415/1777 2481/2420/1777 560/1586/1777
f 2479/2415/1778 2480/2417/1778 2481/2420/1778
f 2480/2417/1779 422/2418/1779 2481/2420/1779
f 901/2416/1780 1520/465/1780 181/462/1780
f 901/2416/1781 2479/2415/1781 1520/465/1781
f 2479/2415/1782 560/1586/1782 1520/465/1782
f 2478/2413/1783 1037/1604/1783 557/1603/1783
f 2478/2413/1784 1219/2332/1784 1037/1604/1784
f 1219/2332/1785 139/378/1785 1037/1604/1785
f 2476/2410/1786 2478/2413/1786 557/1603/1786
f 2476/2410/1787 2477/2412/1787 2478/2413/1787
f 2477/2412/1788 259/2330/1788 2478/2413/1788
f 1263/2411/1789 1517/460/1789 183/457/1789
f 1263/2411/1790 2476/2410/1790 1517/460/1790
f 2476/2410/1791 557/1603/1791 1517/460/1791
f 2475/2408/1792 1034/1623/1792 554/1622/1792
f 2475/2408/1793 904/2399/1793 1034/1623/1793
f 904/2399/1794 184/445/1794 1034/1623/1794
f 2473/2405/1795 2475/2408/1795 554/1622/1795
f 2473/2405/1796 2474/2407/1796 2475/2408/1796
f 2474/2407/1797 424/2397/1797 2475/2408/1797
f 830/2406/1798 1514/455/1798 110/452/1798
f 830/2406/1799 2473/2405/1799 1514/455/1799
f 2473/2405/1800 554/1622/1800 1514/455/1800
f 2472/2403/1801 1031/1642/1801 551/1641/1801
f 2472/2403/1802 905/2402/1802 1031/1642/1802
f 905/2402/1803 185/449/1803 1031/1642/1803
f 2470/2398/1804 2472/2403/1804 551/1641/1804
f 2470/2398/1805 2471/2400/1805 2472/2403/1805
f 2471/2400/1806 425/2401/1806 2472/2403/1806
f 904/2399/1807 1511/448/1807 184/445/1807
f 904/2399/1808 2470/2398/1808 1511/448/1808
f 2470/2398/1809 551/1641/1809 1511/448/1809
f 2469/2396/1810 1028/1659/1810 548/1658/1810
f 2469/2396/1811 1217/2313/1811 1028/1659/1811
f 1217/2313/1812 137/359/1812 1028/1659/1812
f 2467/2393/1813 2469/2396/1813 548/1658/1813
f 2467/2393/1814 2468/2395/1814 2469/2396/1814
f 2468/2395/1815 257/2311/1815 2469/2396/1815
f 1266/2394/1816 1508/443/1816 186/440/1816
f 1266/2394/1817 2467/2393/1817 1508/443/1817
f 2467/2393/1818 548/1658/1818 1508/443/1818
f 2466/2391/1819 1025/1678/1819 545/1677/1819
f 2466/2391/1820 907/2382/1820 1025/1678/1820
f 907/2382/1821 187/428/1821 1025/1678/1821
f 2464/2388/1822 2466/2391/1822 545/1677/1822
f 2464/2388/1823 2465/2390/1823 2466/2391/1823
f 2465/2390/1824 427/2380/1824 2466/2391/1824
f 1225/2389/1825 1505/438/1825 145/435/1825
f 1225/2389/1826 2464/2388/1826 1505/438/1826
f 2464/2388/1827 545/1677/1827 1505/438/1827
f 2463/2386/1828 1022/1695/1828 542/1694/1828
f 2463/2386/1829 908/2385/1829 1022/1695/1829
f 908/2385/1830 188/432/1830 1022/1695/1830
f 2461/2381/1831 2463/2386/1831 542/1694/1831
f 2461/2381/1832 2462/2383/1832 2463/2386/1832
f 2462/2383/1833 428/2384/1833 2463/2386/1833
f 907/2382/1834 1502/431/1834 187/428/1834
f 907/2382/1835 2461/2381/1835 1502/431/1835
f 2461/2381/1836 542/1694/1836 1502/431/1836
f 2460/2379/1837 1019/1712/1837 539/1711/1837
f 2460/2379/1838 1216/2378/1838 1019/1712/1838
f 1216/2378/1839 136/425/1839 1019/1712/1839
f 2458/2374/1840 2460/2379/1840 539/1711/1840
f 2458/2374/1841 2459/2376/1841 2460/2379/1841
f 2459/2376/1842 256/2377/1842 2460/2379/1842
f 1269/2375/1843 1499/424/1843 189/421/1843
f 1269/2375/1844 2458/2374/1844 1499/424/1844
f 2458/2374/1845 539/1711/1845 1499/424/1845
f 2457/2372/1846 1016/1731/1846 536/1730/1846
f 2457/2372/1847 910/2363/1847 1016/1731/1847
f 910/2363/1848 190/409/1848 1016/1731/1848
f 2455/2369/1849 2457/2372/1849 536/1730/1849
f 2455/2369/1850 2456/2371/1850 2457/2372/1850
f 2456/2371/1851 430/2361/1851 2457/2372/1851
f 1223/2370/1852 1496/419/1852 143/416/1852
f 1223/2370/1853 2455/2369/1853 1496/419/1853
f 2455/2369/1854 536/1730/1854 1496/419/1854
f 2454/2367/1855 1013/1748/1855 533/1747/1855
f 2454/2367/1856 911/2366/1856 1013/1748/1856
f 911/2366/1857 191/413/1857 1013/1748/1857
f 2452/2362/1858 2454/2367/1858 533/1747/1858
f 2452/2362/1859 2453/2364/1859 2454/2367/1859
f 2453/2364/1860 431/2365/1860 2454/2367/1860
f 910/2363/1861 1493/412/1861 190/409/1861
f 910/2363/1862 2452/2362/1862 1493/412/1862
f 2452/2362/1863 533/1747/1863 1493/412/1863
f 2451/2360/1864 1010/1765/1864 530/1764/1864
f 2451/2360/1865 1215/2359/1865 1010/1765/1865
f 1215/2359/1866 135/406/1866 1010/1765/1866
f 2449/2355/1867 2451/2360/1867 530/1764/1867
f 2449/2355/1868 2450/2357/1868 2451/2360/1868
f 2450/2357/1869 255/2358/1869 2451/2360/1869
f 1272/2356/1870 1490/405/1870 192/402/1870
f 1272/2356/1871 2449/2355/1871 1490/405/1871
f 2449/2355/1872 530/1764/1872 1490/405/1872
f 2448/2353/1873 1007/1784/1873 527/1783/1873
f 2448/2353/1874 913/2344/1874 1007/1784/1874
f 913/2344/1875 193/390/1875 1007/1784/1875
f 2446/2350/1876 2448/2353/1876 527/1783/1876
f 2446/2350/1877 2447/2352/1877 2448/2353/1877
f 2447/2352/1878 433/2342/1878 2448/2353/1878
f 1221/2351/1879 1487/400/1879 141/397/1879
f 1221/2351/1880 2446/2350/1880 1487/400/1880
f 2446/2350/1881 527/1783/1881 1487/400/1881
f 2445/2348/1882 1004/1801/1882 524/1800/1882
f 2445/2348/1883 914/2347/1883 1004/1801/1883
f 914/2347/1884 194/394/1884 1004/1801/1884
f 2443/2343/1885 2445/2348/1885 524/1800/1885
f 2443/2343/1886 2444/2345/1886 2445/2348/1886
f 2444/2345/1887 434/2346/1887 2445/2348/1887
f 913/2344/1888 1484/393/1888 193/390/1888
f 913/2344/1889 2443/2343/1889 1484/393/1889
f 2443/2343/1890 524/1800/1890 1484/393/1890
f 2442/2341/1891 1001/1818/1891 521/1817/1891
f 2442/2341/1892 1213/2340/1892 1001/1818/1892
f 1213/2340/1893 133/387/1893 1001/1818/1893
f 2440/2336/1894 2442/2341/1894 521/1817/1894
f 2440/2336/1895 2441/2338/1895 2442/2341/1895
f 2441/2338/1896 253/2339/1896 2442/2341/1896
f 1275/2337/1897 1481/386/1897 195/383/1897
f 1275/2337/1898 2440/2336/1898 1481/386/1898
f 2440/2336/1899 521/1817/1899 1481/386/1899
f 2439/2334/1900 998/1837/1900 518/1836/1900
f 2439/2334/1901 916/2325/1901 998/1837/1901
f 916/2325/1902 196/371/1902 998/1837/1902
f 2437/2331/1903 2439/2334/1903 518/1836/1903
f 2437/2331/1904 2438/2333/1904 2439/2334/1904
f 2438/2333/1905 436/2323/1905 2439/2334/1905
f 1219/2332/1906 1478/381/1906 139/378/1906
f 1219/2332/1907 2437/2331/1907 1478/381/1907
f 2437/2331/1908 518/1836/1908 1478/381/1908
f 2436/2329/1909 995/1854/1909 515/1853/1909
f 2436/2329/1910 917/2328/1910 995/1854/1910
f 917/2328/1911 197/375/1911 995/1854/1911
f 2434/2324/1912 2436/2329/1912 515/1853/1912
f 2434/2324/1913 2435/2326/1913 2436/2329/1913
f 2435/2326/1914 437/2327/1914 2436/2329/1914
f 916/2325/1915 1475/374/1915 196/371/1915
f 916/2325/1916 2434/2324/1916 1475/374/1916
f 2434/2324/1917 515/1853/1917 1475/374/1917
f 2433/2322/1918 992/1871/1918 512/1870/1918
f 2433/2322/1919 1209/2321/1919 992/1871/1919
f 1209/2321/1920 129/368/1920 992/1871/1920
f 2431/2317/1921 2433/2322/1921 512/1870/1921
f 2431/2317/1922 2432/2319/1922 2433/2322/1922
f 2432/2319/1923 249/2320/1923 2433/2322/1923
f 1278/2318/1924 1472/367/1924 198/364/1924
f 1278/2318/1925 2431/2317/1925 1472/367/1925
f 2431/2317/1926 512/1870/1926 1472/367/1926
f 2430/2315/1927 989/1890/1927 509/1889/1927
f 2430/2315/1928 919/2306/1928 989/1890/1928
f 919/2306/1929 199/352/1929 989/1890/1929
f 2428/2312/1930 2430/2315/1930 509/1889/1930
f 2428/2312/1931 2429/2314/1931 2430/2315/1931
f 2429/2314/1932 439/2304/1932 2430/2315/1932
f 1217/2313/1933 1469/362/1933 137/359/1933
f 1217/2313/1934 2428/2312/1934 1469/362/1934
f 2428/2312/1935 509/1889/1935 1469/362/1935
f 2427/2310/1936 986/1907/1936 506/1906/1936
f 2427/2310/1937 920/2309/1937 986/1907/1937
f 920/2309/1938 200/356/1938 986/1907/1938
f 2425/2305/1939 2427/2310/1939 506/1906/1939
f 2425/2305/1940 2426/2307/1940 2427/2310/1940
f 2426/2307/1941 440/2308/1941 2427/2310/1941
f 919/2306/1942 1466/355/1942 199/352/1942
f 919/2306/1943 2425/2305/1943 1466/355/1943
f 2425/2305/1944 506/1906/1944 1466/355/1944
f 2424/2303/1945 983/1924/1945 503/1923/1945
f 2424/2303/1946 1210/2239/1946 983/1924/1946
f 1210/2239/1947 130/285/1947 983/1924/1947
f 2422/2300/1948 2424/2303/1948 503/1923/1948
f 2422/2300/1949 2423/2302/1949 2424/2303/1949
f 2423/2302/1950 250/2237/1950 2424/2303/1950
f 1281/2301/1951 1463/350/1951 201/347/1951
f 1281/2301/1952 2422/2300/1952 1463/350/1952
f 2422/2300/1953 503/1923/1953 1463/350/1953
f 2421/2298/1954 980/1943/1954 500/1942/1954
f 2421/2298/1955 922/2289/1955 980/1943/1955
f 922/2289/1956 202/335/1956 980/1943/1956
f 2419/2295/1957 2421/2298/1957 500/1942/1957
f 2419/2295/1958 2420/2297/1958 2421/2298/1958
f 2420/2297/1959 442/2287/1959 2421/2298/1959
f 821/2296/1960 1460/345/1960 101/342/1960
f 821/2296/1961 2419/2295/1961 1460/345/1961
f 2419/2295/1962 500/1942/1962 1460/345/1962
f 2418/2293/1963 977/1962/1963 497/1961/1963
f 2418/2293/1964 923/2292/1964 977/1962/1964
f 923/2292/1965 203/339/1965 977/1962/1965
f 2416/2288/1966 2418/2293/1966 497/1961/1966
f 2416/2288/1967 2417/2290/1967 2418/2293/1967
f 2417/2290/1968 443/2291/1968 2418/2293/1968
f 922/2289/1969 1457/338/1969 202/335/1969
f 922/2289/1970 2416/2288/1970 1457/338/1970
f 2416/2288/1971 497/1961/1971 1457/338/1971
f 2415/2286/1972 974/1979/1972 494/1978/1972
f 2415/2286/1973 1214/2285/1973 974/1979/1973
f 1214/2285/1974 134/332/1974 974/1979/1974
f 2413/2281/1975 2415/2286/1975 494/1978/1975
f 2413/2281/1976 2414/2283/1976 2415/2286/1976
f 2414/2283/1977 254/2284/1977 2415/2286/1977
f 1284/2282/1978 1454/331/1978 204/328/1978
f 1284/2282/1979 2413/2281/1979 1454/331/1979
f 2413/2281/1980 494/1978/1980 1454/331/1980
f 2412/2279/1981 971/1998/1981 491/1997/1981
f 2412/2279/1982 925/2270/1982 971/1998/1982
f 925/2270/1983 205/316/1983 971/1998/1983
f 2410/2276/1984 2412/2279/1984 491/1997/1984
f 2410/2276/1985 2411/2278/1985 2412/2279/1985
f 2411/2278/1986 445/2268/1986 2412/2279/1986
f 1214/2277/1987 1451/326/1987 134/323/1987
f 1214/2277/1988 2410/2276/1988 1451/326/1988
f 2410/2276/1989 491/1997/1989 1451/326/1989
f 2409/2274/1990 968/2017/1990 488/2016/1990
f 2409/2274/1991 926/2273/1991 968/2017/1991
f 926/2273/1992 206/320/1992 968/2017/1992
f 2407/2269/1993 2409/2274/1993 488/2016/1993
f 2407/2269/1994 2408/2271/1994 2409/2274/1994
f 2408/2271/1995 446/2272/1995 2409/2274/1995
f 925/2270/1996 1448/319/1996 205/316/1996
f 925/2270/1997 2407/2269/1997 1448/319/1997
f 2407/2269/1998 488/2016/1998 1448/319/1998
f 2406/2267/1999 965/2034/1999 485/2033/1999
f 2406/2267/2000 1212/2266/2000 965/2034/2000
f 1212/2266/2001 132/313/2001 965/2034/2001
f 2404/2262/2002 2406/2267/2002 485/2033/2002
f 2404/2262/2003 2405/2264/2003 2406/2267/2003
f 2405/2264/2004 252/2265/2004 2406/2267/2004
f 1287/2263/2005 1445/312/2005 207/309/2005
f 1287/2263/2006 2404/2262/2006 1445/312/2006
f 2404/2262/2007 485/2033/2007 1445/312/2007
f 2403/2260/2008 962/2053/2008 482/2052/2008
f 2403/2260/2009 928/2251/2009 962/2053/2009
f 928/2251/2010 208/297/2010 962/2053/2010
f 2401/2257/2011 2403/2260/2011 482/2052/2011
f 2401/2257/2012 2402/2259/2012 2403/2260/2012
f 2402/2259/2013 448/2249/2013 2403/2260/2013
f 1212/2258/2014 1442/307/2014 132/304/2014
f 1212/2258/2015 2401/2257/2015 1442/307/2015
f 2401/2257/2016 482/2052/2016 1442/307/2016
f 2400/2255/2017 959/2072/2017 479/2071/2017
f 2400/2255/2018 929/2254/2018 959/2072/2018
f 929/2254/2019 209/301/2019 959/2072/2019
f 2398/2250/2020 2400/2255/2020 479/2071/2020
f 2398/2250/2021 2399/2252/2021 2400/2255/2021
f 2399/2252/2022 449/2253/2022 2400/2255/2022
f 928/2251/2023 1439/300/2023 208/297/2023
f 928/2251/2024 2398/2250/2024 1439/300/2024
f 2398/2250/2025 479/2071/2025 1439/300/2025
f 2397/2248/2026 956/2089/2026 476/2088/2026
f 2397/2248/2027 1207/2247/2027 956/2089/2027
f 1207/2247/2028 127/294/2028 956/2089/2028
f 2395/2243/2029 2397/2248/2029 476/2088/2029
f 2395/2243/2030 2396/2245/2030 2397/2248/2030
f 2396/2245/2031 247/2246/2031 2397/2248/2031
f 1290/2244/2032 1436/293/2032 210/290/2032
f 1290/2244/2033 2395/2243/2033 1436/293/2033
f 2395/2243/2034 476/2088/2034 1436/293/2034
f 2394/2241/2035 953/2108/2035 473/2107/2035
f 2394/2241/2036 931/2232/2036 953/2108/2036
f 931/2232/2037 211/278/2037 953/2108/2037
f 2392/2238/2038 2394/2241/2038 473/2107/2038
f 2392/2238/2039 2393/2240/2039 2394/2241/2039
f 2393/2240/2040 451/2230/2040 2394/2241/2040
f 1210/2239/2041 1433/288/2041 130/285/2041
f 1210/2239/2042 2392/2238/2042 1433/288/2042
f 2392/2238/2043 473/2107/2043 1433/288/2043
f 2391/2236/2044 950/2125/2044 470/2124/2044
f 2391/2236/2045 932/2235/2045 950/2125/2045
f 932/2235/2046 212/282/2046 950/2125/2046
f 2389/2231/2047 2391/2236/2047 470/2124/2047
f 2389/2231/2048 2390/2233/2048 2391/2236/2048
f 2390/2233/2049 452/2234/2049 2391/2236/2049
f 931/2232/2050 1430/281/2050 211/278/2050
f 931/2232/2051 2389/2231/2051 1430/281/2051
f 2389/2231/2052 470/2124/2052 1430/281/2052
f 2388/2229/2053 947/2142/2053 467/2141/2053
f 2388/2229/2054 1208/2228/2054 947/2142/2054
f 1208/2228/2055 128/275/2055 947/2142/2055
f 2386/2224/2056 2388/2229/2056 467/2141/2056
f 2386/2224/2057 2387/2226/2057 2388/2229/2057
f 2387/2226/2058 248/2227/2058 2388/2229/2058
f 1293/2225/2059 1427/274/2059 213/271/2059
f 1293/2225/2060 2386/2224/2060 1427/274/2060
f 2386/2224/2061 467/2141/2061 1427/274/2061
f 2385/2222/2062 944/2161/2062 464/2160/2062
f 2385/2222/2063 934/2213/2063 944/2161/2063
f 934/2213/2064 214/259/2064 944/2161/2064
f 2383/2219/2065 2385/2222/2065 464/2160/2065
f 2383/2219/2066 2384/2221/2066 2385/2222/2066
f 2384/2221/2067 454/2211/2067 2385/2222/2067
f 1207/2220/2068 1424/269/2068 127/266/2068
f 1207/2220/2069 2383/2219/2069 1424/269/2069
f 2383/2219/2070 464/2160/2070 1424/269/2070
f 2382/2217/2071 941/2180/2071 461/2179/2071
f 2382/2217/2072 935/2216/2072 941/2180/2072
f 935/2216/2073 215/263/2073 941/2180/2073
f 2380/2212/2074 2382/2217/2074 461/2179/2074
f 2380/2212/2075 2381/2214/2075 2382/2217/2075
f 2381/2214/2076 455/2215/2076 2382/2217/2076
f 934/2213/2077 1421/262/2077 214/259/2077
f 934/2213/2078 2380/2212/2078 1421/262/2078
f 2380/2212/2079 461/2179/2079 1421/262/2079
f 2379/2210/2080 938/2197/2080 458/2196/2080
f 2379/2210/2081 818/2209/2081 938/2197/2081
f 818/2209/2082 98/256/2082 938/2197/2082
f 2377/2205/2083 2379/2210/2083 458/2196/2083
f 2377/2205/2084 2378/2207/2084 2379/2210/2084
f 2378/2207/2085 338/2208/2085 2379/2210/2085
f 1296/2206/2086 1418/255/2086 216/252/2086
f 1296/2206/2087 2377/2205/2087 1418/255/2087
f 2377/2205/2088 458/2196/2088 1418/255/2088
f 2376/2203/2089 1209/2321/2089 249/2320/2089
f 2376/2203/2090 937/2194/2090 1209/2321/2090
f 937/2194/2091 129/368/2091 1209/2321/2091
f 2374/2200/2092 2376/2203/2092 249/2320/2092
f 2374/2200/2093 2375/2202/2093 2376/2203/2093
f 2375/2202/2094 457/2192/2094 2376/2203/2094
f 1416/2201/2095 729/212/2095 69/211/2095
f 1416/2201/2096 2374/2200/2096 729/212/2096
f 2374/2200/2097 249/2320/2097 729/212/2097
f 2373/2198/2098 939/258/2098 459/2185/2098
f 2373/2198/2099 938/2197/2099 939/258/2099
f 938/2197/2100 98/256/2100 939/258/2100
f 2371/2193/2101 2373/2198/2101 459/2185/2101
f 2371/2193/2102 2372/2195/2102 2373/2198/2102
f 2372/2195/2103 458/2196/2103 2373/2198/2103
f 937/2194/2104 1419/2187/2104 129/368/2104
f 937/2194/2105 2371/2193/2105 1419/2187/2105
f 2371/2193/2106 459/2185/2106 1419/2187/2106
f 2370/2191/2107 1329/1864/2107 369/1863/2107
f 2370/2191/2108 698/2190/2108 1329/1864/2108
f 698/2190/2109 56/79/2109 1329/1864/2109
f 2368/2186/2110 2370/2191/2110 369/1863/2110
f 2368/2186/2111 2369/2188/2111 2370/2191/2111
f 2369/2188/2112 218/2189/2112 2370/2191/2112
f 1419/2187/2113 849/369/2113 129/368/2113
f 1419/2187/2114 2368/2186/2114 849/369/2114
f 2368/2186/2115 369/1863/2115 849/369/2115
f 2367/2184/2116 936/254/2116 456/2199/2116
f 2367/2184/2117 940/2177/2117 936/254/2117
f 940/2177/2118 216/252/2118 936/254/2118
f 2365/2182/2119 2367/2184/2119 456/2199/2119
f 2365/2182/2120 2366/2183/2120 2367/2184/2120
f 2366/2183/2121 460/2175/2121 2367/2184/2121
f 814/2154/2122 1416/2201/2122 69/211/2122
f 814/2154/2123 2365/2182/2123 1416/2201/2123
f 2365/2182/2124 456/2199/2124 1416/2201/2124
f 2364/2181/2125 942/265/2125 462/2168/2125
f 2364/2181/2126 941/2180/2126 942/265/2126
f 941/2180/2127 215/263/2127 942/265/2127
f 2362/2176/2128 2364/2181/2128 462/2168/2128
f 2362/2176/2129 2363/2178/2129 2364/2181/2129
f 2363/2178/2130 461/2179/2130 2364/2181/2130
f 940/2177/2131 1422/2170/2131 216/252/2131
f 940/2177/2132 2362/2176/2132 1422/2170/2132
f 2362/2176/2133 462/2168/2133 1422/2170/2133
f 2361/2174/2134 816/251/2134 336/2204/2134
f 2361/2174/2135 815/2173/2135 816/251/2135
f 815/2173/2136 68/249/2136 816/251/2136
f 2359/2169/2137 2361/2174/2137 336/2204/2137
f 2359/2169/2138 2360/2171/2138 2361/2174/2138
f 2360/2171/2139 335/2172/2139 2361/2174/2139
f 1422/2170/2140 1296/2206/2140 216/252/2140
f 1422/2170/2141 2359/2169/2141 1296/2206/2141
f 2359/2169/2142 336/2204/2142 1296/2206/2142
f 2358/2167/2143 1179/2660/2143 219/2659/2143
f 2358/2167/2144 943/2158/2144 1179/2660/2144
f 943/2158/2145 99/707/2145 1179/2660/2145
f 2356/2164/2146 2358/2167/2146 219/2659/2146
f 2356/2164/2147 2357/2166/2147 2358/2167/2147
f 2357/2166/2148 463/2156/2148 2358/2167/2148
f 1327/2165/2149 699/93/2149 57/92/2149
f 1327/2165/2150 2356/2164/2150 699/93/2150
f 2356/2164/2151 219/2659/2151 699/93/2151
f 2355/2162/2152 945/270/2152 465/2149/2152
f 2355/2162/2153 944/2161/2153 945/270/2153
f 944/2161/2154 214/259/2154 945/270/2154
f 2353/2157/2155 2355/2162/2155 465/2149/2155
f 2353/2157/2156 2354/2159/2156 2355/2162/2156
f 2354/2159/2157 464/2160/2157 2355/2162/2157
f 943/2158/2158 1425/2151/2158 99/707/2158
f 943/2158/2159 2353/2157/2159 1425/2151/2159
f 2353/2157/2160 465/2149/2160 1425/2151/2160
f 2352/2155/2161 1299/865/2161 339/864/2161
f 2352/2155/2162 814/2154/2162 1299/865/2162
f 814/2154/2163 69/211/2163 1299/865/2163
f 2350/2150/2164 2352/2155/2164 339/864/2164
f 2350/2150/2165 2351/2152/2165 2352/2155/2165
f 2351/2152/2166 334/2153/2166 2352/2155/2166
f 1425/2151/2167 819/708/2167 99/707/2167
f 1425/2151/2168 2350/2150/2168 819/708/2168
f 2350/2150/2169 339/864/2169 819/708/2169
f 2349/2148/2170 1211/2700/2170 251/2701/2170
f 2349/2148/2171 946/2139/2171 1211/2700/2171
f 946/2139/2172 131/2702/2172 1211/2700/2172
f 2347/2145/2173 2349/2148/2173 251/2701/2173
f 2347/2145/2174 2348/2147/2174 2349/2148/2174
f 2348/2147/2175 466/2137/2175 2349/2148/2175
f 1413/2146/2176 731/2703/2176 71/2704/2176
f 1413/2146/2177 2347/2145/2177 731/2703/2177
f 2347/2145/2178 251/2701/2178 731/2703/2178
f 2346/2143/2179 948/277/2179 468/2130/2179
f 2346/2143/2180 947/2142/2180 948/277/2180
f 947/2142/2181 128/275/2181 948/277/2181
f 2344/2138/2182 2346/2143/2182 468/2130/2182
f 2344/2138/2183 2345/2140/2183 2346/2143/2183
f 2345/2140/2184 467/2141/2184 2346/2143/2184
f 946/2139/2185 1428/2132/2185 131/2702/2185
f 946/2139/2186 2344/2138/2186 1428/2132/2186
f 2344/2138/2187 468/2130/2187 1428/2132/2187
f 2343/2136/2188 1331/2705/2188 371/2706/2188
f 2343/2136/2189 1328/2135/2189 1331/2705/2189
f 1328/2135/2190 55/2707/2190 1331/2705/2190
f 2341/2131/2191 2343/2136/2191 371/2706/2191
f 2341/2131/2192 2342/2133/2192 2343/2136/2192
f 2342/2133/2193 368/2134/2193 2343/2136/2193
f 1428/2132/2194 851/2708/2194 131/2702/2194
f 1428/2132/2195 2341/2131/2195 851/2708/2195
f 2341/2131/2196 371/2706/2196 851/2708/2196
f 2340/2129/2197 933/273/2197 453/2144/2197
f 2340/2129/2198 949/2122/2198 933/273/2198
f 949/2122/2199 213/271/2199 933/273/2199
f 2338/2127/2200 2340/2129/2200 453/2144/2200
f 2338/2127/2201 2339/2128/2201 2340/2129/2201
f 2339/2128/2202 469/2120/2202 2340/2129/2202
f 811/2101/2203 1413/2146/2203 71/2704/2203
f 811/2101/2204 2338/2127/2204 1413/2146/2204
f 2338/2127/2205 453/2144/2205 1413/2146/2205
f 2337/2126/2206 951/284/2206 471/2113/2206
f 2337/2126/2207 950/2125/2207 951/284/2207
f 950/2125/2208 212/282/2208 951/284/2208
f 2335/2121/2209 2337/2126/2209 471/2113/2209
f 2335/2121/2210 2336/2123/2210 2337/2126/2210
f 2336/2123/2211 470/2124/2211 2337/2126/2211
f 949/2122/2212 1431/2115/2212 213/271/2212
f 949/2122/2213 2335/2121/2213 1431/2115/2213
f 2335/2121/2214 471/2113/2214 1431/2115/2214
f 2334/2119/2215 813/244/2215 333/2223/2215
f 2334/2119/2216 812/2118/2216 813/244/2216
f 812/2118/2217 68/242/2217 813/244/2217
f 2332/2114/2218 2334/2119/2218 333/2223/2218
f 2332/2114/2219 2333/2116/2219 2334/2119/2219
f 2333/2116/2220 332/2117/2220 2334/2119/2220
f 1431/2115/2221 1293/2225/2221 213/271/2221
f 1431/2115/2222 2332/2114/2222 1293/2225/2222
f 2332/2114/2223 333/2223/2223 1293/2225/2223
f 2331/2112/2224 1181/2709/2224 221/2710/2224
f 2331/2112/2225 952/2105/2225 1181/2709/2225
f 952/2105/2226 101/2711/2226 1181/2709/2226
f 2329/2110/2227 2331/2112/2227 221/2710/2227
f 2329/2110/2228 2330/2111/2228 2331/2112/2228
f 2330/2111/2229 472/2103/2229 2331/2112/2229
f 1330/1917/2230 701/2712/2230 60/101/2230
f 1330/1917/2231 2329/2110/2231 701/2712/2231
f 2329/2110/2232 221/2710/2232 701/2712/2232
f 2328/2109/2233 954/289/2233 474/2096/2233
f 2328/2109/2234 953/2108/2234 954/289/2234
f 953/2108/2235 211/278/2235 954/289/2235
f 2326/2104/2236 2328/2109/2236 474/2096/2236
f 2326/2104/2237 2327/2106/2237 2328/2109/2237
f 2327/2106/2238 473/2107/2238 2328/2109/2238
f 952/2105/2239 1434/2098/2239 101/2711/2239
f 952/2105/2240 2326/2104/2240 1434/2098/2240
f 2326/2104/2241 474/2096/2241 1434/2098/2241
f 2325/2102/2242 1301/2713/2242 341/2714/2242
f 2325/2102/2243 811/2101/2243 1301/2713/2243
f 811/2101/2244 71/2704/2244 1301/2713/2244
f 2323/2097/2245 2325/2102/2245 341/2714/2245
f 2323/2097/2246 2324/2099/2246 2325/2102/2246
f 2324/2099/2247 331/2100/2247 2325/2102/2247
f 1434/2098/2248 821/2715/2248 101/2711/2248
f 1434/2098/2249 2323/2097/2249 821/2715/2249
f 2323/2097/2250 341/2714/2250 821/2715/2250
f 2322/2095/2251 1213/2340/2251 253/2339/2251
f 2322/2095/2252 955/2086/2252 1213/2340/2252
f 955/2086/2253 133/387/2253 1213/2340/2253
f 2320/2092/2254 2322/2095/2254 253/2339/2254
f 2320/2092/2255 2321/2094/2255 2322/2095/2255
f 2321/2094/2256 475/2084/2256 2322/2095/2256
f 1410/2093/2257 733/207/2257 73/206/2257
f 1410/2093/2258 2320/2092/2258 733/207/2258
f 2320/2092/2259 253/2339/2259 733/207/2259
f 2319/2090/2260 957/296/2260 477/2077/2260
f 2319/2090/2261 956/2089/2261 957/296/2261
f 956/2089/2262 127/294/2262 957/296/2262
f 2317/2085/2263 2319/2090/2263 477/2077/2263
f 2317/2085/2264 2318/2087/2264 2319/2090/2264
f 2318/2087/2265 476/2088/2265 2319/2090/2265
f 955/2086/2266 1437/2079/2266 133/387/2266
f 955/2086/2267 2317/2085/2267 1437/2079/2267
f 2317/2085/2268 477/2077/2268 1437/2079/2268
f 2316/2083/2269 1333/1811/2269 373/1810/2269
f 2316/2083/2270 1327/2082/2270 1333/1811/2270
f 1327/2082/2271 57/2716/2271 1333/1811/2271
f 2314/2078/2272 2316/2083/2272 373/1810/2272
f 2314/2078/2273 2315/2080/2273 2316/2083/2273
f 2315/2080/2274 367/2081/2274 2316/2083/2274
f 1437/2079/2275 853/388/2275 133/387/2275
f 1437/2079/2276 2314/2078/2276 853/388/2276
f 2314/2078/2277 373/1810/2277 853/388/2277
f 2313/2076/2278 930/292/2278 450/2091/2278
f 2313/2076/2279 958/2069/2279 930/292/2279
f 958/2069/2280 210/290/2280 930/292/2280
f 2311/2074/2281 2313/2076/2281 450/2091/2281
f 2311/2074/2282 2312/2075/2282 2313/2076/2282
f 2312/2075/2283 478/2067/2283 2313/2076/2283
f 808/2046/2284 1410/2093/2284 73/206/2284
f 808/2046/2285 2311/2074/2285 1410/2093/2285
f 2311/2074/2286 450/2091/2286 1410/2093/2286
f 2310/2073/2287 960/303/2287 480/2060/2287
f 2310/2073/2288 959/2072/2288 960/303/2288
f 959/2072/2289 209/301/2289 960/303/2289
f 2308/2068/2290 2310/2073/2290 480/2060/2290
f 2308/2068/2291 2309/2070/2291 2310/2073/2291
f 2309/2070/2292 479/2071/2292 2310/2073/2292
f 958/2069/2293 1440/2062/2293 210/290/2293
f 958/2069/2294 2308/2068/2294 1440/2062/2294
f 2308/2068/2295 480/2060/2295 1440/2062/2295
f 2307/2066/2296 810/239/2296 330/2242/2296
f 2307/2066/2297 809/2065/2297 810/239/2297
f 809/2065/2298 67/237/2298 810/239/2298
f 2305/2061/2299 2307/2066/2299 330/2242/2299
f 2305/2061/2300 2306/2063/2300 2307/2066/2300
f 2306/2063/2301 329/2064/2301 2307/2066/2301
f 1440/2062/2302 1290/2244/2302 210/290/2302
f 1440/2062/2303 2305/2061/2303 1290/2244/2303
f 2305/2061/2304 330/2242/2304 1290/2244/2304
f 2304/2059/2305 1183/2655/2305 223/2654/2305
f 2304/2059/2306 961/2050/2306 1183/2655/2306
f 961/2050/2307 103/702/2307 1183/2655/2307
f 2302/2056/2308 2304/2059/2308 223/2654/2308
f 2302/2056/2309 2303/2058/2309 2304/2059/2309
f 2303/2058/2310 481/2048/2310 2304/2059/2310
f 1332/2057/2311 703/96/2311 58/95/2311
f 1332/2057/2312 2302/2056/2312 703/96/2312
f 2302/2056/2313 223/2654/2313 703/96/2313
f 2301/2054/2314 963/308/2314 483/2041/2314
f 2301/2054/2315 962/2053/2315 963/308/2315
f 962/2053/2316 208/297/2316 963/308/2316
f 2299/2049/2317 2301/2054/2317 483/2041/2317
f 2299/2049/2318 2300/2051/2318 2301/2054/2318
f 2300/2051/2319 482/2052/2319 2301/2054/2319
f 961/2050/2320 1443/2043/2320 103/702/2320
f 961/2050/2321 2299/2049/2321 1443/2043/2321
f 2299/2049/2322 483/2041/2322 1443/2043/2322
f 2298/2047/2323 1303/884/2323 343/883/2323
f 2298/2047/2324 808/2046/2324 1303/884/2324
f 808/2046/2325 73/206/2325 1303/884/2325
f 2296/2042/2326 2298/2047/2326 343/883/2326
f 2296/2042/2327 2297/2044/2327 2298/2047/2327
f 2297/2044/2328 328/2045/2328 2298/2047/2328
f 1443/2043/2329 823/703/2329 103/702/2329
f 1443/2043/2330 2296/2042/2330 823/703/2330
f 2296/2042/2331 343/883/2331 823/703/2331
f 2295/2040/2332 1215/2359/2332 255/2358/2332
f 2295/2040/2333 964/2031/2333 1215/2359/2333
f 964/2031/2334 135/406/2334 1215/2359/2334
f 2293/2037/2335 2295/2040/2335 255/2358/2335
f 2293/2037/2336 2294/2039/2336 2295/2040/2336
f 2294/2039/2337 484/2029/2337 2295/2040/2337
f 1407/2038/2338 735/202/2338 75/201/2338
f 1407/2038/2339 2293/2037/2339 735/202/2339
f 2293/2037/2340 255/2358/2340 735/202/2340
f 2292/2035/2341 966/315/2341 486/2022/2341
f 2292/2035/2342 965/2034/2342 966/315/2342
f 965/2034/2343 132/313/2343 966/315/2343
f 2290/2030/2344 2292/2035/2344 486/2022/2344
f 2290/2030/2345 2291/2032/2345 2292/2035/2345
f 2291/2032/2346 485/2033/2346 2292/2035/2346
f 964/2031/2347 1446/2024/2347 135/406/2347
f 964/2031/2348 2290/2030/2348 1446/2024/2348
f 2290/2030/2349 486/2022/2349 1446/2024/2349
f 2289/2028/2350 1335/1758/2350 375/1757/2350
f 2289/2028/2351 1332/2027/2351 1335/1758/2351
f 1332/2027/2352 58/95/2352 1335/1758/2352
f 2287/2023/2353 2289/2028/2353 375/1757/2353
f 2287/2023/2354 2288/2025/2354 2289/2028/2354
f 2288/2025/2355 372/2026/2355 2289/2028/2355
f 1446/2024/2356 855/407/2356 135/406/2356
f 1446/2024/2357 2287/2023/2357 855/407/2357
f 2287/2023/2358 375/1757/2358 855/407/2358
f 2286/2021/2359 927/311/2359 447/2036/2359
f 2286/2021/2360 967/2014/2360 927/311/2360
f 967/2014/2361 207/309/2361 927/311/2361
f 2284/2019/2362 2286/2021/2362 447/2036/2362
f 2284/2019/2363 2285/2020/2363 2286/2021/2363
f 2285/2020/2364 487/2012/2364 2286/2021/2364
f 805/1991/2365 1407/2038/2365 75/201/2365
f 805/1991/2366 2284/2019/2366 1407/2038/2366
f 2284/2019/2367 447/2036/2367 1407/2038/2367
f 2283/2018/2368 969/322/2368 489/2005/2368
f 2283/2018/2369 968/2017/2369 969/322/2369
f 968/2017/2370 206/320/2370 969/322/2370
f 2281/2013/2371 2283/2018/2371 489/2005/2371
f 2281/2013/2372 2282/2015/2372 2283/2018/2372
f 2282/2015/2373 488/2016/2373 2283/2018/2373
f 967/2014/2374 1449/2007/2374 207/309/2374
f 967/2014/2375 2281/2013/2375 1449/2007/2375
f 2281/2013/2376 489/2005/2376 1449/2007/2376
f 2280/2011/2377 807/232/2377 327/2261/2377
f 2280/2011/2378 806/2010/2378 807/232/2378
f 806/2010/2379 72/230/2379 807/232/2379
f 2278/2006/2380 2280/2011/2380 327/2261/2380
f 2278/2006/2381 2279/2008/2381 2280/2011/2381
f 2279/2008/2382 326/2009/2382 2280/2011/2382
f 1449/2007/2383 1287/2263/2383 207/309/2383
f 1449/2007/2384 2278/2006/2384 1287/2263/2384
f 2278/2006/2385 327/2261/2385 1287/2263/2385
f 2277/2004/2386 1185/2650/2386 225/2649/2386
f 2277/2004/2387 970/1995/2387 1185/2650/2387
f 970/1995/2388 105/697/2388 1185/2650/2388
f 2275/2001/2389 2277/2004/2389 225/2649/2389
f 2275/2001/2390 2276/2003/2390 2277/2004/2390
f 2276/2003/2391 490/1993/2391 2277/2004/2391
f 1334/2002/2392 705/99/2392 59/98/2392
f 1334/2002/2393 2275/2001/2393 705/99/2393
f 2275/2001/2394 225/2649/2394 705/99/2394
f 2274/1999/2395 972/327/2395 492/1986/2395
f 2274/1999/2396 971/1998/2396 972/327/2396
f 971/1998/2397 205/316/2397 972/327/2397
f 2272/1994/2398 2274/1999/2398 492/1986/2398
f 2272/1994/2399 2273/1996/2399 2274/1999/2399
f 2273/1996/2400 491/1997/2400 2274/1999/2400
f 970/1995/2401 1452/1988/2401 105/697/2401
f 970/1995/2402 2272/1994/2402 1452/1988/2402
f 2272/1994/2403 492/1986/2403 1452/1988/2403
f 2271/1992/2404 1305/903/2404 345/902/2404
f 2271/1992/2405 805/1991/2405 1305/903/2405
f 805/1991/2406 75/201/2406 1305/903/2406
f 2269/1987/2407 2271/1992/2407 345/902/2407
f 2269/1987/2408 2270/1989/2408 2271/1992/2408
f 2270/1989/2409 325/1990/2409 2271/1992/2409
f 1452/1988/2410 825/698/2410 105/697/2410
f 1452/1988/2411 2269/1987/2411 825/698/2411
f 2269/1987/2412 345/902/2412 825/698/2412
f 2268/1985/2413 1216/2378/2413 256/2377/2413
f 2268/1985/2414 973/1976/2414 1216/2378/2414
f 973/1976/2415 136/425/2415 1216/2378/2415
f 2266/1982/2416 2268/1985/2416 256/2377/2416
f 2266/1982/2417 2267/1984/2417 2268/1985/2417
f 2267/1984/2418 493/1974/2418 2268/1985/2418
f 1404/1983/2419 736/197/2419 76/196/2419
f 1404/1983/2420 2266/1982/2420 736/197/2420
f 2266/1982/2421 256/2377/2421 736/197/2421
f 2265/1980/2422 975/334/2422 495/1967/2422
f 2265/1980/2423 974/1979/2423 975/334/2423
f 974/1979/2424 134/332/2424 975/334/2424
f 2263/1975/2425 2265/1980/2425 495/1967/2425
f 2263/1975/2426 2264/1977/2426 2265/1980/2426
f 2264/1977/2427 494/1978/2427 2265/1980/2427
f 973/1976/2428 1455/1969/2428 136/425/2428
f 973/1976/2429 2263/1975/2429 1455/1969/2429
f 2263/1975/2430 495/1967/2430 1455/1969/2430
f 2262/1973/2431 1336/1705/2431 376/1704/2431
f 2262/1973/2432 1334/1972/2432 1336/1705/2432
f 1334/1972/2433 59/98/2433 1336/1705/2433
f 2260/1968/2434 2262/1973/2434 376/1704/2434
f 2260/1968/2435 2261/1970/2435 2262/1973/2435
f 2261/1970/2436 374/1971/2436 2262/1973/2436
f 1455/1969/2437 856/426/2437 136/425/2437
f 1455/1969/2438 2260/1968/2438 856/426/2438
f 2260/1968/2439 376/1704/2439 856/426/2439
f 2259/1966/2440 924/330/2440 444/1981/2440
f 2259/1966/2441 976/1959/2441 924/330/2441
f 976/1959/2442 204/328/2442 924/330/2442
f 2257/1964/2443 2259/1966/2443 444/1981/2443
f 2257/1964/2444 2258/1965/2444 2259/1966/2444
f 2258/1965/2445 496/1957/2445 2259/1966/2445
f 802/1936/2446 1404/1983/2446 76/196/2446
f 802/1936/2447 2257/1964/2447 1404/1983/2447
f 2257/1964/2448 444/1981/2448 1404/1983/2448
f 2256/1963/2449 978/341/2449 498/1950/2449
f 2256/1963/2450 977/1962/2450 978/341/2450
f 977/1962/2451 203/339/2451 978/341/2451
f 2254/1958/2452 2256/1963/2452 498/1950/2452
f 2254/1958/2453 2255/1960/2453 2256/1963/2453
f 2255/1960/2454 497/1961/2454 2256/1963/2454
f 976/1959/2455 1458/1952/2455 204/328/2455
f 976/1959/2456 2254/1958/2456 1458/1952/2456
f 2254/1958/2457 498/1950/2457 1458/1952/2457
f 2253/1956/2458 804/225/2458 324/2280/2458
f 2253/1956/2459 803/1955/2459 804/225/2459
f 803/1955/2460 74/223/2460 804/225/2460
f 2251/1951/2461 2253/1956/2461 324/2280/2461
f 2251/1951/2462 2252/1953/2462 2253/1956/2462
f 2252/1953/2463 323/1954/2463 2253/1956/2463
f 1458/1952/2464 1284/2282/2464 204/328/2464
f 1458/1952/2465 2251/1951/2465 1284/2282/2465
f 2251/1951/2466 324/2280/2466 1284/2282/2466
f 2250/1949/2467 1186/2645/2467 226/2644/2467
f 2250/1949/2468 979/1940/2468 1186/2645/2468
f 979/1940/2469 106/692/2469 1186/2645/2469
f 2248/1946/2470 2250/1949/2470 226/2644/2470
f 2248/1946/2471 2249/1948/2471 2250/1949/2471
f 2249/1948/2472 499/1938/2472 2250/1949/2472
f 701/1947/2473 706/102/2473 60/101/2473
f 701/1947/2474 2248/1946/2474 706/102/2474
f 2248/1946/2475 226/2644/2475 706/102/2475
f 2247/1944/2476 981/346/2476 501/1931/2476
f 2247/1944/2477 980/1943/2477 981/346/2477
f 980/1943/2478 202/335/2478 981/346/2478
f 2245/1939/2479 2247/1944/2479 501/1931/2479
f 2245/1939/2480 2246/1941/2480 2247/1944/2480
f 2246/1941/2481 500/1942/2481 2247/1944/2481
f 979/1940/2482 1461/1933/2482 106/692/2482
f 979/1940/2483 2245/1939/2483 1461/1933/2483
f 2245/1939/2484 501/1931/2484 1461/1933/2484
f 2244/1937/2485 1306/922/2485 346/921/2485
f 2244/1937/2486 802/1936/2486 1306/922/2486
f 802/1936/2487 76/196/2487 1306/922/2487
f 2242/1932/2488 2244/1937/2488 346/921/2488
f 2242/1932/2489 2243/1934/2489 2244/1937/2489
f 2243/1934/2490 322/1935/2490 2244/1937/2490
f 1461/1933/2491 826/693/2491 106/692/2491
f 1461/1933/2492 2242/1932/2492 826/693/2492
f 2242/1932/2493 346/921/2493 826/693/2493
f 2241/1930/2494 1218/657/2494 258/1016/2494
f 2241/1930/2495 982/1921/2495 1218/657/2495
f 982/1921/2496 138/655/2496 1218/657/2496
f 2239/1927/2497 2241/1930/2497 258/1016/2497
f 2239/1927/2498 2240/1929/2498 2241/1930/2498
f 2240/1929/2499 502/1919/2499 2241/1930/2499
f 1401/1928/2500 738/1018/2500 78/159/2500
f 1401/1928/2501 2239/1927/2501 738/1018/2501
f 2239/1927/2502 258/1016/2502 738/1018/2502
f 2238/1925/2503 984/351/2503 504/1912/2503
f 2238/1925/2504 983/1924/2504 984/351/2504
f 983/1924/2505 130/285/2505 984/351/2505
f 2236/1920/2506 2238/1925/2506 504/1912/2506
f 2236/1920/2507 2237/1922/2507 2238/1925/2507
f 2237/1922/2508 503/1923/2508 2238/1925/2508
f 982/1921/2509 1464/1914/2509 138/655/2509
f 982/1921/2510 2236/1920/2510 1464/1914/2510
f 2236/1920/2511 504/1912/2511 1464/1914/2511
f 2235/1918/2512 1338/108/2512 378/2607/2512
f 2235/1918/2513 1330/1917/2513 1338/108/2513
f 1330/1917/2514 60/101/2514 1338/108/2514
f 2233/1913/2515 2235/1918/2515 378/2607/2515
f 2233/1913/2516 2234/1915/2516 2235/1918/2516
f 2234/1915/2517 370/1916/2517 2235/1918/2517
f 1464/1914/2518 858/2609/2518 138/655/2518
f 1464/1914/2519 2233/1913/2519 858/2609/2519
f 2233/1913/2520 378/2607/2520 858/2609/2520
f 2232/1911/2521 921/349/2521 441/1926/2521
f 2232/1911/2522 985/1904/2522 921/349/2522
f 985/1904/2523 201/347/2523 921/349/2523
f 2230/1909/2524 2232/1911/2524 441/1926/2524
f 2230/1909/2525 2231/1910/2525 2232/1911/2525
f 2231/1910/2526 505/1902/2526 2232/1911/2526
f 799/1883/2527 1401/1928/2527 78/159/2527
f 799/1883/2528 2230/1909/2528 1401/1928/2528
f 2230/1909/2529 441/1926/2529 1401/1928/2529
f 2229/1908/2530 987/358/2530 507/1895/2530
f 2229/1908/2531 986/1907/2531 987/358/2531
f 986/1907/2532 200/356/2532 987/358/2532
f 2227/1903/2533 2229/1908/2533 507/1895/2533
f 2227/1903/2534 2228/1905/2534 2229/1908/2534
f 2228/1905/2535 506/1906/2535 2229/1908/2535
f 985/1904/2536 1467/1897/2536 201/347/2536
f 985/1904/2537 2227/1903/2537 1467/1897/2537
f 2227/1903/2538 507/1895/2538 1467/1897/2538
f 2226/1901/2539 801/218/2539 321/2299/2539
f 2226/1901/2540 800/1900/2540 801/218/2540
f 800/1900/2541 70/216/2541 801/218/2541
f 2224/1896/2542 2226/1901/2542 321/2299/2542
f 2224/1896/2543 2225/1898/2543 2226/1901/2543
f 2225/1898/2544 320/1899/2544 2226/1901/2544
f 1467/1897/2545 1281/2301/2545 201/347/2545
f 1467/1897/2546 2224/1896/2546 1281/2301/2546
f 2224/1896/2547 321/2299/2547 1281/2301/2547
f 2223/1894/2548 1188/522/2548 228/1405/2548
f 2223/1894/2549 988/1887/2549 1188/522/2549
f 988/1887/2550 108/520/2550 1188/522/2550
f 2221/1892/2551 2223/1894/2551 228/1405/2551
f 2221/1892/2552 2222/1893/2552 2223/1894/2552
f 2222/1893/2553 508/1885/2553 2223/1894/2553
f 1337/1652/2554 708/1407/2554 65/121/2554
f 1337/1652/2555 2221/1892/2555 708/1407/2555
f 2221/1892/2556 228/1405/2556 708/1407/2556
f 2220/1891/2557 990/363/2557 510/1878/2557
f 2220/1891/2558 989/1890/2558 990/363/2558
f 989/1890/2559 199/352/2559 990/363/2559
f 2218/1886/2560 2220/1891/2560 510/1878/2560
f 2218/1886/2561 2219/1888/2561 2220/1891/2561
f 2219/1888/2562 509/1889/2562 2220/1891/2562
f 988/1887/2563 1470/1880/2563 108/520/2563
f 988/1887/2564 2218/1886/2564 1470/1880/2564
f 2218/1886/2565 510/1878/2565 1470/1880/2565
f 2217/1884/2566 1308/161/2566 348/2472/2566
f 2217/1884/2567 799/1883/2567 1308/161/2567
f 799/1883/2568 78/159/2568 1308/161/2568
f 2215/1879/2569 2217/1884/2569 348/2472/2569
f 2215/1879/2570 2216/1881/2570 2217/1884/2570
f 2216/1881/2571 319/1882/2571 2217/1884/2571
f 1470/1880/2572 828/2474/2572 108/520/2572
f 1470/1880/2573 2215/1879/2573 828/2474/2573
f 2215/1879/2574 348/2472/2574 828/2474/2574
f 2214/1877/2575 1220/685/2575 260/948/2575
f 2214/1877/2576 991/1868/2576 1220/685/2576
f 991/1868/2577 140/683/2577 1220/685/2577
f 2212/1874/2578 2214/1877/2578 260/948/2578
f 2212/1874/2579 2213/1876/2579 2214/1877/2579
f 2213/1876/2580 511/1866/2580 2214/1877/2580
f 1398/1875/2581 740/950/2581 80/187/2581
f 1398/1875/2582 2212/1874/2582 740/950/2582
f 2212/1874/2583 260/948/2583 740/950/2583
f 2211/1872/2584 993/370/2584 513/1859/2584
f 2211/1872/2585 992/1871/2585 993/370/2585
f 992/1871/2586 129/368/2586 993/370/2586
f 2209/1867/2587 2211/1872/2587 513/1859/2587
f 2209/1867/2588 2210/1869/2588 2211/1872/2588
f 2210/1869/2589 512/1870/2589 2211/1872/2589
f 991/1868/2590 1473/1861/2590 140/683/2590
f 991/1868/2591 2209/1867/2591 1473/1861/2591
f 2209/1867/2592 513/1859/2592 1473/1861/2592
f 2208/1865/2593 1340/104/2593 380/2635/2593
f 2208/1865/2594 1329/1864/2594 1340/104/2594
f 1329/1864/2595 56/79/2595 1340/104/2595
f 2206/1860/2596 2208/1865/2596 380/2635/2596
f 2206/1860/2597 2207/1862/2597 2208/1865/2597
f 2207/1862/2598 369/1863/2598 2208/1865/2598
f 1473/1861/2599 860/2637/2599 140/683/2599
f 1473/1861/2600 2206/1860/2600 860/2637/2600
f 2206/1860/2601 380/2635/2601 860/2637/2601
f 2205/1858/2602 918/366/2602 438/1873/2602
f 2205/1858/2603 994/1851/2603 918/366/2603
f 994/1851/2604 198/364/2604 918/366/2604
f 2203/1856/2605 2205/1858/2605 438/1873/2605
f 2203/1856/2606 2204/1857/2606 2205/1858/2606
f 2204/1857/2607 514/1849/2607 2205/1858/2607
f 796/1830/2608 1398/1875/2608 80/187/2608
f 796/1830/2609 2203/1856/2609 1398/1875/2609
f 2203/1856/2610 438/1873/2610 1398/1875/2610
f 2202/1855/2611 996/377/2611 516/1842/2611
f 2202/1855/2612 995/1854/2612 996/377/2612
f 995/1854/2613 197/375/2613 996/377/2613
f 2200/1850/2614 2202/1855/2614 516/1842/2614
f 2200/1850/2615 2201/1852/2615 2202/1855/2615
f 2201/1852/2616 515/1853/2616 2202/1855/2616
f 994/1851/2617 1476/1844/2617 198/364/2617
f 994/1851/2618 2200/1850/2618 1476/1844/2618
f 2200/1850/2619 516/1842/2619 1476/1844/2619
f 2199/1848/2620 798/213/2620 318/2316/2620
f 2199/1848/2621 797/1847/2621 798/213/2621
f 797/1847/2622 69/211/2622 798/213/2622
f 2197/1843/2623 2199/1848/2623 318/2316/2623
f 2197/1843/2624 2198/1845/2624 2199/1848/2624
f 2198/1845/2625 317/1846/2625 2199/1848/2625
f 1476/1844/2626 1278/2318/2626 198/364/2626
f 1476/1844/2627 2197/1843/2627 1278/2318/2627
f 2197/1843/2628 318/2316/2628 1278/2318/2628
f 2196/1841/2629 1190/454/2629 230/1625/2629
f 2196/1841/2630 997/1834/2630 1190/454/2630
f 997/1834/2631 110/452/2631 1190/454/2631
f 2194/1839/2632 2196/1841/2632 230/1625/2632
f 2194/1839/2633 2195/1840/2633 2196/1841/2633
f 2195/1840/2634 517/1832/2634 2196/1841/2634
f 1339/1597/2635 710/1627/2635 61/109/2635
f 1339/1597/2636 2194/1839/2636 710/1627/2636
f 2194/1839/2637 230/1625/2637 710/1627/2637
f 2193/1838/2638 999/382/2638 519/1825/2638
f 2193/1838/2639 998/1837/2639 999/382/2639
f 998/1837/2640 196/371/2640 999/382/2640
f 2191/1833/2641 2193/1838/2641 519/1825/2641
f 2191/1833/2642 2192/1835/2642 2193/1838/2642
f 2192/1835/2643 518/1836/2643 2193/1838/2643
f 997/1834/2644 1479/1827/2644 110/452/2644
f 997/1834/2645 2191/1833/2645 1479/1827/2645
f 2191/1833/2646 519/1825/2646 1479/1827/2646
f 2190/1831/2647 1310/189/2647 350/2404/2647
f 2190/1831/2648 796/1830/2648 1310/189/2648
f 796/1830/2649 80/187/2649 1310/189/2649
f 2188/1826/2650 2190/1831/2650 350/2404/2650
f 2188/1826/2651 2189/1828/2651 2190/1831/2651
f 2189/1828/2652 316/1829/2652 2190/1831/2652
f 1479/1827/2653 830/2406/2653 110/452/2653
f 1479/1827/2654 2188/1826/2654 830/2406/2654
f 2188/1826/2655 350/2404/2655 830/2406/2655
f 2187/1824/2656 1222/2717/2656 262/2718/2656
f 2187/1824/2657 1000/1815/2657 1222/2717/2657
f 1000/1815/2658 142/2719/2658 1222/2717/2658
f 2185/1821/2659 2187/1824/2659 262/2718/2659
f 2185/1821/2660 2186/1823/2660 2187/1824/2660
f 2186/1823/2661 520/1813/2661 2187/1824/2661
f 1395/1822/2662 742/2720/2662 82/2721/2662
f 1395/1822/2663 2185/1821/2663 742/2720/2663
f 2185/1821/2664 262/2718/2664 742/2720/2664
f 2184/1819/2665 1002/389/2665 522/1806/2665
f 2184/1819/2666 1001/1818/2666 1002/389/2666
f 1001/1818/2667 133/387/2667 1002/389/2667
f 2182/1814/2668 2184/1819/2668 522/1806/2668
f 2182/1814/2669 2183/1816/2669 2184/1819/2669
f 2183/1816/2670 521/1817/2670 2184/1819/2670
f 1000/1815/2671 1482/1808/2671 142/2719/2671
f 1000/1815/2672 2182/1814/2672 1482/1808/2672
f 2182/1814/2673 522/1806/2673 1482/1808/2673
f 2181/1812/2674 1342/2722/2674 382/2723/2674
f 2181/1812/2675 1333/1811/2675 1342/2722/2675
f 1333/1811/2676 57/2716/2676 1342/2722/2676
f 2179/1807/2677 2181/1812/2677 382/2723/2677
f 2179/1807/2678 2180/1809/2678 2181/1812/2678
f 2180/1809/2679 373/1810/2679 2181/1812/2679
f 1482/1808/2680 862/2724/2680 142/2719/2680
f 1482/1808/2681 2179/1807/2681 862/2724/2681
f 2179/1807/2682 382/2723/2682 862/2724/2682
f 2178/1805/2683 915/385/2683 435/1820/2683
f 2178/1805/2684 1003/1798/2684 915/385/2684
f 1003/1798/2685 195/383/2685 915/385/2685
f 2176/1803/2686 2178/1805/2686 435/1820/2686
f 2176/1803/2687 2177/1804/2687 2178/1805/2687
f 2177/1804/2688 523/1796/2688 2178/1805/2688
f 793/1777/2689 1395/1822/2689 82/2721/2689
f 793/1777/2690 2176/1803/2690 1395/1822/2690
f 2176/1803/2691 435/1820/2691 1395/1822/2691
f 2175/1802/2692 1005/396/2692 525/1789/2692
f 2175/1802/2693 1004/1801/2693 1005/396/2693
f 1004/1801/2694 194/394/2694 1005/396/2694
f 2173/1797/2695 2175/1802/2695 525/1789/2695
f 2173/1797/2696 2174/1799/2696 2175/1802/2696
f 2174/1799/2697 524/1800/2697 2175/1802/2697
f 1003/1798/2698 1485/1791/2698 195/383/2698
f 1003/1798/2699 2173/1797/2699 1485/1791/2699
f 2173/1797/2700 525/1789/2700 1485/1791/2700
f 2172/1795/2701 795/208/2701 315/2335/2701
f 2172/1795/2702 794/1794/2702 795/208/2702
f 794/1794/2703 73/206/2703 795/208/2703
f 2170/1790/2704 2172/1795/2704 315/2335/2704
f 2170/1790/2705 2171/1792/2705 2172/1795/2705
f 2171/1792/2706 314/1793/2706 2172/1795/2706
f 1485/1791/2707 1275/2337/2707 195/383/2707
f 1485/1791/2708 2170/1790/2708 1275/2337/2708
f 2170/1790/2709 315/2335/2709 1275/2337/2709
f 2169/1788/2710 1192/2725/2710 232/2726/2710
f 2169/1788/2711 1006/1781/2711 1192/2725/2711
f 1006/1781/2712 112/2727/2712 1192/2725/2712
f 2167/1786/2713 2169/1788/2713 232/2726/2713
f 2167/1786/2714 2168/1787/2714 2169/1788/2714
f 2168/1787/2715 526/1779/2715 2169/1788/2715
f 1341/1542/2716 712/2728/2716 62/2729/2716
f 1341/1542/2717 2167/1786/2717 712/2728/2717
f 2167/1786/2718 232/2726/2718 712/2728/2718
f 2166/1785/2719 1008/401/2719 528/1772/2719
f 2166/1785/2720 1007/1784/2720 1008/401/2720
f 1007/1784/2721 193/390/2721 1008/401/2721
f 2164/1780/2722 2166/1785/2722 528/1772/2722
f 2164/1780/2723 2165/1782/2723 2166/1785/2723
f 2165/1782/2724 527/1783/2724 2166/1785/2724
f 1006/1781/2725 1488/1774/2725 112/2727/2725
f 1006/1781/2726 2164/1780/2726 1488/1774/2726
f 2164/1780/2727 528/1772/2727 1488/1774/2727
f 2163/1778/2728 1312/2730/2728 352/2731/2728
f 2163/1778/2729 793/1777/2729 1312/2730/2729
f 793/1777/2730 82/2721/2730 1312/2730/2730
f 2161/1773/2731 2163/1778/2731 352/2731/2731
f 2161/1773/2732 2162/1775/2732 2163/1778/2732
f 2162/1775/2733 313/1776/2733 2163/1778/2733
f 1488/1774/2734 832/2732/2734 112/2727/2734
f 1488/1774/2735 2161/1773/2735 832/2732/2735
f 2161/1773/2736 352/2731/2736 832/2732/2736
f 2160/1771/2737 1224/671/2737 264/982/2737
f 2160/1771/2738 1009/1762/2738 1224/671/2738
f 1009/1762/2739 144/669/2739 1224/671/2739
f 2158/1768/2740 2160/1771/2740 264/982/2740
f 2158/1768/2741 2159/1770/2741 2160/1771/2741
f 2159/1770/2742 529/1760/2742 2160/1771/2742
f 1392/1769/2743 744/984/2743 84/173/2743
f 1392/1769/2744 2158/1768/2744 744/984/2744
f 2158/1768/2745 264/982/2745 744/984/2745
f 2157/1766/2746 1011/408/2746 531/1753/2746
f 2157/1766/2747 1010/1765/2747 1011/408/2747
f 1010/1765/2748 135/406/2748 1011/408/2748
f 2155/1761/2749 2157/1766/2749 531/1753/2749
f 2155/1761/2750 2156/1763/2750 2157/1766/2750
f 2156/1763/2751 530/1764/2751 2157/1766/2751
f 1009/1762/2752 1491/1755/2752 144/669/2752
f 1009/1762/2753 2155/1761/2753 1491/1755/2753
f 2155/1761/2754 531/1753/2754 1491/1755/2754
f 2154/1759/2755 1344/106/2755 384/2621/2755
f 2154/1759/2756 1335/1758/2756 1344/106/2756
f 1335/1758/2757 58/95/2757 1344/106/2757
f 2152/1754/2758 2154/1759/2758 384/2621/2758
f 2152/1754/2759 2153/1756/2759 2154/1759/2759
f 2153/1756/2760 375/1757/2760 2154/1759/2760
f 1491/1755/2761 864/2623/2761 144/669/2761
f 1491/1755/2762 2152/1754/2762 864/2623/2762
f 2152/1754/2763 384/2621/2763 864/2623/2763
f 2151/1752/2764 912/404/2764 432/1767/2764
f 2151/1752/2765 1012/1745/2765 912/404/2765
f 1012/1745/2766 192/402/2766 912/404/2766
f 2149/1750/2767 2151/1752/2767 432/1767/2767
f 2149/1750/2768 2150/1751/2768 2151/1752/2768
f 2150/1751/2769 532/1743/2769 2151/1752/2769
f 790/1724/2770 1392/1769/2770 84/173/2770
f 790/1724/2771 2149/1750/2771 1392/1769/2771
f 2149/1750/2772 432/1767/2772 1392/1769/2772
f 2148/1749/2773 1014/415/2773 534/1736/2773
f 2148/1749/2774 1013/1748/2774 1014/415/2774
f 1013/1748/2775 191/413/2775 1014/415/2775
f 2146/1744/2776 2148/1749/2776 534/1736/2776
f 2146/1744/2777 2147/1746/2777 2148/1749/2777
f 2147/1746/2778 533/1747/2778 2148/1749/2778
f 1012/1745/2779 1494/1738/2779 192/402/2779
f 1012/1745/2780 2146/1744/2780 1494/1738/2780
f 2146/1744/2781 534/1736/2781 1494/1738/2781
f 2145/1742/2782 792/203/2782 312/2354/2782
f 2145/1742/2783 791/1741/2783 792/203/2783
f 791/1741/2784 75/201/2784 792/203/2784
f 2143/1737/2785 2145/1742/2785 312/2354/2785
f 2143/1737/2786 2144/1739/2786 2145/1742/2786
f 2144/1739/2787 311/1740/2787 2145/1742/2787
f 1494/1738/2788 1272/2356/2788 192/402/2788
f 1494/1738/2789 2143/1737/2789 1272/2356/2789
f 2143/1737/2790 312/2354/2790 1272/2356/2790
f 2142/1735/2791 1194/488/2791 234/1515/2791
f 2142/1735/2792 1015/1728/2792 1194/488/2792
f 1015/1728/2793 114/486/2793 1194/488/2793
f 2140/1733/2794 2142/1735/2794 234/1515/2794
f 2140/1733/2795 2141/1734/2795 2142/1735/2795
f 2141/1734/2796 535/1726/2796 2142/1735/2796
f 1343/1487/2797 714/1517/2797 63/115/2797
f 1343/1487/2798 2140/1733/2798 714/1517/2798
f 2140/1733/2799 234/1515/2799 714/1517/2799
f 2139/1732/2800 1017/420/2800 537/1719/2800
f 2139/1732/2801 1016/1731/2801 1017/420/2801
f 1016/1731/2802 190/409/2802 1017/420/2802
f 2137/1727/2803 2139/1732/2803 537/1719/2803
f 2137/1727/2804 2138/1729/2804 2139/1732/2804
f 2138/1729/2805 536/1730/2805 2139/1732/2805
f 1015/1728/2806 1497/1721/2806 114/486/2806
f 1015/1728/2807 2137/1727/2807 1497/1721/2807
f 2137/1727/2808 537/1719/2808 1497/1721/2808
f 2136/1725/2809 1314/175/2809 354/2438/2809
f 2136/1725/2810 790/1724/2810 1314/175/2810
f 790/1724/2811 84/173/2811 1314/175/2811
f 2134/1720/2812 2136/1725/2812 354/2438/2812
f 2134/1720/2813 2135/1722/2813 2136/1725/2813
f 2135/1722/2814 310/1723/2814 2136/1725/2814
f 1497/1721/2815 834/2440/2815 114/486/2815
f 1497/1721/2816 2134/1720/2816 834/2440/2816
f 2134/1720/2817 354/2438/2817 834/2440/2817
f 2133/1718/2818 1226/664/2818 266/999/2818
f 2133/1718/2819 1018/1709/2819 1226/664/2819
f 1018/1709/2820 146/662/2820 1226/664/2820
f 2131/1715/2821 2133/1718/2821 266/999/2821
f 2131/1715/2822 2132/1717/2822 2133/1718/2822
f 2132/1717/2823 538/1707/2823 2133/1718/2823
f 1389/1716/2824 746/1001/2824 86/166/2824
f 1389/1716/2825 2131/1715/2825 746/1001/2825
f 2131/1715/2826 266/999/2826 746/1001/2826
f 2130/1713/2827 1020/427/2827 540/1700/2827
f 2130/1713/2828 1019/1712/2828 1020/427/2828
f 1019/1712/2829 136/425/2829 1020/427/2829
f 2128/1708/2830 2130/1713/2830 540/1700/2830
f 2128/1708/2831 2129/1710/2831 2130/1713/2831
f 2129/1710/2832 539/1711/2832 2130/1713/2832
f 1018/1709/2833 1500/1702/2833 146/662/2833
f 1018/1709/2834 2128/1708/2834 1500/1702/2834
f 2128/1708/2835 540/1700/2835 1500/1702/2835
f 2127/1706/2836 1346/107/2836 386/2614/2836
f 2127/1706/2837 1336/1705/2837 1346/107/2837
f 1336/1705/2838 59/98/2838 1346/107/2838
f 2125/1701/2839 2127/1706/2839 386/2614/2839
f 2125/1701/2840 2126/1703/2840 2127/1706/2840
f 2126/1703/2841 376/1704/2841 2127/1706/2841
f 1500/1702/2842 866/2616/2842 146/662/2842
f 1500/1702/2843 2125/1701/2843 866/2616/2843
f 2125/1701/2844 386/2614/2844 866/2616/2844
f 2124/1699/2845 909/423/2845 429/1714/2845
f 2124/1699/2846 1021/1692/2846 909/423/2846
f 1021/1692/2847 189/421/2847 909/423/2847
f 2122/1697/2848 2124/1699/2848 429/1714/2848
f 2122/1697/2849 2123/1698/2849 2124/1699/2849
f 2123/1698/2850 541/1690/2850 2124/1699/2850
f 787/1671/2851 1389/1716/2851 86/166/2851
f 787/1671/2852 2122/1697/2852 1389/1716/2852
f 2122/1697/2853 429/1714/2853 1389/1716/2853
f 2121/1696/2854 1023/434/2854 543/1683/2854
f 2121/1696/2855 1022/1695/2855 1023/434/2855
f 1022/1695/2856 188/432/2856 1023/434/2856
f 2119/1691/2857 2121/1696/2857 543/1683/2857
f 2119/1691/2858 2120/1693/2858 2121/1696/2858
f 2120/1693/2859 542/1694/2859 2121/1696/2859
f 1021/1692/2860 1503/1685/2860 189/421/2860
f 1021/1692/2861 2119/1691/2861 1503/1685/2861
f 2119/1691/2862 543/1683/2862 1503/1685/2862
f 2118/1689/2863 789/198/2863 309/2373/2863
f 2118/1689/2864 788/1688/2864 789/198/2864
f 788/1688/2865 76/196/2865 789/198/2865
f 2116/1684/2866 2118/1689/2866 309/2373/2866
f 2116/1684/2867 2117/1686/2867 2118/1689/2867
f 2117/1686/2868 308/1687/2868 2118/1689/2868
f 1503/1685/2869 1269/2375/2869 189/421/2869
f 1503/1685/2870 2116/1684/2870 1269/2375/2870
f 2116/1684/2871 309/2373/2871 1269/2375/2871
f 2115/1682/2872 1196/505/2872 236/1460/2872
f 2115/1682/2873 1024/1675/2873 1196/505/2873
f 1024/1675/2874 116/503/2874 1196/505/2874
f 2113/1680/2875 2115/1682/2875 236/1460/2875
f 2113/1680/2876 2114/1681/2876 2115/1682/2876
f 2114/1681/2877 544/1673/2877 2115/1682/2877
f 1345/1432/2878 716/1462/2878 64/118/2878
f 1345/1432/2879 2113/1680/2879 716/1462/2879
f 2113/1680/2880 236/1460/2880 716/1462/2880
f 2112/1679/2881 1026/439/2881 546/1666/2881
f 2112/1679/2882 1025/1678/2882 1026/439/2882
f 1025/1678/2883 187/428/2883 1026/439/2883
f 2110/1674/2884 2112/1679/2884 546/1666/2884
f 2110/1674/2885 2111/1676/2885 2112/1679/2885
f 2111/1676/2886 545/1677/2886 2112/1679/2886
f 1024/1675/2887 1506/1668/2887 116/503/2887
f 1024/1675/2888 2110/1674/2888 1506/1668/2888
f 2110/1674/2889 546/1666/2889 1506/1668/2889
f 2109/1672/2890 1316/168/2890 356/2455/2890
f 2109/1672/2891 787/1671/2891 1316/168/2891
f 787/1671/2892 86/166/2892 1316/168/2892
f 2107/1667/2893 2109/1672/2893 356/2455/2893
f 2107/1667/2894 2108/1669/2894 2109/1672/2894
f 2108/1669/2895 307/1670/2895 2109/1672/2895
f 1506/1668/2896 836/2457/2896 116/503/2896
f 1506/1668/2897 2107/1667/2897 836/2457/2897
f 2107/1667/2898 356/2455/2898 836/2457/2898
f 2106/1665/2899 1227/2482/2899 267/2481/2899
f 2106/1665/2900 1027/1656/2900 1227/2482/2900
f 1027/1656/2901 147/529/2901 1227/2482/2901
f 2104/1662/2902 2106/1665/2902 267/2481/2902
f 2104/1662/2903 2105/1664/2903 2106/1665/2903
f 2105/1664/2904 547/1654/2904 2106/1665/2904
f 1386/1663/2905 747/157/2905 87/156/2905
f 1386/1663/2906 2104/1662/2906 747/157/2906
f 2104/1662/2907 267/2481/2907 747/157/2907
f 2103/1660/2908 1029/444/2908 549/1647/2908
f 2103/1660/2909 1028/1659/2909 1029/444/2909
f 1028/1659/2910 137/359/2910 1029/444/2910
f 2101/1655/2911 2103/1660/2911 549/1647/2911
f 2101/1655/2912 2102/1657/2912 2103/1660/2912
f 2102/1657/2913 548/1658/2913 2103/1660/2913
f 1027/1656/2914 1509/1649/2914 147/529/2914
f 1027/1656/2915 2101/1655/2915 1509/1649/2915
f 2101/1655/2916 549/1647/2916 1509/1649/2916
f 2100/1653/2917 1347/1377/2917 387/1376/2917
f 2100/1653/2918 1337/1652/2918 1347/1377/2918
f 1337/1652/2919 65/121/2919 1347/1377/2919
f 2098/1648/2920 2100/1653/2920 387/1376/2920
f 2098/1648/2921 2099/1650/2921 2100/1653/2921
f 2099/1650/2922 377/1651/2922 2100/1653/2922
f 1509/1649/2923 867/530/2923 147/529/2923
f 1509/1649/2924 2098/1648/2924 867/530/2924
f 2098/1648/2925 387/1376/2925 867/530/2925
f 2097/1646/2926 906/442/2926 426/1661/2926
f 2097/1646/2927 1030/1639/2927 906/442/2927
f 1030/1639/2928 186/440/2928 906/442/2928
f 2095/1644/2929 2097/1646/2929 426/1661/2929
f 2095/1644/2930 2096/1645/2930 2097/1646/2930
f 2096/1645/2931 550/1637/2931 2097/1646/2931
f 784/1616/2932 1386/1663/2932 87/156/2932
f 784/1616/2933 2095/1644/2933 1386/1663/2933
f 2095/1644/2934 426/1661/2934 1386/1663/2934
f 2094/1643/2935 1032/451/2935 552/1630/2935
f 2094/1643/2936 1031/1642/2936 1032/451/2936
f 1031/1642/2937 185/449/2937 1032/451/2937
f 2092/1638/2938 2094/1643/2938 552/1630/2938
f 2092/1638/2939 2093/1640/2939 2094/1643/2939
f 2093/1640/2940 551/1641/2940 2094/1643/2940
f 1030/1639/2941 1512/1632/2941 186/440/2941
f 1030/1639/2942 2092/1638/2942 1512/1632/2942
f 2092/1638/2943 552/1630/2943 1512/1632/2943
f 2091/1636/2944 786/193/2944 306/2392/2944
f 2091/1636/2945 785/1635/2945 786/193/2945
f 785/1635/2946 77/191/2946 786/193/2946
f 2089/1631/2947 2091/1636/2947 306/2392/2947
f 2089/1631/2948 2090/1633/2948 2091/1636/2948
f 2090/1633/2949 305/1634/2949 2091/1636/2949
f 1512/1632/2950 1266/2394/2950 186/440/2950
f 1512/1632/2951 2089/1631/2951 1266/2394/2951
f 2089/1631/2952 306/2392/2952 1266/2394/2952
f 2088/1629/2953 1197/2605/2953 237/2604/2953
f 2088/1629/2954 1033/1620/2954 1197/2605/2954
f 1033/1620/2955 117/652/2955 1197/2605/2955
f 2086/1626/2956 2088/1629/2956 237/2604/2956
f 2086/1626/2957 2087/1628/2957 2088/1629/2957
f 2087/1628/2958 553/1618/2958 2088/1629/2958
f 710/1627/2959 717/110/2959 61/109/2959
f 710/1627/2960 2086/1626/2960 717/110/2960
f 2086/1626/2961 237/2604/2961 717/110/2961
f 2085/1624/2962 1035/456/2962 555/1611/2962
f 2085/1624/2963 1034/1623/2963 1035/456/2963
f 1034/1623/2964 184/445/2964 1035/456/2964
f 2083/1619/2965 2085/1624/2965 555/1611/2965
f 2083/1619/2966 2084/1621/2966 2085/1624/2966
f 2084/1621/2967 554/1622/2967 2085/1624/2967
f 1033/1620/2968 1515/1613/2968 117/652/2968
f 1033/1620/2969 2083/1619/2969 1515/1613/2969
f 2083/1619/2970 555/1611/2970 1515/1613/2970
f 2082/1617/2971 1317/1026/2971 357/1025/2971
f 2082/1617/2972 784/1616/2972 1317/1026/2972
f 784/1616/2973 87/156/2973 1317/1026/2973
f 2080/1612/2974 2082/1617/2974 357/1025/2974
f 2080/1612/2975 2081/1614/2975 2082/1617/2975
f 2081/1614/2976 304/1615/2976 2082/1617/2976
f 1515/1613/2977 837/653/2977 117/652/2977
f 1515/1613/2978 2080/1612/2978 837/653/2978
f 2080/1612/2979 357/1025/2979 837/653/2979
f 2079/1610/2980 1228/2501/2980 268/2500/2980
f 2079/1610/2981 1036/1601/2981 1228/2501/2981
f 1036/1601/2982 148/548/2982 1228/2501/2982
f 2077/1607/2983 2079/1610/2983 268/2500/2983
f 2077/1607/2984 2078/1609/2984 2079/1610/2984
f 2078/1609/2985 556/1599/2985 2079/1610/2985
f 1383/1608/2986 748/150/2986 88/149/2986
f 1383/1608/2987 2077/1607/2987 748/150/2987
f 2077/1607/2988 268/2500/2988 748/150/2988
f 2076/1605/2989 1038/461/2989 558/1592/2989
f 2076/1605/2990 1037/1604/2990 1038/461/2990
f 1037/1604/2991 139/378/2991 1038/461/2991
f 2074/1600/2992 2076/1605/2992 558/1592/2992
f 2074/1600/2993 2075/1602/2993 2076/1605/2993
f 2075/1602/2994 557/1603/2994 2076/1605/2994
f 1036/1601/2995 1518/1594/2995 148/548/2995
f 1036/1601/2996 2074/1600/2996 1518/1594/2996
f 2074/1600/2997 558/1592/2997 1518/1594/2997
f 2073/1598/2998 1348/1322/2998 388/1321/2998
f 2073/1598/2999 1339/1597/2999 1348/1322/2999
f 1339/1597/3000 61/109/3000 1348/1322/3000
f 2071/1593/3001 2073/1598/3001 388/1321/3001
f 2071/1593/3002 2072/1595/3002 2073/1598/3002
f 2072/1595/3003 379/1596/3003 2073/1598/3003
f 1518/1594/3004 868/549/3004 148/548/3004
f 1518/1594/3005 2071/1593/3005 868/549/3005
f 2071/1593/3006 388/1321/3006 868/549/3006
f 2070/1591/3007 903/459/3007 423/1606/3007
f 2070/1591/3008 1039/1584/3008 903/459/3008
f 1039/1584/3009 183/457/3009 903/459/3009
f 2068/1589/3010 2070/1591/3010 423/1606/3010
f 2068/1589/3011 2069/1590/3011 2070/1591/3011
f 2069/1590/3012 559/1582/3012 2070/1591/3012
f 781/1561/3013 1383/1608/3013 88/149/3013
f 781/1561/3014 2068/1589/3014 1383/1608/3014
f 2068/1589/3015 423/1606/3015 1383/1608/3015
f 2067/1588/3016 1041/468/3016 561/1575/3016
f 2067/1588/3017 1040/1587/3017 1041/468/3017
f 1040/1587/3018 182/466/3018 1041/468/3018
f 2065/1583/3019 2067/1588/3019 561/1575/3019
f 2065/1583/3020 2066/1585/3020 2067/1588/3020
f 2066/1585/3021 560/1586/3021 2067/1588/3021
f 1039/1584/3022 1521/1577/3022 183/457/3022
f 1039/1584/3023 2065/1583/3023 1521/1577/3023
f 2065/1583/3024 561/1575/3024 1521/1577/3024
f 2064/1581/3025 783/186/3025 303/2409/3025
f 2064/1581/3026 782/1580/3026 783/186/3026
f 782/1580/3027 79/184/3027 783/186/3027
f 2062/1576/3028 2064/1581/3028 303/2409/3028
f 2062/1576/3029 2063/1578/3029 2064/1581/3029
f 2063/1578/3030 302/1579/3030 2064/1581/3030
f 1521/1577/3031 1263/2411/3031 183/457/3031
f 1521/1577/3032 2062/1576/3032 1263/2411/3032
f 2062/1576/3033 303/2409/3033 1263/2411/3033
f 2061/1574/3034 1198/2598/3034 238/2597/3034
f 2061/1574/3035 1042/1565/3035 1198/2598/3035
f 1042/1565/3036 118/645/3036 1198/2598/3036
f 2059/1571/3037 2061/1574/3037 238/2597/3037
f 2059/1571/3038 2060/1573/3038 2061/1574/3038
f 2060/1573/3039 562/1563/3039 2061/1574/3039
f 712/1572/3040 718/113/3040 62/112/3040
f 712/1572/3041 2059/1571/3041 718/113/3041
f 2059/1571/3042 238/2597/3042 718/113/3042
f 2058/1569/3043 1044/473/3043 564/1556/3043
f 2058/1569/3044 1043/1568/3044 1044/473/3044
f 1043/1568/3045 181/462/3045 1044/473/3045
f 2056/1564/3046 2058/1569/3046 564/1556/3046
f 2056/1564/3047 2057/1566/3047 2058/1569/3047
f 2057/1566/3048 563/1567/3048 2058/1569/3048
f 1042/1565/3049 1524/1558/3049 118/645/3049
f 1042/1565/3050 2056/1564/3050 1524/1558/3050
f 2056/1564/3051 564/1556/3051 1524/1558/3051
f 2055/1562/3052 1318/1045/3052 358/1044/3052
f 2055/1562/3053 781/1561/3053 1318/1045/3053
f 781/1561/3054 88/149/3054 1318/1045/3054
f 2053/1557/3055 2055/1562/3055 358/1044/3055
f 2053/1557/3056 2054/1559/3056 2055/1562/3056
f 2054/1559/3057 301/1560/3057 2055/1562/3057
f 1524/1558/3058 838/646/3058 118/645/3058
f 1524/1558/3059 2053/1557/3059 838/646/3059
f 2053/1557/3060 358/1044/3060 838/646/3060
f 2052/1555/3061 1229/2520/3061 269/2519/3061
f 2052/1555/3062 1045/1546/3062 1229/2520/3062
f 1045/1546/3063 149/567/3063 1229/2520/3063
f 2050/1552/3064 2052/1555/3064 269/2519/3064
f 2050/1552/3065 2051/1554/3065 2052/1555/3065
f 2051/1554/3066 565/1544/3066 2052/1555/3066
f 1380/1553/3067 749/143/3067 89/142/3067
f 1380/1553/3068 2050/1552/3068 749/143/3068
f 2050/1552/3069 269/2519/3069 749/143/3069
f 2049/1550/3070 1047/478/3070 567/1537/3070
f 2049/1550/3071 1046/1549/3071 1047/478/3071
f 1046/1549/3072 141/397/3072 1047/478/3072
f 2047/1545/3073 2049/1550/3073 567/1537/3073
f 2047/1545/3074 2048/1547/3074 2049/1550/3074
f 2048/1547/3075 566/1548/3075 2049/1550/3075
f 1045/1546/3076 1527/1539/3076 149/567/3076
f 1045/1546/3077 2047/1545/3077 1527/1539/3077
f 2047/1545/3078 567/1537/3078 1527/1539/3078
f 2046/1543/3079 1349/1267/3079 389/1266/3079
f 2046/1543/3080 1341/1542/3080 1349/1267/3080
f 1341/1542/3081 62/2729/3081 1349/1267/3081
f 2044/1538/3082 2046/1543/3082 389/1266/3082
f 2044/1538/3083 2045/1540/3083 2046/1543/3083
f 2045/1540/3084 381/1541/3084 2046/1543/3084
f 1527/1539/3085 869/568/3085 149/567/3085
f 1527/1539/3086 2044/1538/3086 869/568/3086
f 2044/1538/3087 389/1266/3087 869/568/3087
f 2043/1536/3088 900/476/3088 420/1551/3088
f 2043/1536/3089 1048/1529/3089 900/476/3089
f 1048/1529/3090 180/474/3090 900/476/3090
f 2041/1534/3091 2043/1536/3091 420/1551/3091
f 2041/1534/3092 2042/1535/3092 2043/1536/3092
f 2042/1535/3093 568/1527/3093 2043/1536/3093
f 778/1506/3094 1380/1553/3094 89/142/3094
f 778/1506/3095 2041/1534/3095 1380/1553/3095
f 2041/1534/3096 420/1551/3096 1380/1553/3096
f 2040/1533/3097 1050/485/3097 570/1520/3097
f 2040/1533/3098 1049/1532/3098 1050/485/3098
f 1049/1532/3099 179/483/3099 1050/485/3099
f 2038/1528/3100 2040/1533/3100 570/1520/3100
f 2038/1528/3101 2039/1530/3101 2040/1533/3101
f 2039/1530/3102 569/1531/3102 2040/1533/3102
f 1048/1529/3103 1530/1522/3103 180/474/3103
f 1048/1529/3104 2038/1528/3104 1530/1522/3104
f 2038/1528/3105 570/1520/3105 1530/1522/3105
f 2037/1526/3106 780/179/3106 300/2426/3106
f 2037/1526/3107 779/1525/3107 780/179/3107
f 779/1525/3108 81/177/3108 780/179/3108
f 2035/1521/3109 2037/1526/3109 300/2426/3109
f 2035/1521/3110 2036/1523/3110 2037/1526/3110
f 2036/1523/3111 299/1524/3111 2037/1526/3111
f 1530/1522/3112 1260/2428/3112 180/474/3112
f 1530/1522/3113 2035/1521/3113 1260/2428/3113
f 2035/1521/3114 300/2426/3114 1260/2428/3114
f 2034/1519/3115 1199/2591/3115 239/2590/3115
f 2034/1519/3116 1051/1510/3116 1199/2591/3116
f 1051/1510/3117 119/638/3117 1199/2591/3117
f 2032/1516/3118 2034/1519/3118 239/2590/3118
f 2032/1516/3119 2033/1518/3119 2034/1519/3119
f 2033/1518/3120 571/1508/3120 2034/1519/3120
f 714/1517/3121 719/116/3121 63/115/3121
f 714/1517/3122 2032/1516/3122 719/116/3122
f 2032/1516/3123 239/2590/3123 719/116/3123
f 2031/1514/3124 1053/490/3124 573/1501/3124
f 2031/1514/3125 1052/1513/3125 1053/490/3125
f 1052/1513/3126 178/479/3126 1053/490/3126
f 2029/1509/3127 2031/1514/3127 573/1501/3127
f 2029/1509/3128 2030/1511/3128 2031/1514/3128
f 2030/1511/3129 572/1512/3129 2031/1514/3129
f 1051/1510/3130 1533/1503/3130 119/638/3130
f 1051/1510/3131 2029/1509/3131 1533/1503/3131
f 2029/1509/3132 573/1501/3132 1533/1503/3132
f 2028/1507/3133 1319/1064/3133 359/1063/3133
f 2028/1507/3134 778/1506/3134 1319/1064/3134
f 778/1506/3135 89/142/3135 1319/1064/3135
f 2026/1502/3136 2028/1507/3136 359/1063/3136
f 2026/1502/3137 2027/1504/3137 2028/1507/3137
f 2027/1504/3138 298/1505/3138 2028/1507/3138
f 1533/1503/3139 839/639/3139 119/638/3139
f 1533/1503/3140 2026/1502/3140 839/639/3140
f 2026/1502/3141 359/1063/3141 839/639/3141
f 2025/1500/3142 1230/2539/3142 270/2538/3142
f 2025/1500/3143 1054/1491/3143 1230/2539/3143
f 1054/1491/3144 150/586/3144 1230/2539/3144
f 2023/1497/3145 2025/1500/3145 270/2538/3145
f 2023/1497/3146 2024/1499/3146 2025/1500/3146
f 2024/1499/3147 574/1489/3147 2025/1500/3147
f 1377/1498/3148 750/136/3148 90/135/3148
f 1377/1498/3149 2023/1497/3149 750/136/3149
f 2023/1497/3150 270/2538/3150 750/136/3150
f 2022/1495/3151 1056/495/3151 576/1482/3151
f 2022/1495/3152 1055/1494/3152 1056/495/3152
f 1055/1494/3153 143/416/3153 1056/495/3153
f 2020/1490/3154 2022/1495/3154 576/1482/3154
f 2020/1490/3155 2021/1492/3155 2022/1495/3155
f 2021/1492/3156 575/1493/3156 2022/1495/3156
f 1054/1491/3157 1536/1484/3157 150/586/3157
f 1054/1491/3158 2020/1490/3158 1536/1484/3158
f 2020/1490/3159 576/1482/3159 1536/1484/3159
f 2019/1488/3160 1350/1212/3160 390/1211/3160
f 2019/1488/3161 1343/1487/3161 1350/1212/3161
f 1343/1487/3162 63/115/3162 1350/1212/3162
f 2017/1483/3163 2019/1488/3163 390/1211/3163
f 2017/1483/3164 2018/1485/3164 2019/1488/3164
f 2018/1485/3165 383/1486/3165 2019/1488/3165
f 1536/1484/3166 870/587/3166 150/586/3166
f 1536/1484/3167 2017/1483/3167 870/587/3167
f 2017/1483/3168 390/1211/3168 870/587/3168
f 2016/1481/3169 897/493/3169 417/1496/3169
f 2016/1481/3170 1057/1474/3170 897/493/3170
f 1057/1474/3171 177/491/3171 897/493/3171
f 2014/1479/3172 2016/1481/3172 417/1496/3172
f 2014/1479/3173 2015/1480/3173 2016/1481/3173
f 2015/1480/3174 577/1472/3174 2016/1481/3174
f 775/1451/3175 1377/1498/3175 90/135/3175
f 775/1451/3176 2014/1479/3176 1377/1498/3176
f 2014/1479/3177 417/1496/3177 1377/1498/3177
f 2013/1478/3178 1059/502/3178 579/1465/3178
f 2013/1478/3179 1058/1477/3179 1059/502/3179
f 1058/1477/3180 176/500/3180 1059/502/3180
f 2011/1473/3181 2013/1478/3181 579/1465/3181
f 2011/1473/3182 2012/1475/3182 2013/1478/3182
f 2012/1475/3183 578/1476/3183 2013/1478/3183
f 1057/1474/3184 1539/1467/3184 177/491/3184
f 1057/1474/3185 2011/1473/3185 1539/1467/3185
f 2011/1473/3186 579/1465/3186 1539/1467/3186
f 2010/1471/3187 777/172/3187 297/2443/3187
f 2010/1471/3188 776/1470/3188 777/172/3188
f 776/1470/3189 83/170/3189 777/172/3189
f 2008/1466/3190 2010/1471/3190 297/2443/3190
f 2008/1466/3191 2009/1468/3191 2010/1471/3191
f 2009/1468/3192 296/1469/3192 2010/1471/3192
f 1539/1467/3193 1257/2445/3193 177/491/3193
f 1539/1467/3194 2008/1466/3194 1257/2445/3194
f 2008/1466/3195 297/2443/3195 1257/2445/3195
f 2007/1464/3196 1200/2584/3196 240/2583/3196
f 2007/1464/3197 1060/1455/3197 1200/2584/3197
f 1060/1455/3198 120/631/3198 1200/2584/3198
f 2005/1461/3199 2007/1464/3199 240/2583/3199
f 2005/1461/3200 2006/1463/3200 2007/1464/3200
f 2006/1463/3201 580/1453/3201 2007/1464/3201
f 716/1462/3202 720/119/3202 64/118/3202
f 716/1462/3203 2005/1461/3203 720/119/3203
f 2005/1461/3204 240/2583/3204 720/119/3204
f 2004/1459/3205 1062/507/3205 582/1446/3205
f 2004/1459/3206 1061/1458/3206 1062/507/3206
f 1061/1458/3207 175/496/3207 1062/507/3207
f 2002/1454/3208 2004/1459/3208 582/1446/3208
f 2002/1454/3209 2003/1456/3209 2004/1459/3209
f 2003/1456/3210 581/1457/3210 2004/1459/3210
f 1060/1455/3211 1542/1448/3211 120/631/3211
f 1060/1455/3212 2002/1454/3212 1542/1448/3212
f 2002/1454/3213 582/1446/3213 1542/1448/3213
f 2001/1452/3214 1320/1083/3214 360/1082/3214
f 2001/1452/3215 775/1451/3215 1320/1083/3215
f 775/1451/3216 90/135/3216 1320/1083/3216
f 1999/1447/3217 2001/1452/3217 360/1082/3217
f 1999/1447/3218 2000/1449/3218 2001/1452/3218
f 2000/1449/3219 295/1450/3219 2001/1452/3219
f 1542/1448/3220 840/632/3220 120/631/3220
f 1542/1448/3221 1999/1447/3221 840/632/3221
f 1999/1447/3222 360/1082/3222 840/632/3222
f 1998/1445/3223 1231/2558/3223 271/2557/3223
f 1998/1445/3224 1063/1436/3224 1231/2558/3224
f 1063/1436/3225 151/605/3225 1231/2558/3225
f 1996/1442/3226 1998/1445/3226 271/2557/3226
f 1996/1442/3227 1997/1444/3227 1998/1445/3227
f 1997/1444/3228 583/1434/3228 1998/1445/3228
f 1374/1443/3229 751/129/3229 91/128/3229
f 1374/1443/3230 1996/1442/3230 751/129/3230
f 1996/1442/3231 271/2557/3231 751/129/3231
f 1995/1440/3232 1065/512/3232 585/1427/3232
f 1995/1440/3233 1064/1439/3233 1065/512/3233
f 1064/1439/3234 145/435/3234 1065/512/3234
f 1993/1435/3235 1995/1440/3235 585/1427/3235
f 1993/1435/3236 1994/1437/3236 1995/1440/3236
f 1994/1437/3237 584/1438/3237 1995/1440/3237
f 1063/1436/3238 1545/1429/3238 151/605/3238
f 1063/1436/3239 1993/1435/3239 1545/1429/3239
f 1993/1435/3240 585/1427/3240 1545/1429/3240
f 1992/1433/3241 1351/1157/3241 391/1156/3241
f 1992/1433/3242 1345/1432/3242 1351/1157/3242
f 1345/1432/3243 64/118/3243 1351/1157/3243
f 1990/1428/3244 1992/1433/3244 391/1156/3244
f 1990/1428/3245 1991/1430/3245 1992/1433/3245
f 1991/1430/3246 385/1431/3246 1992/1433/3246
f 1545/1429/3247 871/606/3247 151/605/3247
f 1545/1429/3248 1990/1428/3248 871/606/3248
f 1990/1428/3249 391/1156/3249 871/606/3249
f 1989/1426/3250 894/510/3250 414/1441/3250
f 1989/1426/3251 1066/1419/3251 894/510/3251
f 1066/1419/3252 174/508/3252 894/510/3252
f 1987/1424/3253 1989/1426/3253 414/1441/3253
f 1987/1424/3254 1988/1425/3254 1989/1426/3254
f 1988/1425/3255 586/1417/3255 1989/1426/3255
f 772/1396/3256 1374/1443/3256 91/128/3256
f 772/1396/3257 1987/1424/3257 1374/1443/3257
f 1987/1424/3258 414/1441/3258 1374/1443/3258
f 1986/1423/3259 1068/519/3259 588/1410/3259
f 1986/1423/3260 1067/1422/3260 1068/519/3260
f 1067/1422/3261 173/517/3261 1068/519/3261
f 1984/1418/3262 1986/1423/3262 588/1410/3262
f 1984/1418/3263 1985/1420/3263 1986/1423/3263
f 1985/1420/3264 587/1421/3264 1986/1423/3264
f 1066/1419/3265 1548/1412/3265 174/508/3265
f 1066/1419/3266 1984/1418/3266 1548/1412/3266
f 1984/1418/3267 588/1410/3267 1548/1412/3267
f 1983/1416/3268 774/165/3268 294/2460/3268
f 1983/1416/3269 773/1415/3269 774/165/3269
f 773/1415/3270 85/163/3270 774/165/3270
f 1981/1411/3271 1983/1416/3271 294/2460/3271
f 1981/1411/3272 1982/1413/3272 1983/1416/3272
f 1982/1413/3273 293/1414/3273 1983/1416/3273
f 1548/1412/3274 1254/2462/3274 174/508/3274
f 1548/1412/3275 1981/1411/3275 1254/2462/3275
f 1981/1411/3276 294/2460/3276 1254/2462/3276
f 1980/1409/3277 1201/2577/3277 241/2576/3277
f 1980/1409/3278 1069/1400/3278 1201/2577/3278
f 1069/1400/3279 121/624/3279 1201/2577/3279
f 1978/1406/3280 1980/1409/3280 241/2576/3280
f 1978/1406/3281 1979/1408/3281 1980/1409/3281
f 1979/1408/3282 589/1398/3282 1980/1409/3282
f 708/1407/3283 721/122/3283 65/121/3283
f 708/1407/3284 1978/1406/3284 721/122/3284
f 1978/1406/3285 241/2576/3285 721/122/3285
f 1977/1404/3286 1071/524/3286 591/1391/3286
f 1977/1404/3287 1070/1403/3287 1071/524/3287
f 1070/1403/3288 172/513/3288 1071/524/3288
f 1975/1399/3289 1977/1404/3289 591/1391/3289
f 1975/1399/3290 1976/1401/3290 1977/1404/3290
f 1976/1401/3291 590/1402/3291 1977/1404/3291
f 1069/1400/3292 1551/1393/3292 121/624/3292
f 1069/1400/3293 1975/1399/3293 1551/1393/3293
f 1975/1399/3294 591/1391/3294 1551/1393/3294
f 1974/1397/3295 1321/1102/3295 361/1101/3295
f 1974/1397/3296 772/1396/3296 1321/1102/3296
f 772/1396/3297 91/128/3297 1321/1102/3297
f 1972/1392/3298 1974/1397/3298 361/1101/3298
f 1972/1392/3299 1973/1394/3299 1974/1397/3299
f 1973/1394/3300 292/1395/3300 1974/1397/3300
f 1551/1393/3301 841/625/3301 121/624/3301
f 1551/1393/3302 1972/1392/3302 841/625/3302
f 1972/1392/3303 361/1101/3303 841/625/3303
f 1971/1390/3304 1233/2733/3304 273/2734/3304
f 1971/1390/3305 1072/1381/3305 1233/2733/3305
f 1072/1381/3306 153/2735/3306 1233/2733/3306
f 1969/1387/3307 1971/1390/3307 273/2734/3307
f 1969/1387/3308 1970/1389/3308 1971/1390/3308
f 1970/1389/3309 592/1379/3309 1971/1390/3309
f 1371/1388/3310 753/2736/3310 93/2737/3310
f 1371/1388/3311 1969/1387/3311 753/2736/3311
f 1969/1387/3312 273/2734/3312 753/2736/3312
f 1968/1385/3313 1074/531/3313 594/1372/3313
f 1968/1385/3314 1073/1384/3314 1074/531/3314
f 1073/1384/3315 147/529/3315 1074/531/3315
f 1966/1380/3316 1968/1385/3316 594/1372/3316
f 1966/1380/3317 1967/1382/3317 1968/1385/3317
f 1967/1382/3318 593/1383/3318 1968/1385/3318
f 1072/1381/3319 1554/1374/3319 153/2735/3319
f 1072/1381/3320 1966/1380/3320 1554/1374/3320
f 1966/1380/3321 594/1372/3321 1554/1374/3321
f 1965/1378/3322 1353/2738/3322 393/2739/3322
f 1965/1378/3323 1347/1377/3323 1353/2738/3323
f 1347/1377/3324 65/121/3324 1353/2738/3324
f 1963/1373/3325 1965/1378/3325 393/2739/3325
f 1963/1373/3326 1964/1375/3326 1965/1378/3326
f 1964/1375/3327 387/1376/3327 1965/1378/3327
f 1554/1374/3328 873/2740/3328 153/2735/3328
f 1554/1374/3329 1963/1373/3329 873/2740/3329
f 1963/1373/3330 393/2739/3330 873/2740/3330
f 1962/1371/3331 891/527/3331 411/1386/3331
f 1962/1371/3332 1075/1364/3332 891/527/3332
f 1075/1364/3333 171/525/3333 891/527/3333
f 1960/1369/3334 1962/1371/3334 411/1386/3334
f 1960/1369/3335 1961/1370/3335 1962/1371/3335
f 1961/1370/3336 595/1362/3336 1962/1371/3336
f 769/1341/3337 1371/1388/3337 93/2737/3337
f 769/1341/3338 1960/1369/3338 1371/1388/3338
f 1960/1369/3339 411/1386/3339 1371/1388/3339
f 1959/1368/3340 1077/538/3340 597/1355/3340
f 1959/1368/3341 1076/1367/3341 1077/538/3341
f 1076/1367/3342 170/536/3342 1077/538/3342
f 1957/1363/3343 1959/1368/3343 597/1355/3343
f 1957/1363/3344 1958/1365/3344 1959/1368/3344
f 1958/1365/3345 596/1366/3345 1959/1368/3345
f 1075/1364/3346 1557/1357/3346 171/525/3346
f 1075/1364/3347 1957/1363/3347 1557/1357/3347
f 1957/1363/3348 597/1355/3348 1557/1357/3348
f 1956/1361/3349 771/158/3349 291/2477/3349
f 1956/1361/3350 770/1360/3350 771/158/3350
f 770/1360/3351 87/156/3351 771/158/3351
f 1954/1356/3352 1956/1361/3352 291/2477/3352
f 1954/1356/3353 1955/1358/3353 1956/1361/3353
f 1955/1358/3354 290/1359/3354 1956/1361/3354
f 1557/1357/3355 1251/2479/3355 171/525/3355
f 1557/1357/3356 1954/1356/3356 1251/2479/3356
f 1954/1356/3357 291/2477/3357 1251/2479/3357
f 1953/1354/3358 1203/2741/3358 243/2742/3358
f 1953/1354/3359 1078/1345/3359 1203/2741/3359
f 1078/1345/3360 123/2743/3360 1203/2741/3360
f 1951/1351/3361 1953/1354/3361 243/2742/3361
f 1951/1351/3362 1952/1353/3362 1953/1354/3362
f 1952/1353/3363 598/1343/3363 1953/1354/3363
f 1352/1352/3364 723/2744/3364 66/2745/3364
f 1352/1352/3365 1951/1351/3365 723/2744/3365
f 1951/1351/3366 243/2742/3366 723/2744/3366
f 1950/1349/3367 1080/543/3367 600/1336/3367
f 1950/1349/3368 1079/1348/3368 1080/543/3368
f 1079/1348/3369 169/532/3369 1080/543/3369
f 1948/1344/3370 1950/1349/3370 600/1336/3370
f 1948/1344/3371 1949/1346/3371 1950/1349/3371
f 1949/1346/3372 599/1347/3372 1950/1349/3372
f 1078/1345/3373 1560/1338/3373 123/2743/3373
f 1078/1345/3374 1948/1344/3374 1560/1338/3374
f 1948/1344/3375 600/1336/3375 1560/1338/3375
f 1947/1342/3376 1323/2746/3376 363/2747/3376
f 1947/1342/3377 769/1341/3377 1323/2746/3377
f 769/1341/3378 93/2737/3378 1323/2746/3378
f 1945/1337/3379 1947/1342/3379 363/2747/3379
f 1945/1337/3380 1946/1339/3380 1947/1342/3380
f 1946/1339/3381 289/1340/3381 1947/1342/3381
f 1560/1338/3382 843/2748/3382 123/2743/3382
f 1560/1338/3383 1945/1337/3383 843/2748/3383
f 1945/1337/3384 363/2747/3384 843/2748/3384
f 1944/1335/3385 842/2749/3385 362/2750/3385
f 1944/1335/3386 1081/1326/3386 842/2749/3386
f 1081/1326/3387 122/2751/3387 842/2749/3387
f 1942/1332/3388 1944/1335/3388 362/2750/3388
f 1942/1332/3389 1943/1334/3389 1944/1335/3389
f 1943/1334/3390 601/1324/3390 1944/1335/3390
f 1368/1333/3391 1322/2752/3391 92/2753/3391
f 1368/1333/3392 1942/1332/3392 1322/2752/3392
f 1942/1332/3393 362/2750/3393 1322/2752/3393
f 1941/1330/3394 1083/550/3394 603/1317/3394
f 1941/1330/3395 1082/1329/3395 1083/550/3395
f 1082/1329/3396 148/548/3396 1083/550/3396
f 1939/1325/3397 1941/1330/3397 603/1317/3397
f 1939/1325/3398 1940/1327/3398 1941/1330/3398
f 1940/1327/3399 602/1328/3399 1941/1330/3399
f 1081/1326/3400 1563/1319/3400 122/2751/3400
f 1081/1326/3401 1939/1325/3401 1563/1319/3401
f 1939/1325/3402 603/1317/3402 1563/1319/3402
f 1938/1323/3403 722/2754/3403 242/2755/3403
f 1938/1323/3404 1348/1322/3404 722/2754/3404
f 1348/1322/3405 61/109/3405 722/2754/3405
f 1936/1318/3406 1938/1323/3406 242/2755/3406
f 1936/1318/3407 1937/1320/3407 1938/1323/3407
f 1937/1320/3408 388/1321/3408 1938/1323/3408
f 1563/1319/3409 1202/2756/3409 122/2751/3409
f 1563/1319/3410 1936/1318/3410 1202/2756/3410
f 1936/1318/3411 242/2755/3411 1202/2756/3411
f 1935/1316/3412 888/546/3412 408/1331/3412
f 1935/1316/3413 1084/1309/3413 888/546/3413
f 1084/1309/3414 168/544/3414 888/546/3414
f 1933/1314/3415 1935/1316/3415 408/1331/3415
f 1933/1314/3416 1934/1315/3416 1935/1316/3416
f 1934/1315/3417 604/1307/3417 1935/1316/3417
f 766/1286/3418 1368/1333/3418 92/2753/3418
f 766/1286/3419 1933/1314/3419 1368/1333/3419
f 1933/1314/3420 408/1331/3420 1368/1333/3420
f 1932/1313/3421 1086/557/3421 606/1300/3421
f 1932/1313/3422 1085/1312/3422 1086/557/3422
f 1085/1312/3423 167/555/3423 1086/557/3423
f 1930/1308/3424 1932/1313/3424 606/1300/3424
f 1930/1308/3425 1931/1310/3425 1932/1313/3425
f 1931/1310/3426 605/1311/3426 1932/1313/3426
f 1084/1309/3427 1566/1302/3427 168/544/3427
f 1084/1309/3428 1930/1308/3428 1566/1302/3428
f 1930/1308/3429 606/1300/3429 1566/1302/3429
f 1929/1306/3430 768/151/3430 288/2496/3430
f 1929/1306/3431 767/1305/3431 768/151/3431
f 767/1305/3432 88/149/3432 768/151/3432
f 1927/1301/3433 1929/1306/3433 288/2496/3433
f 1927/1301/3434 1928/1303/3434 1929/1306/3434
f 1928/1303/3435 287/1304/3435 1929/1306/3435
f 1566/1302/3436 1248/2498/3436 168/544/3436
f 1566/1302/3437 1927/1301/3437 1248/2498/3437
f 1927/1301/3438 288/2496/3438 1248/2498/3438
f 1926/1299/3439 872/2757/3439 392/2758/3439
f 1926/1299/3440 1087/1290/3440 872/2757/3440
f 1087/1290/3441 152/2759/3441 872/2757/3441
f 1924/1296/3442 1926/1299/3442 392/2758/3442
f 1924/1296/3443 1925/1298/3443 1926/1299/3443
f 1925/1298/3444 607/1288/3444 1926/1299/3444
f 1354/1297/3445 1352/2760/3445 66/2761/3445
f 1354/1297/3446 1924/1296/3446 1352/2760/3446
f 1924/1296/3447 392/2758/3447 1352/2760/3447
f 1923/1294/3448 1089/562/3448 609/1281/3448
f 1923/1294/3449 1088/1293/3449 1089/562/3449
f 1088/1293/3450 166/551/3450 1089/562/3450
f 1921/1289/3451 1923/1294/3451 609/1281/3451
f 1921/1289/3452 1922/1291/3452 1923/1294/3452
f 1922/1291/3453 608/1292/3453 1923/1294/3453
f 1087/1290/3454 1569/1283/3454 152/2759/3454
f 1087/1290/3455 1921/1289/3455 1569/1283/3455
f 1921/1289/3456 609/1281/3456 1569/1283/3456
f 1920/1287/3457 752/2762/3457 272/2763/3457
f 1920/1287/3458 766/1286/3458 752/2762/3458
f 766/1286/3459 92/2753/3459 752/2762/3459
f 1918/1282/3460 1920/1287/3460 272/2763/3460
f 1918/1282/3461 1919/1284/3461 1920/1287/3461
f 1919/1284/3462 286/1285/3462 1920/1287/3462
f 1569/1283/3463 1232/2764/3463 152/2759/3463
f 1569/1283/3464 1918/1282/3464 1232/2764/3464
f 1918/1282/3465 272/2763/3465 1232/2764/3465
f 1917/1280/3466 844/2765/3466 364/2766/3466
f 1917/1280/3467 1090/1271/3467 844/2765/3467
f 1090/1271/3468 124/2767/3468 844/2765/3468
f 1915/1277/3469 1917/1280/3469 364/2766/3469
f 1915/1277/3470 1916/1279/3470 1917/1280/3470
f 1916/1279/3471 610/1269/3471 1917/1280/3471
f 1365/1278/3472 1324/2768/3472 94/2769/3472
f 1365/1278/3473 1915/1277/3473 1324/2768/3473
f 1915/1277/3474 364/2766/3474 1324/2768/3474
f 1914/1275/3475 1092/569/3475 612/1262/3475
f 1914/1275/3476 1091/1274/3476 1092/569/3476
f 1091/1274/3477 149/567/3477 1092/569/3477
f 1912/1270/3478 1914/1275/3478 612/1262/3478
f 1912/1270/3479 1913/1272/3479 1914/1275/3479
f 1913/1272/3480 611/1273/3480 1914/1275/3480
f 1090/1271/3481 1572/1264/3481 124/2767/3481
f 1090/1271/3482 1912/1270/3482 1572/1264/3482
f 1912/1270/3483 612/1262/3483 1572/1264/3483
f 1911/1268/3484 724/2770/3484 244/2771/3484
f 1911/1268/3485 1349/1267/3485 724/2770/3485
f 1349/1267/3486 62/2729/3486 724/2770/3486
f 1909/1263/3487 1911/1268/3487 244/2771/3487
f 1909/1263/3488 1910/1265/3488 1911/1268/3488
f 1910/1265/3489 389/1266/3489 1911/1268/3489
f 1572/1264/3490 1204/2772/3490 124/2767/3490
f 1572/1264/3491 1909/1263/3491 1204/2772/3491
f 1909/1263/3492 244/2771/3492 1204/2772/3492
f 1908/1261/3493 885/565/3493 405/1276/3493
f 1908/1261/3494 1093/1254/3494 885/565/3494
f 1093/1254/3495 165/563/3495 885/565/3495
f 1906/1259/3496 1908/1261/3496 405/1276/3496
f 1906/1259/3497 1907/1260/3497 1908/1261/3497
f 1907/1260/3498 613/1252/3498 1908/1261/3498
f 763/1231/3499 1365/1278/3499 94/2769/3499
f 763/1231/3500 1906/1259/3500 1365/1278/3500
f 1906/1259/3501 405/1276/3501 1365/1278/3501
f 1905/1258/3502 1095/576/3502 615/1245/3502
f 1905/1258/3503 1094/1257/3503 1095/576/3503
f 1094/1257/3504 164/574/3504 1095/576/3504
f 1903/1253/3505 1905/1258/3505 615/1245/3505
f 1903/1253/3506 1904/1255/3506 1905/1258/3506
f 1904/1255/3507 614/1256/3507 1905/1258/3507
f 1093/1254/3508 1575/1247/3508 165/563/3508
f 1093/1254/3509 1903/1253/3509 1575/1247/3509
f 1903/1253/3510 615/1245/3510 1575/1247/3510
f 1902/1251/3511 765/144/3511 285/2515/3511
f 1902/1251/3512 764/1250/3512 765/144/3512
f 764/1250/3513 89/142/3513 765/144/3513
f 1900/1246/3514 1902/1251/3514 285/2515/3514
f 1900/1246/3515 1901/1248/3515 1902/1251/3515
f 1901/1248/3516 284/1249/3516 1902/1251/3516
f 1575/1247/3517 1245/2517/3517 165/563/3517
f 1575/1247/3518 1900/1246/3518 1245/2517/3518
f 1900/1246/3519 285/2515/3519 1245/2517/3519
f 1899/1244/3520 874/2773/3520 394/2774/3520
f 1899/1244/3521 1096/1235/3521 874/2773/3521
f 1096/1235/3522 154/2775/3522 874/2773/3522
f 1897/1241/3523 1899/1244/3523 394/2774/3523
f 1897/1241/3524 1898/1243/3524 1899/1244/3524
f 1898/1243/3525 616/1233/3525 1899/1244/3525
f 1355/1242/3526 1354/2776/3526 66/2777/3526
f 1355/1242/3527 1897/1241/3527 1354/2776/3527
f 1897/1241/3528 394/2774/3528 1354/2776/3528
f 1896/1239/3529 1098/581/3529 618/1226/3529
f 1896/1239/3530 1097/1238/3530 1098/581/3530
f 1097/1238/3531 163/570/3531 1098/581/3531
f 1894/1234/3532 1896/1239/3532 618/1226/3532
f 1894/1234/3533 1895/1236/3533 1896/1239/3533
f 1895/1236/3534 617/1237/3534 1896/1239/3534
f 1096/1235/3535 1578/1228/3535 154/2775/3535
f 1096/1235/3536 1894/1234/3536 1578/1228/3536
f 1894/1234/3537 618/1226/3537 1578/1228/3537
f 1893/1232/3538 754/2778/3538 274/2779/3538
f 1893/1232/3539 763/1231/3539 754/2778/3539
f 763/1231/3540 94/2769/3540 754/2778/3540
f 1891/1227/3541 1893/1232/3541 274/2779/3541
f 1891/1227/3542 1892/1229/3542 1893/1232/3542
f 1892/1229/3543 283/1230/3543 1893/1232/3543
f 1578/1228/3544 1234/2780/3544 154/2775/3544
f 1578/1228/3545 1891/1227/3545 1234/2780/3545
f 1891/1227/3546 274/2779/3546 1234/2780/3546
f 1890/1225/3547 845/2781/3547 365/2782/3547
f 1890/1225/3548 1099/1216/3548 845/2781/3548
f 1099/1216/3549 125/2783/3549 845/2781/3549
f 1888/1222/3550 1890/1225/3550 365/2782/3550
f 1888/1222/3551 1889/1224/3551 1890/1225/3551
f 1889/1224/3552 619/1214/3552 1890/1225/3552
f 1362/1223/3553 1325/2784/3553 95/2785/3553
f 1362/1223/3554 1888/1222/3554 1325/2784/3554
f 1888/1222/3555 365/2782/3555 1325/2784/3555
f 1887/1220/3556 1101/588/3556 621/1207/3556
f 1887/1220/3557 1100/1219/3557 1101/588/3557
f 1100/1219/3558 150/586/3558 1101/588/3558
f 1885/1215/3559 1887/1220/3559 621/1207/3559
f 1885/1215/3560 1886/1217/3560 1887/1220/3560
f 1886/1217/3561 620/1218/3561 1887/1220/3561
f 1099/1216/3562 1581/1209/3562 125/2783/3562
f 1099/1216/3563 1885/1215/3563 1581/1209/3563
f 1885/1215/3564 621/1207/3564 1581/1209/3564
f 1884/1213/3565 725/2786/3565 245/2787/3565
f 1884/1213/3566 1350/1212/3566 725/2786/3566
f 1350/1212/3567 63/115/3567 725/2786/3567
f 1882/1208/3568 1884/1213/3568 245/2787/3568
f 1882/1208/3569 1883/1210/3569 1884/1213/3569
f 1883/1210/3570 390/1211/3570 1884/1213/3570
f 1581/1209/3571 1205/2788/3571 125/2783/3571
f 1581/1209/3572 1882/1208/3572 1205/2788/3572
f 1882/1208/3573 245/2787/3573 1205/2788/3573
f 1881/1206/3574 882/584/3574 402/1221/3574
f 1881/1206/3575 1102/1199/3575 882/584/3575
f 1102/1199/3576 162/582/3576 882/584/3576
f 1879/1204/3577 1881/1206/3577 402/1221/3577
f 1879/1204/3578 1880/1205/3578 1881/1206/3578
f 1880/1205/3579 622/1197/3579 1881/1206/3579
f 760/1176/3580 1362/1223/3580 95/2785/3580
f 760/1176/3581 1879/1204/3581 1362/1223/3581
f 1879/1204/3582 402/1221/3582 1362/1223/3582
f 1878/1203/3583 1104/595/3583 624/1190/3583
f 1878/1203/3584 1103/1202/3584 1104/595/3584
f 1103/1202/3585 161/593/3585 1104/595/3585
f 1876/1198/3586 1878/1203/3586 624/1190/3586
f 1876/1198/3587 1877/1200/3587 1878/1203/3587
f 1877/1200/3588 623/1201/3588 1878/1203/3588
f 1102/1199/3589 1584/1192/3589 162/582/3589
f 1102/1199/3590 1876/1198/3590 1584/1192/3590
f 1876/1198/3591 624/1190/3591 1584/1192/3591
f 1875/1196/3592 762/137/3592 282/2534/3592
f 1875/1196/3593 761/1195/3593 762/137/3593
f 761/1195/3594 90/135/3594 762/137/3594
f 1873/1191/3595 1875/1196/3595 282/2534/3595
f 1873/1191/3596 1874/1193/3596 1875/1196/3596
f 1874/1193/3597 281/1194/3597 1875/1196/3597
f 1584/1192/3598 1242/2536/3598 162/582/3598
f 1584/1192/3599 1873/1191/3599 1242/2536/3599
f 1873/1191/3600 282/2534/3600 1242/2536/3600
f 1872/1189/3601 875/2789/3601 395/2790/3601
f 1872/1189/3602 1105/1180/3602 875/2789/3602
f 1105/1180/3603 155/2791/3603 875/2789/3603
f 1870/1186/3604 1872/1189/3604 395/2790/3604
f 1870/1186/3605 1871/1188/3605 1872/1189/3605
f 1871/1188/3606 625/1178/3606 1872/1189/3606
f 1356/1187/3607 1355/2792/3607 66/2793/3607
f 1356/1187/3608 1870/1186/3608 1355/2792/3608
f 1870/1186/3609 395/2790/3609 1355/2792/3609
f 1869/1184/3610 1107/600/3610 627/1171/3610
f 1869/1184/3611 1106/1183/3611 1107/600/3611
f 1106/1183/3612 160/589/3612 1107/600/3612
f 1867/1179/3613 1869/1184/3613 627/1171/3613
f 1867/1179/3614 1868/1181/3614 1869/1184/3614
f 1868/1181/3615 626/1182/3615 1869/1184/3615
f 1105/1180/3616 1587/1173/3616 155/2791/3616
f 1105/1180/3617 1867/1179/3617 1587/1173/3617
f 1867/1179/3618 627/1171/3618 1587/1173/3618
f 1866/1177/3619 755/2794/3619 275/2795/3619
f 1866/1177/3620 760/1176/3620 755/2794/3620
f 760/1176/3621 95/2785/3621 755/2794/3621
f 1864/1172/3622 1866/1177/3622 275/2795/3622
f 1864/1172/3623 1865/1174/3623 1866/1177/3623
f 1865/1174/3624 280/1175/3624 1866/1177/3624
f 1587/1173/3625 1235/2796/3625 155/2791/3625
f 1587/1173/3626 1864/1172/3626 1235/2796/3626
f 1864/1172/3627 275/2795/3627 1235/2796/3627
f 1863/1170/3628 846/2797/3628 366/2798/3628
f 1863/1170/3629 1108/1161/3629 846/2797/3629
f 1108/1161/3630 126/2799/3630 846/2797/3630
f 1861/1167/3631 1863/1170/3631 366/2798/3631
f 1861/1167/3632 1862/1169/3632 1863/1170/3632
f 1862/1169/3633 628/1159/3633 1863/1170/3633
f 1359/1168/3634 1326/2800/3634 96/2801/3634
f 1359/1168/3635 1861/1167/3635 1326/2800/3635
f 1861/1167/3636 366/2798/3636 1326/2800/3636
f 1860/1165/3637 1110/607/3637 630/1152/3637
f 1860/1165/3638 1109/1164/3638 1110/607/3638
f 1109/1164/3639 151/605/3639 1110/607/3639
f 1858/1160/3640 1860/1165/3640 630/1152/3640
f 1858/1160/3641 1859/1162/3641 1860/1165/3641
f 1859/1162/3642 629/1163/3642 1860/1165/3642
f 1108/1161/3643 1590/1154/3643 126/2799/3643
f 1108/1161/3644 1858/1160/3644 1590/1154/3644
f 1858/1160/3645 630/1152/3645 1590/1154/3645
f 1857/1158/3646 726/2802/3646 246/2803/3646
f 1857/1158/3647 1351/1157/3647 726/2802/3647
f 1351/1157/3648 64/118/3648 726/2802/3648
f 1855/1153/3649 1857/1158/3649 246/2803/3649
f 1855/1153/3650 1856/1155/3650 1857/1158/3650
f 1856/1155/3651 391/1156/3651 1857/1158/3651
f 1590/1154/3652 1206/2804/3652 126/2799/3652
f 1590/1154/3653 1855/1153/3653 1206/2804/3653
f 1855/1153/3654 246/2803/3654 1206/2804/3654
f 1854/1151/3655 879/603/3655 399/1166/3655
f 1854/1151/3656 1111/1144/3656 879/603/3656
f 1111/1144/3657 159/601/3657 879/603/3657
f 1852/1149/3658 1854/1151/3658 399/1166/3658
f 1852/1149/3659 1853/1150/3659 1854/1151/3659
f 1853/1150/3660 631/1142/3660 1854/1151/3660
f 757/1121/3661 1359/1168/3661 96/2801/3661
f 757/1121/3662 1852/1149/3662 1359/1168/3662
f 1852/1149/3663 399/1166/3663 1359/1168/3663
f 1851/1148/3664 1113/614/3664 633/1135/3664
f 1851/1148/3665 1112/1147/3665 1113/614/3665
f 1112/1147/3666 158/612/3666 1113/614/3666
f 1849/1143/3667 1851/1148/3667 633/1135/3667
f 1849/1143/3668 1850/1145/3668 1851/1148/3668
f 1850/1145/3669 632/1146/3669 1851/1148/3669
f 1111/1144/3670 1593/1137/3670 159/601/3670
f 1111/1144/3671 1849/1143/3671 1593/1137/3671
f 1849/1143/3672 633/1135/3672 1593/1137/3672
f 1848/1141/3673 759/130/3673 279/2553/3673
f 1848/1141/3674 758/1140/3674 759/130/3674
f 758/1140/3675 91/128/3675 759/130/3675
f 1846/1136/3676 1848/1141/3676 279/2553/3676
f 1846/1136/3677 1847/1138/3677 1848/1141/3677
f 1847/1138/3678 278/1139/3678 1848/1141/3678
f 1593/1137/3679 1239/2555/3679 159/601/3679
f 1593/1137/3680 1846/1136/3680 1239/2555/3680
f 1846/1136/3681 279/2553/3681 1239/2555/3681
f 1845/1134/3682 876/2805/3682 396/2806/3682
f 1845/1134/3683 1114/1125/3683 876/2805/3683
f 1114/1125/3684 156/2807/3684 876/2805/3684
f 1843/1131/3685 1845/1134/3685 396/2806/3685
f 1843/1131/3686 1844/1133/3686 1845/1134/3686
f 1844/1133/3687 634/1123/3687 1845/1134/3687
f 723/1132/3688 1356/2808/3688 66/2809/3688
f 723/1132/3689 1843/1131/3689 1356/2808/3689
f 1843/1131/3690 396/2806/3690 1356/2808/3690
f 1842/1129/3691 1116/619/3691 636/1116/3691
f 1842/1129/3692 1115/1128/3692 1116/619/3692
f 1115/1128/3693 157/608/3693 1116/619/3693
f 1840/1124/3694 1842/1129/3694 636/1116/3694
f 1840/1124/3695 1841/1126/3695 1842/1129/3695
f 1841/1126/3696 635/1127/3696 1842/1129/3696
f 1114/1125/3697 1596/1118/3697 156/2807/3697
f 1114/1125/3698 1840/1124/3698 1596/1118/3698
f 1840/1124/3699 636/1116/3699 1596/1118/3699
f 1839/1122/3700 756/2810/3700 276/2811/3700
f 1839/1122/3701 757/1121/3701 756/2810/3701
f 757/1121/3702 96/2801/3702 756/2810/3702
f 1837/1117/3703 1839/1122/3703 276/2811/3703
f 1837/1117/3704 1838/1119/3704 1839/1122/3704
f 1838/1119/3705 277/1120/3705 1839/1122/3705
f 1596/1118/3706 1236/2812/3706 156/2807/3706
f 1596/1118/3707 1837/1117/3707 1236/2812/3707
f 1837/1117/3708 276/2811/3708 1236/2812/3708
f 1836/1115/3709 878/2565/3709 398/2564/3709
f 1836/1115/3710 1117/1106/3710 878/2565/3710
f 1117/1106/3711 158/612/3711 878/2565/3711
f 1834/1112/3712 1836/1115/3712 398/2564/3712
f 1834/1112/3713 1835/1114/3713 1836/1115/3713
f 1835/1114/3714 637/1104/3714 1836/1115/3714
f 753/1113/3715 1358/127/3715 93/124/3715
f 753/1113/3716 1834/1112/3716 1358/127/3716
f 1834/1112/3717 398/2564/3717 1358/127/3717
f 1833/1110/3718 1119/626/3718 639/1097/3718
f 1833/1110/3719 1118/1109/3719 1119/626/3719
f 1118/1109/3720 121/624/3720 1119/626/3720
f 1831/1105/3721 1833/1110/3721 639/1097/3721
f 1831/1105/3722 1832/1107/3722 1833/1110/3722
f 1832/1107/3723 638/1108/3723 1833/1110/3723
f 1117/1106/3724 1599/1099/3724 158/612/3724
f 1117/1106/3725 1831/1105/3725 1599/1099/3725
f 1831/1105/3726 639/1097/3726 1599/1099/3726
f 1830/1103/3727 758/1140/3727 278/1139/3727
f 1830/1103/3728 1321/1102/3728 758/1140/3728
f 1321/1102/3729 91/128/3729 758/1140/3729
f 1828/1098/3730 1830/1103/3730 278/1139/3730
f 1828/1098/3731 1829/1100/3731 1830/1103/3731
f 1829/1100/3732 361/1101/3732 1830/1103/3732
f 1599/1099/3733 1238/613/3733 158/612/3733
f 1599/1099/3734 1828/1098/3734 1238/613/3734
f 1828/1098/3735 278/1139/3735 1238/613/3735
f 1827/1096/3736 881/2546/3736 401/2545/3736
f 1827/1096/3737 1120/1087/3737 881/2546/3737
f 1120/1087/3738 161/593/3738 881/2546/3738
f 1825/1093/3739 1827/1096/3739 401/2545/3739
f 1825/1093/3740 1826/1095/3740 1827/1096/3740
f 1826/1095/3741 640/1085/3741 1827/1096/3741
f 1326/1094/3742 1361/134/3742 96/131/3742
f 1326/1094/3743 1825/1093/3743 1361/134/3743
f 1825/1093/3744 401/2545/3744 1361/134/3744
f 1824/1091/3745 1122/633/3745 642/1078/3745
f 1824/1091/3746 1121/1090/3746 1122/633/3746
f 1121/1090/3747 120/631/3747 1122/633/3747
f 1822/1086/3748 1824/1091/3748 642/1078/3748
f 1822/1086/3749 1823/1088/3749 1824/1091/3749
f 1823/1088/3750 641/1089/3750 1824/1091/3750
f 1120/1087/3751 1602/1080/3751 161/593/3751
f 1120/1087/3752 1822/1086/3752 1602/1080/3752
f 1822/1086/3753 642/1078/3753 1602/1080/3753
f 1821/1084/3754 761/1195/3754 281/1194/3754
f 1821/1084/3755 1320/1083/3755 761/1195/3755
f 1320/1083/3756 90/135/3756 761/1195/3756
f 1819/1079/3757 1821/1084/3757 281/1194/3757
f 1819/1079/3758 1820/1081/3758 1821/1084/3758
f 1820/1081/3759 360/1082/3759 1821/1084/3759
f 1602/1080/3760 1241/594/3760 161/593/3760
f 1602/1080/3761 1819/1079/3761 1241/594/3761
f 1819/1079/3762 281/1194/3762 1241/594/3762
f 1818/1077/3763 884/2527/3763 404/2526/3763
f 1818/1077/3764 1123/1068/3764 884/2527/3764
f 1123/1068/3765 164/574/3765 884/2527/3765
f 1816/1074/3766 1818/1077/3766 404/2526/3766
f 1816/1074/3767 1817/1076/3767 1818/1077/3767
f 1817/1076/3768 643/1066/3768 1818/1077/3768
f 1325/1075/3769 1364/141/3769 95/138/3769
f 1325/1075/3770 1816/1074/3770 1364/141/3770
f 1816/1074/3771 404/2526/3771 1364/141/3771
f 1815/1072/3772 1125/640/3772 645/1059/3772
f 1815/1072/3773 1124/1071/3773 1125/640/3773
f 1124/1071/3774 119/638/3774 1125/640/3774
f 1813/1067/3775 1815/1072/3775 645/1059/3775
f 1813/1067/3776 1814/1069/3776 1815/1072/3776
f 1814/1069/3777 644/1070/3777 1815/1072/3777
f 1123/1068/3778 1605/1061/3778 164/574/3778
f 1123/1068/3779 1813/1067/3779 1605/1061/3779
f 1813/1067/3780 645/1059/3780 1605/1061/3780
f 1812/1065/3781 764/1250/3781 284/1249/3781
f 1812/1065/3782 1319/1064/3782 764/1250/3782
f 1319/1064/3783 89/142/3783 764/1250/3783
f 1810/1060/3784 1812/1065/3784 284/1249/3784
f 1810/1060/3785 1811/1062/3785 1812/1065/3785
f 1811/1062/3786 359/1063/3786 1812/1065/3786
f 1605/1061/3787 1244/575/3787 164/574/3787
f 1605/1061/3788 1810/1060/3788 1244/575/3788
f 1810/1060/3789 284/1249/3789 1244/575/3789
f 1809/1058/3790 887/2508/3790 407/2507/3790
f 1809/1058/3791 1126/1049/3791 887/2508/3791
f 1126/1049/3792 167/555/3792 887/2508/3792
f 1807/1055/3793 1809/1058/3793 407/2507/3793
f 1807/1055/3794 1808/1057/3794 1809/1058/3794
f 1808/1057/3795 646/1047/3795 1809/1058/3795
f 1324/1056/3796 1367/148/3796 94/145/3796
f 1324/1056/3797 1807/1055/3797 1367/148/3797
f 1807/1055/3798 407/2507/3798 1367/148/3798
f 1806/1053/3799 1128/647/3799 648/1040/3799
f 1806/1053/3800 1127/1052/3800 1128/647/3800
f 1127/1052/3801 118/645/3801 1128/647/3801
f 1804/1048/3802 1806/1053/3802 648/1040/3802
f 1804/1048/3803 1805/1050/3803 1806/1053/3803
f 1805/1050/3804 647/1051/3804 1806/1053/3804
f 1126/1049/3805 1608/1042/3805 167/555/3805
f 1126/1049/3806 1804/1048/3806 1608/1042/3806
f 1804/1048/3807 648/1040/3807 1608/1042/3807
f 1803/1046/3808 767/1305/3808 287/1304/3808
f 1803/1046/3809 1318/1045/3809 767/1305/3809
f 1318/1045/3810 88/149/3810 767/1305/3810
f 1801/1041/3811 1803/1046/3811 287/1304/3811
f 1801/1041/3812 1802/1043/3812 1803/1046/3812
f 1802/1043/3813 358/1044/3813 1803/1046/3813
f 1608/1042/3814 1247/556/3814 167/555/3814
f 1608/1042/3815 1801/1041/3815 1247/556/3815
f 1801/1041/3816 287/1304/3816 1247/556/3816
f 1800/1039/3817 890/2489/3817 410/2488/3817
f 1800/1039/3818 1129/1030/3818 890/2489/3818
f 1129/1030/3819 170/536/3819 890/2489/3819
f 1798/1036/3820 1800/1039/3820 410/2488/3820
f 1798/1036/3821 1799/1038/3821 1800/1039/3821
f 1799/1038/3822 649/1028/3822 1800/1039/3822
f 1322/1037/3823 1370/155/3823 92/152/3823
f 1322/1037/3824 1798/1036/3824 1370/155/3824
f 1798/1036/3825 410/2488/3825 1370/155/3825
f 1797/1034/3826 1131/654/3826 651/1021/3826
f 1797/1034/3827 1130/1033/3827 1131/654/3827
f 1130/1033/3828 117/652/3828 1131/654/3828
f 1795/1029/3829 1797/1034/3829 651/1021/3829
f 1795/1029/3830 1796/1031/3830 1797/1034/3830
f 1796/1031/3831 650/1032/3831 1797/1034/3831
f 1129/1030/3832 1611/1023/3832 170/536/3832
f 1129/1030/3833 1795/1029/3833 1611/1023/3833
f 1795/1029/3834 651/1021/3834 1611/1023/3834
f 1794/1027/3835 770/1360/3835 290/1359/3835
f 1794/1027/3836 1317/1026/3836 770/1360/3836
f 1317/1026/3837 87/156/3837 770/1360/3837
f 1792/1022/3838 1794/1027/3838 290/1359/3838
f 1792/1022/3839 1793/1024/3839 1794/1027/3839
f 1793/1024/3840 357/1025/3840 1794/1027/3840
f 1611/1023/3841 1250/537/3841 170/536/3841
f 1611/1023/3842 1792/1022/3842 1250/537/3842
f 1792/1022/3843 290/1359/3843 1250/537/3843
f 1791/1020/3844 893/2470/3844 413/2469/3844
f 1791/1020/3845 1132/1011/3845 893/2470/3845
f 1132/1011/3846 173/517/3846 893/2470/3846
f 1789/1017/3847 1791/1020/3847 413/2469/3847
f 1789/1017/3848 1790/1019/3848 1791/1020/3848
f 1790/1019/3849 652/1009/3849 1791/1020/3849
f 738/1018/3850 1373/162/3850 78/159/3850
f 738/1018/3851 1789/1017/3851 1373/162/3851
f 1789/1017/3852 413/2469/3852 1373/162/3852
f 1788/1015/3853 1134/661/3853 654/1004/3853
f 1788/1015/3854 1133/1014/3854 1134/661/3854
f 1133/1014/3855 115/659/3855 1134/661/3855
f 1786/1010/3856 1788/1015/3856 654/1004/3856
f 1786/1010/3857 1787/1012/3857 1788/1015/3857
f 1787/1012/3858 653/1013/3858 1788/1015/3858
f 1132/1011/3859 1614/1006/3859 173/517/3859
f 1132/1011/3860 1786/1010/3860 1614/1006/3860
f 1786/1010/3861 654/1004/3861 1614/1006/3861
f 1785/1008/3862 773/1415/3862 293/1414/3862
f 1785/1008/3863 1315/933/3863 773/1415/3863
f 1315/933/3864 85/163/3864 773/1415/3864
f 1783/1005/3865 1785/1008/3865 293/1414/3865
f 1783/1005/3866 1784/1007/3866 1785/1008/3866
f 1784/1007/3867 355/931/3867 1785/1008/3867
f 1614/1006/3868 1253/518/3868 173/517/3868
f 1614/1006/3869 1783/1005/3869 1253/518/3869
f 1783/1005/3870 293/1414/3870 1253/518/3870
f 1782/1003/3871 896/2453/3871 416/2452/3871
f 1782/1003/3872 1135/994/3872 896/2453/3872
f 1135/994/3873 176/500/3873 896/2453/3873
f 1780/1000/3874 1782/1003/3874 416/2452/3874
f 1780/1000/3875 1781/1002/3875 1782/1003/3875
f 1781/1002/3876 655/992/3876 1782/1003/3876
f 746/1001/3877 1376/169/3877 86/166/3877
f 746/1001/3878 1780/1000/3878 1376/169/3878
f 1780/1000/3879 416/2452/3879 1376/169/3879
f 1779/998/3880 1137/668/3880 657/987/3880
f 1779/998/3881 1136/997/3881 1137/668/3881
f 1136/997/3882 113/666/3882 1137/668/3882
f 1777/993/3883 1779/998/3883 657/987/3883
f 1777/993/3884 1778/995/3884 1779/998/3884
f 1778/995/3885 656/996/3885 1779/998/3885
f 1135/994/3886 1617/989/3886 176/500/3886
f 1135/994/3887 1777/993/3887 1617/989/3887
f 1777/993/3888 657/987/3888 1617/989/3888
f 1776/991/3889 776/1470/3889 296/1469/3889
f 1776/991/3890 1313/914/3890 776/1470/3890
f 1313/914/3891 83/170/3891 776/1470/3891
f 1774/988/3892 1776/991/3892 296/1469/3892
f 1774/988/3893 1775/990/3893 1776/991/3893
f 1775/990/3894 353/912/3894 1776/991/3894
f 1617/989/3895 1256/501/3895 176/500/3895
f 1617/989/3896 1774/988/3896 1256/501/3896
f 1774/988/3897 296/1469/3897 1256/501/3897
f 1773/986/3898 899/2436/3898 419/2435/3898
f 1773/986/3899 1138/977/3899 899/2436/3899
f 1138/977/3900 179/483/3900 899/2436/3900
f 1771/983/3901 1773/986/3901 419/2435/3901
f 1771/983/3902 1772/985/3902 1773/986/3902
f 1772/985/3903 658/975/3903 1773/986/3903
f 744/984/3904 1379/176/3904 84/173/3904
f 744/984/3905 1771/983/3905 1379/176/3905
f 1771/983/3906 419/2435/3906 1379/176/3906
f 1770/981/3907 1140/675/3907 660/970/3907
f 1770/981/3908 1139/980/3908 1140/675/3908
f 1139/980/3909 111/673/3909 1140/675/3909
f 1768/976/3910 1770/981/3910 660/970/3910
f 1768/976/3911 1769/978/3911 1770/981/3911
f 1769/978/3912 659/979/3912 1770/981/3912
f 1138/977/3913 1620/972/3913 179/483/3913
f 1138/977/3914 1768/976/3914 1620/972/3914
f 1768/976/3915 660/970/3915 1620/972/3915
f 1767/974/3916 779/1525/3916 299/1524/3916
f 1767/974/3917 1311/895/3917 779/1525/3917
f 1311/895/3918 81/177/3918 779/1525/3918
f 1765/971/3919 1767/974/3919 299/1524/3919
f 1765/971/3920 1766/973/3920 1767/974/3920
f 1766/973/3921 351/893/3921 1767/974/3921
f 1620/972/3922 1259/484/3922 179/483/3922
f 1620/972/3923 1765/971/3923 1259/484/3923
f 1765/971/3924 299/1524/3924 1259/484/3924
f 1764/969/3925 902/2419/3925 422/2418/3925
f 1764/969/3926 1141/960/3926 902/2419/3926
f 1141/960/3927 182/466/3927 902/2419/3927
f 1762/966/3928 1764/969/3928 422/2418/3928
f 1762/966/3929 1763/968/3929 1764/969/3929
f 1763/968/3930 661/958/3930 1764/969/3930
f 742/967/3931 1382/183/3931 82/180/3931
f 742/967/3932 1762/966/3932 1382/183/3932
f 1762/966/3933 422/2418/3933 1382/183/3933
f 1761/964/3934 1143/682/3934 663/953/3934
f 1761/964/3935 1142/963/3935 1143/682/3935
f 1142/963/3936 109/680/3936 1143/682/3936
f 1759/959/3937 1761/964/3937 663/953/3937
f 1759/959/3938 1760/961/3938 1761/964/3938
f 1760/961/3939 662/962/3939 1761/964/3939
f 1141/960/3940 1623/955/3940 182/466/3940
f 1141/960/3941 1759/959/3941 1623/955/3941
f 1759/959/3942 663/953/3942 1623/955/3942
f 1758/957/3943 782/1580/3943 302/1579/3943
f 1758/957/3944 1309/876/3944 782/1580/3944
f 1309/876/3945 79/184/3945 782/1580/3945
f 1756/954/3946 1758/957/3946 302/1579/3946
f 1756/954/3947 1757/956/3947 1758/957/3947
f 1757/956/3948 349/874/3948 1758/957/3948
f 1623/955/3949 1262/467/3949 182/466/3949
f 1623/955/3950 1756/954/3950 1262/467/3950
f 1756/954/3951 302/1579/3951 1262/467/3951
f 1755/952/3952 905/2402/3952 425/2401/3952
f 1755/952/3953 1144/943/3953 905/2402/3953
f 1144/943/3954 185/449/3954 905/2402/3954
f 1753/949/3955 1755/952/3955 425/2401/3955
f 1753/949/3956 1754/951/3956 1755/952/3956
f 1754/951/3957 664/941/3957 1755/952/3957
f 740/950/3958 1385/190/3958 80/187/3958
f 740/950/3959 1753/949/3959 1385/190/3959
f 1753/949/3960 425/2401/3960 1385/190/3960
f 1752/947/3961 1146/689/3961 666/936/3961
f 1752/947/3962 1145/946/3962 1146/689/3962
f 1145/946/3963 107/687/3963 1146/689/3963
f 1750/942/3964 1752/947/3964 666/936/3964
f 1750/942/3965 1751/944/3965 1752/947/3965
f 1751/944/3966 665/945/3966 1752/947/3966
f 1144/943/3967 1626/938/3967 185/449/3967
f 1144/943/3968 1750/942/3968 1626/938/3968
f 1750/942/3969 666/936/3969 1626/938/3969
f 1749/940/3970 785/1635/3970 305/1634/3970
f 1749/940/3971 1307/857/3971 785/1635/3971
f 1307/857/3972 77/191/3972 785/1635/3972
f 1747/937/3973 1749/940/3973 305/1634/3973
f 1747/937/3974 1748/939/3974 1749/940/3974
f 1748/939/3975 347/855/3975 1749/940/3975
f 1626/938/3976 1265/450/3976 185/449/3976
f 1626/938/3977 1747/937/3977 1265/450/3977
f 1747/937/3978 305/1634/3978 1265/450/3978
f 1746/935/3979 908/2385/3979 428/2384/3979
f 1746/935/3980 1147/926/3980 908/2385/3980
f 1147/926/3981 188/432/3981 908/2385/3981
f 1744/932/3982 1746/935/3982 428/2384/3982
f 1744/932/3983 1745/934/3983 1746/935/3983
f 1745/934/3984 667/924/3984 1746/935/3984
f 1315/933/3985 1388/195/3985 85/163/3985
f 1315/933/3986 1744/932/3986 1388/195/3986
f 1744/932/3987 428/2384/3987 1388/195/3987
f 1743/930/3988 1149/694/3988 669/917/3988
f 1743/930/3989 1148/929/3989 1149/694/3989
f 1148/929/3990 106/692/3990 1149/694/3990
f 1741/925/3991 1743/930/3991 669/917/3991
f 1741/925/3992 1742/927/3992 1743/930/3992
f 1742/927/3993 668/928/3993 1743/930/3993
f 1147/926/3994 1629/919/3994 188/432/3994
f 1147/926/3995 1741/925/3995 1629/919/3995
f 1741/925/3996 669/917/3996 1629/919/3996
f 1740/923/3997 788/1688/3997 308/1687/3997
f 1740/923/3998 1306/922/3998 788/1688/3998
f 1306/922/3999 76/196/3999 788/1688/3999
f 1738/918/4000 1740/923/4000 308/1687/4000
f 1738/918/4001 1739/920/4001 1740/923/4001
f 1739/920/4002 346/921/4002 1740/923/4002
f 1629/919/4003 1268/433/4003 188/432/4003
f 1629/919/4004 1738/918/4004 1268/433/4004
f 1738/918/4005 308/1687/4005 1268/433/4005
f 1737/916/4006 911/2366/4006 431/2365/4006
f 1737/916/4007 1150/907/4007 911/2366/4007
f 1150/907/4008 191/413/4008 911/2366/4008
f 1735/913/4009 1737/916/4009 431/2365/4009
f 1735/913/4010 1736/915/4010 1737/916/4010
f 1736/915/4011 670/905/4011 1737/916/4011
f 1313/914/4012 1391/200/4012 83/170/4012
f 1313/914/4013 1735/913/4013 1391/200/4013
f 1735/913/4014 431/2365/4014 1391/200/4014
f 1734/911/4015 1152/699/4015 672/898/4015
f 1734/911/4016 1151/910/4016 1152/699/4016
f 1151/910/4017 105/697/4017 1152/699/4017
f 1732/906/4018 1734/911/4018 672/898/4018
f 1732/906/4019 1733/908/4019 1734/911/4019
f 1733/908/4020 671/909/4020 1734/911/4020
f 1150/907/4021 1632/900/4021 191/413/4021
f 1150/907/4022 1732/906/4022 1632/900/4022
f 1732/906/4023 672/898/4023 1632/900/4023
f 1731/904/4024 791/1741/4024 311/1740/4024
f 1731/904/4025 1305/903/4025 791/1741/4025
f 1305/903/4026 75/201/4026 791/1741/4026
f 1729/899/4027 1731/904/4027 311/1740/4027
f 1729/899/4028 1730/901/4028 1731/904/4028
f 1730/901/4029 345/902/4029 1731/904/4029
f 1632/900/4030 1271/414/4030 191/413/4030
f 1632/900/4031 1729/899/4031 1271/414/4031
f 1729/899/4032 311/1740/4032 1271/414/4032
f 1728/897/4033 914/2347/4033 434/2346/4033
f 1728/897/4034 1153/888/4034 914/2347/4034
f 1153/888/4035 194/394/4035 914/2347/4035
f 1726/894/4036 1728/897/4036 434/2346/4036
f 1726/894/4037 1727/896/4037 1728/897/4037
f 1727/896/4038 673/886/4038 1728/897/4038
f 1311/895/4039 1394/205/4039 81/177/4039
f 1311/895/4040 1726/894/4040 1394/205/4040
f 1726/894/4041 434/2346/4041 1394/205/4041
f 1725/892/4042 1155/704/4042 675/879/4042
f 1725/892/4043 1154/891/4043 1155/704/4043
f 1154/891/4044 103/702/4044 1155/704/4044
f 1723/887/4045 1725/892/4045 675/879/4045
f 1723/887/4046 1724/889/4046 1725/892/4046
f 1724/889/4047 674/890/4047 1725/892/4047
f 1153/888/4048 1635/881/4048 194/394/4048
f 1153/888/4049 1723/887/4049 1635/881/4049
f 1723/887/4050 675/879/4050 1635/881/4050
f 1722/885/4051 794/1794/4051 314/1793/4051
f 1722/885/4052 1303/884/4052 794/1794/4052
f 1303/884/4053 73/206/4053 794/1794/4053
f 1720/880/4054 1722/885/4054 314/1793/4054
f 1720/880/4055 1721/882/4055 1722/885/4055
f 1721/882/4056 343/883/4056 1722/885/4056
f 1635/881/4057 1274/395/4057 194/394/4057
f 1635/881/4058 1720/880/4058 1274/395/4058
f 1720/880/4059 314/1793/4059 1274/395/4059
f 1719/878/4060 917/2328/4060 437/2327/4060
f 1719/878/4061 1156/869/4061 917/2328/4061
f 1156/869/4062 197/375/4062 917/2328/4062
f 1717/875/4063 1719/878/4063 437/2327/4063
f 1717/875/4064 1718/877/4064 1719/878/4064
f 1718/877/4065 676/867/4065 1719/878/4065
f 1309/876/4066 1397/210/4066 79/184/4066
f 1309/876/4067 1717/875/4067 1397/210/4067
f 1717/875/4068 437/2327/4068 1397/210/4068
f 1716/873/4069 1158/709/4069 678/860/4069
f 1716/873/4070 1157/872/4070 1158/709/4070
f 1157/872/4071 99/707/4071 1158/709/4071
f 1714/868/4072 1716/873/4072 678/860/4072
f 1714/868/4073 1715/870/4073 1716/873/4073
f 1715/870/4074 677/871/4074 1716/873/4074
f 1156/869/4075 1638/862/4075 197/375/4075
f 1156/869/4076 1714/868/4076 1638/862/4076
f 1714/868/4077 678/860/4077 1638/862/4077
f 1713/866/4078 797/1847/4078 317/1846/4078
f 1713/866/4079 1299/865/4079 797/1847/4079
f 1299/865/4080 69/211/4080 797/1847/4080
f 1711/861/4081 1713/866/4081 317/1846/4081
f 1711/861/4082 1712/863/4082 1713/866/4082
f 1712/863/4083 339/864/4083 1713/866/4083
f 1638/862/4084 1277/376/4084 197/375/4084
f 1638/862/4085 1711/861/4085 1277/376/4085
f 1711/861/4086 317/1846/4086 1277/376/4086
f 1710/859/4087 920/2309/4087 440/2308/4087
f 1710/859/4088 1159/850/4088 920/2309/4088
f 1159/850/4089 200/356/4089 920/2309/4089
f 1708/856/4090 1710/859/4090 440/2308/4090
f 1708/856/4091 1709/858/4091 1710/859/4091
f 1709/858/4092 679/848/4092 1710/859/4092
f 1307/857/4093 1400/215/4093 77/191/4093
f 1307/857/4094 1708/856/4094 1400/215/4094
f 1708/856/4095 440/2308/4095 1400/215/4095
f 1707/854/4096 1161/714/4096 681/843/4096
f 1707/854/4097 1160/853/4097 1161/714/4097
f 1160/853/4098 100/712/4098 1161/714/4098
f 1705/849/4099 1707/854/4099 681/843/4099
f 1705/849/4100 1706/851/4100 1707/854/4100
f 1706/851/4101 680/852/4101 1707/854/4101
f 1159/850/4102 1641/845/4102 200/356/4102
f 1159/850/4103 1705/849/4103 1641/845/4103
f 1705/849/4104 681/843/4104 1641/845/4104
f 1704/847/4105 800/1900/4105 320/1899/4105
f 1704/847/4106 1300/783/4106 800/1900/4106
f 1300/783/4107 70/216/4107 800/1900/4107
f 1702/844/4108 1704/847/4108 320/1899/4108
f 1702/844/4109 1703/846/4109 1704/847/4109
f 1703/846/4110 340/781/4110 1704/847/4110
f 1641/845/4111 1280/357/4111 200/356/4111
f 1641/845/4112 1702/844/4112 1280/357/4112
f 1702/844/4113 320/1899/4113 1280/357/4113
f 1701/842/4114 923/2292/4114 443/2291/4114
f 1701/842/4115 1162/833/4115 923/2292/4115
f 1162/833/4116 203/339/4116 923/2292/4116
f 1699/839/4117 1701/842/4117 443/2291/4117
f 1699/839/4118 1700/841/4118 1701/842/4118
f 1700/841/4119 682/831/4119 1701/842/4119
f 731/840/4120 1403/222/4120 71/219/4120
f 731/840/4121 1699/839/4121 1403/222/4121
f 1699/839/4122 443/2291/4122 1403/222/4122
f 1698/837/4123 1164/721/4123 684/824/4123
f 1698/837/4124 1163/836/4124 1164/721/4124
f 1163/836/4125 104/719/4125 1164/721/4125
f 1696/832/4126 1698/837/4126 684/824/4126
f 1696/832/4127 1697/834/4127 1698/837/4127
f 1697/834/4128 683/835/4128 1698/837/4128
f 1162/833/4129 1644/826/4129 203/339/4129
f 1162/833/4130 1696/832/4130 1644/826/4130
f 1696/832/4131 684/824/4131 1644/826/4131
f 1695/830/4132 803/1955/4132 323/1954/4132
f 1695/830/4133 1304/829/4133 803/1955/4133
f 1304/829/4134 74/223/4134 803/1955/4134
f 1693/825/4135 1695/830/4135 323/1954/4135
f 1693/825/4136 1694/827/4136 1695/830/4136
f 1694/827/4137 344/828/4137 1695/830/4137
f 1644/826/4138 1283/340/4138 203/339/4138
f 1644/826/4139 1693/825/4139 1283/340/4139
f 1693/825/4140 323/1954/4140 1283/340/4140
f 1692/823/4141 926/2273/4141 446/2272/4141
f 1692/823/4142 1165/814/4142 926/2273/4142
f 1165/814/4143 206/320/4143 926/2273/4143
f 1690/820/4144 1692/823/4144 446/2272/4144
f 1690/820/4145 1691/822/4145 1692/823/4145
f 1691/822/4146 685/812/4146 1692/823/4146
f 1304/821/4147 1406/229/4147 74/226/4147
f 1304/821/4148 1690/820/4148 1406/229/4148
f 1690/820/4149 446/2272/4149 1406/229/4149
f 1689/818/4150 1167/728/4150 687/805/4150
f 1689/818/4151 1166/817/4151 1167/728/4151
f 1166/817/4152 102/726/4152 1167/728/4152
f 1687/813/4153 1689/818/4153 687/805/4153
f 1687/813/4154 1688/815/4154 1689/818/4154
f 1688/815/4155 686/816/4155 1689/818/4155
f 1165/814/4156 1647/807/4156 206/320/4156
f 1165/814/4157 1687/813/4157 1647/807/4157
f 1687/813/4158 687/805/4158 1647/807/4158
f 1686/811/4159 806/2010/4159 326/2009/4159
f 1686/811/4160 1302/810/4160 806/2010/4160
f 1302/810/4161 72/230/4161 806/2010/4161
f 1684/806/4162 1686/811/4162 326/2009/4162
f 1684/806/4163 1685/808/4163 1686/811/4163
f 1685/808/4164 342/809/4164 1686/811/4164
f 1647/807/4165 1286/321/4165 206/320/4165
f 1647/807/4166 1684/806/4166 1286/321/4166
f 1684/806/4167 326/2009/4167 1286/321/4167
f 1683/804/4168 929/2254/4168 449/2253/4168
f 1683/804/4169 1168/795/4169 929/2254/4169
f 1168/795/4170 209/301/4170 929/2254/4170
f 1681/801/4171 1683/804/4171 449/2253/4171
f 1681/801/4172 1682/803/4172 1683/804/4172
f 1682/803/4173 688/793/4173 1683/804/4173
f 1302/802/4174 1409/236/4174 72/233/4174
f 1302/802/4175 1681/801/4175 1409/236/4175
f 1681/801/4176 449/2253/4176 1409/236/4176
f 1680/799/4177 1170/735/4177 690/786/4177
f 1680/799/4178 1169/798/4178 1170/735/4178
f 1169/798/4179 97/733/4179 1170/735/4179
f 1678/794/4180 1680/799/4180 690/786/4180
f 1678/794/4181 1679/796/4181 1680/799/4181
f 1679/796/4182 689/797/4182 1680/799/4182
f 1168/795/4183 1650/788/4183 209/301/4183
f 1168/795/4184 1678/794/4184 1650/788/4184
f 1678/794/4185 690/786/4185 1650/788/4185
f 1677/792/4186 809/2065/4186 329/2064/4186
f 1677/792/4187 1297/791/4187 809/2065/4187
f 1297/791/4188 67/237/4188 809/2065/4188
f 1675/787/4189 1677/792/4189 329/2064/4189
f 1675/787/4190 1676/789/4190 1677/792/4190
f 1676/789/4191 337/790/4191 1677/792/4191
f 1650/788/4192 1289/302/4192 209/301/4192
f 1650/788/4193 1675/787/4193 1289/302/4193
f 1675/787/4194 329/2064/4194 1289/302/4194
f 1674/785/4195 932/2235/4195 452/2234/4195
f 1674/785/4196 1171/776/4196 932/2235/4196
f 1171/776/4197 212/282/4197 932/2235/4197
f 1672/782/4198 1674/785/4198 452/2234/4198
f 1672/782/4199 1673/784/4199 1674/785/4199
f 1673/784/4200 691/774/4200 1674/785/4200
f 1300/783/4201 1412/241/4201 70/216/4201
f 1300/783/4202 1672/782/4202 1412/241/4202
f 1672/782/4203 452/2234/4203 1412/241/4203
f 1671/780/4204 1173/740/4204 693/767/4204
f 1671/780/4205 1172/779/4205 1173/740/4205
f 1172/779/4206 98/738/4206 1173/740/4206
f 1669/775/4207 1671/780/4207 693/767/4207
f 1669/775/4208 1670/777/4208 1671/780/4208
f 1670/777/4209 692/778/4209 1671/780/4209
f 1171/776/4210 1653/769/4210 212/282/4210
f 1171/776/4211 1669/775/4211 1653/769/4211
f 1669/775/4212 693/767/4212 1653/769/4212
f 1668/773/4213 812/2118/4213 332/2117/4213
f 1668/773/4214 1298/772/4214 812/2118/4214
f 1298/772/4215 68/242/4215 812/2118/4215
f 1666/768/4216 1668/773/4216 332/2117/4216
f 1666/768/4217 1667/770/4217 1668/773/4217
f 1667/770/4218 338/771/4218 1668/773/4218
f 1653/769/4219 1292/283/4219 212/282/4219
f 1653/769/4220 1666/768/4220 1292/283/4220
f 1666/768/4221 332/2117/4221 1292/283/4221
f 1665/766/4222 935/2216/4222 455/2215/4222
f 1665/766/4223 1174/757/4223 935/2216/4223
f 1174/757/4224 215/263/4224 935/2216/4224
f 1663/763/4225 1665/766/4225 455/2215/4225
f 1663/763/4226 1664/765/4226 1665/766/4226
f 1664/765/4227 694/755/4227 1665/766/4227
f 1297/764/4228 1415/248/4228 67/245/4228
f 1297/764/4229 1663/763/4229 1415/248/4229
f 1663/763/4230 455/2215/4230 1415/248/4230
f 1662/761/4231 1176/747/4231 696/748/4231
f 1662/761/4232 1175/760/4232 1176/747/4232
f 1175/760/4233 128/745/4233 1176/747/4233
f 1660/756/4234 1662/761/4234 696/748/4234
f 1660/756/4235 1661/758/4235 1662/761/4235
f 1661/758/4236 695/759/4236 1662/761/4236
f 1174/757/4237 1656/750/4237 215/263/4237
f 1174/757/4238 1660/756/4238 1656/750/4238
f 1660/756/4239 696/748/4239 1656/750/4239
f 1659/754/4240 815/2173/4240 335/2172/4240
f 1659/754/4241 728/753/4241 815/2173/4241
f 728/753/4242 68/249/4242 815/2173/4242
f 1657/749/4243 1659/754/4243 335/2172/4243
f 1657/749/4244 1658/751/4244 1659/754/4244
f 1658/751/4245 248/752/4245 1659/754/4245
f 1656/750/4246 1295/264/4246 215/263/4246
f 1656/750/4247 1657/749/4247 1295/264/4247
f 1657/749/4248 335/2172/4248 1295/264/4248
f 1176/747/4249 1658/751/4249 696/748/4249
f 1176/747/4250 1208/746/4250 1658/751/4250
f 1208/746/4251 248/752/4251 1658/751/4251
f 1654/742/4252 1661/758/4252 694/755/4252
f 1654/742/4253 1655/744/4253 1661/758/4253
f 1655/744/4254 695/759/4254 1661/758/4254
f 817/743/4255 1664/765/4255 337/762/4255
f 817/743/4256 1654/742/4256 1664/765/4256
f 1654/742/4257 694/755/4257 1664/765/4257
f 1173/740/4258 1667/770/4258 693/767/4258
f 1173/740/4259 818/739/4259 1667/770/4259
f 818/739/4260 338/771/4260 1667/770/4260
f 1651/736/4261 1670/777/4261 691/774/4261
f 1651/736/4262 1652/737/4262 1670/777/4262
f 1652/737/4263 692/778/4263 1670/777/4263
f 820/713/4264 1673/784/4264 340/781/4264
f 820/713/4265 1651/736/4265 1673/784/4265
f 1651/736/4266 691/774/4266 1673/784/4266
f 1170/735/4267 1676/789/4267 690/786/4267
f 1170/735/4268 817/734/4268 1676/789/4268
f 817/734/4269 337/790/4269 1676/789/4269
f 1648/730/4270 1679/796/4270 688/793/4270
f 1648/730/4271 1649/732/4271 1679/796/4271
f 1649/732/4272 689/797/4272 1679/796/4272
f 822/731/4273 1682/803/4273 342/800/4273
f 822/731/4274 1648/730/4274 1682/803/4274
f 1648/730/4275 688/793/4275 1682/803/4275
f 1167/728/4276 1685/808/4276 687/805/4276
f 1167/728/4277 822/727/4277 1685/808/4277
f 822/727/4278 342/809/4278 1685/808/4278
f 1645/723/4279 1688/815/4279 685/812/4279
f 1645/723/4280 1646/725/4280 1688/815/4280
f 1646/725/4281 686/816/4281 1688/815/4281
f 824/724/4282 1691/822/4282 344/819/4282
f 824/724/4283 1645/723/4283 1691/822/4283
f 1645/723/4284 685/812/4284 1691/822/4284
f 1164/721/4285 1694/827/4285 684/824/4285
f 1164/721/4286 824/720/4286 1694/827/4286
f 824/720/4287 344/828/4287 1694/827/4287
f 1642/716/4288 1697/834/4288 682/831/4288
f 1642/716/4289 1643/718/4289 1697/834/4289
f 1643/718/4290 683/835/4290 1697/834/4290
f 1211/717/4291 1700/841/4291 251/838/4291
f 1211/717/4292 1642/716/4292 1700/841/4292
f 1642/716/4293 682/831/4293 1700/841/4293
f 1161/714/4294 1703/846/4294 681/843/4294
f 1161/714/4295 820/713/4295 1703/846/4295
f 820/713/4296 340/781/4296 1703/846/4296
f 1639/710/4297 1706/851/4297 679/848/4297
f 1639/710/4298 1640/711/4298 1706/851/4298
f 1640/711/4299 680/852/4299 1706/851/4299
f 827/688/4300 1709/858/4300 347/855/4300
f 827/688/4301 1639/710/4301 1709/858/4301
f 1639/710/4302 679/848/4302 1709/858/4302
f 1158/709/4303 1712/863/4303 678/860/4303
f 1158/709/4304 819/708/4304 1712/863/4304
f 819/708/4305 339/864/4305 1712/863/4305
f 1636/705/4306 1715/870/4306 676/867/4306
f 1636/705/4307 1637/706/4307 1715/870/4307
f 1637/706/4308 677/871/4308 1715/870/4308
f 829/681/4309 1718/877/4309 349/874/4309
f 829/681/4310 1636/705/4310 1718/877/4310
f 1636/705/4311 676/867/4311 1718/877/4311
f 1155/704/4312 1721/882/4312 675/879/4312
f 1155/704/4313 823/703/4313 1721/882/4313
f 823/703/4314 343/883/4314 1721/882/4314
f 1633/700/4315 1724/889/4315 673/886/4315
f 1633/700/4316 1634/701/4316 1724/889/4316
f 1634/701/4317 674/890/4317 1724/889/4317
f 831/674/4318 1727/896/4318 351/893/4318
f 831/674/4319 1633/700/4319 1727/896/4319
f 1633/700/4320 673/886/4320 1727/896/4320
f 1152/699/4321 1730/901/4321 672/898/4321
f 1152/699/4322 825/698/4322 1730/901/4322
f 825/698/4323 345/902/4323 1730/901/4323
f 1630/695/4324 1733/908/4324 670/905/4324
f 1630/695/4325 1631/696/4325 1733/908/4325
f 1631/696/4326 671/909/4326 1733/908/4326
f 833/667/4327 1736/915/4327 353/912/4327
f 833/667/4328 1630/695/4328 1736/915/4328
f 1630/695/4329 670/905/4329 1736/915/4329
f 1149/694/4330 1739/920/4330 669/917/4330
f 1149/694/4331 826/693/4331 1739/920/4331
f 826/693/4332 346/921/4332 1739/920/4332
f 1627/690/4333 1742/927/4333 667/924/4333
f 1627/690/4334 1628/691/4334 1742/927/4334
f 1628/691/4335 668/928/4335 1742/927/4335
f 835/660/4336 1745/934/4336 355/931/4336
f 835/660/4337 1627/690/4337 1745/934/4337
f 1627/690/4338 667/924/4338 1745/934/4338
f 1146/689/4339 1748/939/4339 666/936/4339
f 1146/689/4340 827/688/4340 1748/939/4340
f 827/688/4341 347/855/4341 1748/939/4341
f 1624/684/4342 1751/944/4342 664/941/4342
f 1624/684/4343 1625/686/4343 1751/944/4343
f 1625/686/4344 665/945/4344 1751/944/4344
f 1220/685/4345 1754/951/4345 260/948/4345
f 1220/685/4346 1624/684/4346 1754/951/4346
f 1624/684/4347 664/941/4347 1754/951/4347
f 1143/682/4348 1757/956/4348 663/953/4348
f 1143/682/4349 829/681/4349 1757/956/4349
f 829/681/4350 349/874/4350 1757/956/4350
f 1621/677/4351 1760/961/4351 661/958/4351
f 1621/677/4352 1622/679/4352 1760/961/4352
f 1622/679/4353 662/962/4353 1760/961/4353
f 1222/678/4354 1763/968/4354 262/965/4354
f 1222/678/4355 1621/677/4355 1763/968/4355
f 1621/677/4356 661/958/4356 1763/968/4356
f 1140/675/4357 1766/973/4357 660/970/4357
f 1140/675/4358 831/674/4358 1766/973/4358
f 831/674/4359 351/893/4359 1766/973/4359
f 1618/670/4360 1769/978/4360 658/975/4360
f 1618/670/4361 1619/672/4361 1769/978/4361
f 1619/672/4362 659/979/4362 1769/978/4362
f 1224/671/4363 1772/985/4363 264/982/4363
f 1224/671/4364 1618/670/4364 1772/985/4364
f 1618/670/4365 658/975/4365 1772/985/4365
f 1137/668/4366 1775/990/4366 657/987/4366
f 1137/668/4367 833/667/4367 1775/990/4367
f 833/667/4368 353/912/4368 1775/990/4368
f 1615/663/4369 1778/995/4369 655/992/4369
f 1615/663/4370 1616/665/4370 1778/995/4370
f 1616/665/4371 656/996/4371 1778/995/4371
f 1226/664/4372 1781/1002/4372 266/999/4372
f 1226/664/4373 1615/663/4373 1781/1002/4373
f 1615/663/4374 655/992/4374 1781/1002/4374
f 1134/661/4375 1784/1007/4375 654/1004/4375
f 1134/661/4376 835/660/4376 1784/1007/4376
f 835/660/4377 355/931/4377 1784/1007/4377
f 1612/656/4378 1787/1012/4378 652/1009/4378
f 1612/656/4379 1613/658/4379 1787/1012/4379
f 1613/658/4380 653/1013/4380 1787/1012/4380
f 1218/657/4381 1790/1019/4381 258/1016/4381
f 1218/657/4382 1612/656/4382 1790/1019/4382
f 1612/656/4383 652/1009/4383 1790/1019/4383
f 1131/654/4384 1793/1024/4384 651/1021/4384
f 1131/654/4385 837/653/4385 1793/1024/4385
f 837/653/4386 357/1025/4386 1793/1024/4386
f 1609/649/4387 1796/1031/4387 649/1028/4387
f 1609/649/4388 1610/651/4388 1796/1031/4388
f 1610/651/4389 650/1032/4389 1796/1031/4389
f 842/650/4390 1799/1038/4390 362/1035/4390
f 842/650/4391 1609/649/4391 1799/1038/4391
f 1609/649/4392 649/1028/4392 1799/1038/4392
f 1128/647/4393 1802/1043/4393 648/1040/4393
f 1128/647/4394 838/646/4394 1802/1043/4394
f 838/646/4395 358/1044/4395 1802/1043/4395
f 1606/642/4396 1805/1050/4396 646/1047/4396
f 1606/642/4397 1607/644/4397 1805/1050/4397
f 1607/644/4398 647/1051/4398 1805/1050/4398
f 844/643/4399 1808/1057/4399 364/1054/4399
f 844/643/4400 1606/642/4400 1808/1057/4400
f 1606/642/4401 646/1047/4401 1808/1057/4401
f 1125/640/4402 1811/1062/4402 645/1059/4402
f 1125/640/4403 839/639/4403 1811/1062/4403
f 839/639/4404 359/1063/4404 1811/1062/4404
f 1603/635/4405 1814/1069/4405 643/1066/4405
f 1603/635/4406 1604/637/4406 1814/1069/4406
f 1604/637/4407 644/1070/4407 1814/1069/4407
f 845/636/4408 1817/1076/4408 365/1073/4408
f 845/636/4409 1603/635/4409 1817/1076/4409
f 1603/635/4410 643/1066/4410 1817/1076/4410
f 1122/633/4411 1820/1081/4411 642/1078/4411
f 1122/633/4412 840/632/4412 1820/1081/4412
f 840/632/4413 360/1082/4413 1820/1081/4413
f 1600/628/4414 1823/1088/4414 640/1085/4414
f 1600/628/4415 1601/630/4415 1823/1088/4415
f 1601/630/4416 641/1089/4416 1823/1088/4416
f 846/629/4417 1826/1095/4417 366/1092/4417
f 846/629/4418 1600/628/4418 1826/1095/4418
f 1600/628/4419 640/1085/4419 1826/1095/4419
f 1119/626/4420 1829/1100/4420 639/1097/4420
f 1119/626/4421 841/625/4421 1829/1100/4421
f 841/625/4422 361/1101/4422 1829/1100/4422
f 1597/621/4423 1832/1107/4423 637/1104/4423
f 1597/621/4424 1598/623/4424 1832/1107/4424
f 1598/623/4425 638/1108/4425 1832/1107/4425
f 1233/622/4426 1835/1114/4426 273/1111/4426
f 1233/622/4427 1597/621/4427 1835/1114/4427
f 1597/621/4428 637/1104/4428 1835/1114/4428
f 1116/619/4429 1838/1119/4429 636/1116/4429
f 1116/619/4430 1237/610/4430 1838/1119/4430
f 1237/610/4431 277/1120/4431 1838/1119/4431
f 1594/616/4432 1841/1126/4432 634/1123/4432
f 1594/616/4433 1595/618/4433 1841/1126/4433
f 1595/618/4434 635/1127/4434 1841/1126/4434
f 1203/617/4435 1844/1133/4435 243/1130/4435
f 1203/617/4436 1594/616/4436 1844/1133/4436
f 1594/616/4437 634/1123/4437 1844/1133/4437
f 1113/614/4438 1847/1138/4438 633/1135/4438
f 1113/614/4439 1238/613/4439 1847/1138/4439
f 1238/613/4440 278/1139/4440 1847/1138/4440
f 1591/609/4441 1850/1145/4441 631/1142/4441
f 1591/609/4442 1592/611/4442 1850/1145/4442
f 1592/611/4443 632/1146/4443 1850/1145/4443
f 1237/610/4444 1853/1150/4444 277/1120/4444
f 1237/610/4445 1591/609/4445 1853/1150/4445
f 1591/609/4446 631/1142/4446 1853/1150/4446
f 1110/607/4447 1856/1155/4447 630/1152/4447
f 1110/607/4448 871/606/4448 1856/1155/4448
f 871/606/4449 391/1156/4449 1856/1155/4449
f 1588/602/4450 1859/1162/4450 628/1159/4450
f 1588/602/4451 1589/604/4451 1859/1162/4451
f 1589/604/4452 629/1163/4452 1859/1162/4452
f 879/603/4453 1862/1169/4453 399/1166/4453
f 879/603/4454 1588/602/4454 1862/1169/4454
f 1588/602/4455 628/1159/4455 1862/1169/4455
f 1107/600/4456 1865/1174/4456 627/1171/4456
f 1107/600/4457 1240/591/4457 1865/1174/4457
f 1240/591/4458 280/1175/4458 1865/1174/4458
f 1585/597/4459 1868/1181/4459 625/1178/4459
f 1585/597/4460 1586/599/4460 1868/1181/4460
f 1586/599/4461 626/1182/4461 1868/1181/4461
f 876/598/4462 1871/1188/4462 396/1185/4462
f 876/598/4463 1585/597/4463 1871/1188/4463
f 1585/597/4464 625/1178/4464 1871/1188/4464
f 1104/595/4465 1874/1193/4465 624/1190/4465
f 1104/595/4466 1241/594/4466 1874/1193/4466
f 1241/594/4467 281/1194/4467 1874/1193/4467
f 1582/590/4468 1877/1200/4468 622/1197/4468
f 1582/590/4469 1583/592/4469 1877/1200/4469
f 1583/592/4470 623/1201/4470 1877/1200/4470
f 1240/591/4471 1880/1205/4471 280/1175/4471
f 1240/591/4472 1582/590/4472 1880/1205/4472
f 1582/590/4473 622/1197/4473 1880/1205/4473
f 1101/588/4474 1883/1210/4474 621/1207/4474
f 1101/588/4475 870/587/4475 1883/1210/4475
f 870/587/4476 390/1211/4476 1883/1210/4476
f 1579/583/4477 1886/1217/4477 619/1214/4477
f 1579/583/4478 1580/585/4478 1886/1217/4478
f 1580/585/4479 620/1218/4479 1886/1217/4479
f 882/584/4480 1889/1224/4480 402/1221/4480
f 882/584/4481 1579/583/4481 1889/1224/4481
f 1579/583/4482 619/1214/4482 1889/1224/4482
f 1098/581/4483 1892/1229/4483 618/1226/4483
f 1098/581/4484 1243/572/4484 1892/1229/4484
f 1243/572/4485 283/1230/4485 1892/1229/4485
f 1576/578/4486 1895/1236/4486 616/1233/4486
f 1576/578/4487 1577/580/4487 1895/1236/4487
f 1577/580/4488 617/1237/4488 1895/1236/4488
f 875/579/4489 1898/1243/4489 395/1240/4489
f 875/579/4490 1576/578/4490 1898/1243/4490
f 1576/578/4491 616/1233/4491 1898/1243/4491
f 1095/576/4492 1901/1248/4492 615/1245/4492
f 1095/576/4493 1244/575/4493 1901/1248/4493
f 1244/575/4494 284/1249/4494 1901/1248/4494
f 1573/571/4495 1904/1255/4495 613/1252/4495
f 1573/571/4496 1574/573/4496 1904/1255/4496
f 1574/573/4497 614/1256/4497 1904/1255/4497
f 1243/572/4498 1907/1260/4498 283/1230/4498
f 1243/572/4499 1573/571/4499 1907/1260/4499
f 1573/571/4500 613/1252/4500 1907/1260/4500
f 1092/569/4501 1910/1265/4501 612/1262/4501
f 1092/569/4502 869/568/4502 1910/1265/4502
f 869/568/4503 389/1266/4503 1910/1265/4503
f 1570/564/4504 1913/1272/4504 610/1269/4504
f 1570/564/4505 1571/566/4505 1913/1272/4505
f 1571/566/4506 611/1273/4506 1913/1272/4506
f 885/565/4507 1916/1279/4507 405/1276/4507
f 885/565/4508 1570/564/4508 1916/1279/4508
f 1570/564/4509 610/1269/4509 1916/1279/4509
f 1089/562/4510 1919/1284/4510 609/1281/4510
f 1089/562/4511 1246/553/4511 1919/1284/4511
f 1246/553/4512 286/1285/4512 1919/1284/4512
f 1567/559/4513 1922/1291/4513 607/1288/4513
f 1567/559/4514 1568/561/4514 1922/1291/4514
f 1568/561/4515 608/1292/4515 1922/1291/4515
f 874/560/4516 1925/1298/4516 394/1295/4516
f 874/560/4517 1567/559/4517 1925/1298/4517
f 1567/559/4518 607/1288/4518 1925/1298/4518
f 1086/557/4519 1928/1303/4519 606/1300/4519
f 1086/557/4520 1247/556/4520 1928/1303/4520
f 1247/556/4521 287/1304/4521 1928/1303/4521
f 1564/552/4522 1931/1310/4522 604/1307/4522
f 1564/552/4523 1565/554/4523 1931/1310/4523
f 1565/554/4524 605/1311/4524 1931/1310/4524
f 1246/553/4525 1934/1315/4525 286/1285/4525
f 1246/553/4526 1564/552/4526 1934/1315/4526
f 1564/552/4527 604/1307/4527 1934/1315/4527
f 1083/550/4528 1937/1320/4528 603/1317/4528
f 1083/550/4529 868/549/4529 1937/1320/4529
f 868/549/4530 388/1321/4530 1937/1320/4530
f 1561/545/4531 1940/1327/4531 601/1324/4531
f 1561/545/4532 1562/547/4532 1940/1327/4532
f 1562/547/4533 602/1328/4533 1940/1327/4533
f 888/546/4534 1943/1334/4534 408/1331/4534
f 888/546/4535 1561/545/4535 1943/1334/4535
f 1561/545/4536 601/1324/4536 1943/1334/4536
f 1080/543/4537 1946/1339/4537 600/1336/4537
f 1080/543/4538 1249/534/4538 1946/1339/4538
f 1249/534/4539 289/1340/4539 1946/1339/4539
f 1558/540/4540 1949/1346/4540 598/1343/4540
f 1558/540/4541 1559/542/4541 1949/1346/4541
f 1559/542/4542 599/1347/4542 1949/1346/4542
f 872/541/4543 1952/1353/4543 392/1350/4543
f 872/541/4544 1558/540/4544 1952/1353/4544
f 1558/540/4545 598/1343/4545 1952/1353/4545
f 1077/538/4546 1955/1358/4546 597/1355/4546
f 1077/538/4547 1250/537/4547 1955/1358/4547
f 1250/537/4548 290/1359/4548 1955/1358/4548
f 1555/533/4549 1958/1365/4549 595/1362/4549
f 1555/533/4550 1556/535/4550 1958/1365/4550
f 1556/535/4551 596/1366/4551 1958/1365/4551
f 1249/534/4552 1961/1370/4552 289/1340/4552
f 1249/534/4553 1555/533/4553 1961/1370/4553
f 1555/533/4554 595/1362/4554 1961/1370/4554
f 1074/531/4555 1964/1375/4555 594/1372/4555
f 1074/531/4556 867/530/4556 1964/1375/4556
f 867/530/4557 387/1376/4557 1964/1375/4557
f 1552/526/4558 1967/1382/4558 592/1379/4558
f 1552/526/4559 1553/528/4559 1967/1382/4559
f 1553/528/4560 593/1383/4560 1967/1382/4560
f 891/527/4561 1970/1389/4561 411/1386/4561
f 891/527/4562 1552/526/4562 1970/1389/4562
f 1552/526/4563 592/1379/4563 1970/1389/4563
f 1071/524/4564 1973/1394/4564 591/1391/4564
f 1071/524/4565 1252/515/4565 1973/1394/4565
f 1252/515/4566 292/1395/4566 1973/1394/4566
f 1549/521/4567 1976/1401/4567 589/1398/4567
f 1549/521/4568 1550/523/4568 1976/1401/4568
f 1550/523/4569 590/1402/4569 1976/1401/4569
f 1188/522/4570 1979/1408/4570 228/1405/4570
f 1188/522/4571 1549/521/4571 1979/1408/4571
f 1549/521/4572 589/1398/4572 1979/1408/4572
f 1068/519/4573 1982/1413/4573 588/1410/4573
f 1068/519/4574 1253/518/4574 1982/1413/4574
f 1253/518/4575 293/1414/4575 1982/1413/4575
f 1546/514/4576 1985/1420/4576 586/1417/4576
f 1546/514/4577 1547/516/4577 1985/1420/4577
f 1547/516/4578 587/1421/4578 1985/1420/4578
f 1252/515/4579 1988/1425/4579 292/1395/4579
f 1252/515/4580 1546/514/4580 1988/1425/4580
f 1546/514/4581 586/1417/4581 1988/1425/4581
f 1065/512/4582 1991/1430/4582 585/1427/4582
f 1065/512/4583 865/437/4583 1991/1430/4583
f 865/437/4584 385/1431/4584 1991/1430/4584
f 1543/509/4585 1994/1437/4585 583/1434/4585
f 1543/509/4586 1544/511/4586 1994/1437/4586
f 1544/511/4587 584/1438/4587 1994/1437/4587
f 894/510/4588 1997/1444/4588 414/1441/4588
f 894/510/4589 1543/509/4589 1997/1444/4589
f 1543/509/4590 583/1434/4590 1997/1444/4590
f 1062/507/4591 2000/1449/4591 582/1446/4591
f 1062/507/4592 1255/498/4592 2000/1449/4592
f 1255/498/4593 295/1450/4593 2000/1449/4593
f 1540/504/4594 2003/1456/4594 580/1453/4594
f 1540/504/4595 1541/506/4595 2003/1456/4595
f 1541/506/4596 581/1457/4596 2003/1456/4596
f 1196/505/4597 2006/1463/4597 236/1460/4597
f 1196/505/4598 1540/504/4598 2006/1463/4598
f 1540/504/4599 580/1453/4599 2006/1463/4599
f 1059/502/4600 2009/1468/4600 579/1465/4600
f 1059/502/4601 1256/501/4601 2009/1468/4601
f 1256/501/4602 296/1469/4602 2009/1468/4602
f 1537/497/4603 2012/1475/4603 577/1472/4603
f 1537/497/4604 1538/499/4604 2012/1475/4604
f 1538/499/4605 578/1476/4605 2012/1475/4605
f 1255/498/4606 2015/1480/4606 295/1450/4606
f 1255/498/4607 1537/497/4607 2015/1480/4607
f 1537/497/4608 577/1472/4608 2015/1480/4608
f 1056/495/4609 2018/1485/4609 576/1482/4609
f 1056/495/4610 863/418/4610 2018/1485/4610
f 863/418/4611 383/1486/4611 2018/1485/4611
f 1534/492/4612 2021/1492/4612 574/1489/4612
f 1534/492/4613 1535/494/4613 2021/1492/4613
f 1535/494/4614 575/1493/4614 2021/1492/4614
f 897/493/4615 2024/1499/4615 417/1496/4615
f 897/493/4616 1534/492/4616 2024/1499/4616
f 1534/492/4617 574/1489/4617 2024/1499/4617
f 1053/490/4618 2027/1504/4618 573/1501/4618
f 1053/490/4619 1258/481/4619 2027/1504/4619
f 1258/481/4620 298/1505/4620 2027/1504/4620
f 1531/487/4621 2030/1511/4621 571/1508/4621
f 1531/487/4622 1532/489/4622 2030/1511/4622
f 1532/489/4623 572/1512/4623 2030/1511/4623
f 1194/488/4624 2033/1518/4624 234/1515/4624
f 1194/488/4625 1531/487/4625 2033/1518/4625
f 1531/487/4626 571/1508/4626 2033/1518/4626
f 1050/485/4627 2036/1523/4627 570/1520/4627
f 1050/485/4628 1259/484/4628 2036/1523/4628
f 1259/484/4629 299/1524/4629 2036/1523/4629
f 1528/480/4630 2039/1530/4630 568/1527/4630
f 1528/480/4631 1529/482/4631 2039/1530/4631
f 1529/482/4632 569/1531/4632 2039/1530/4632
f 1258/481/4633 2042/1535/4633 298/1505/4633
f 1258/481/4634 1528/480/4634 2042/1535/4634
f 1528/480/4635 568/1527/4635 2042/1535/4635
f 1047/478/4636 2045/1540/4636 567/1537/4636
f 1047/478/4637 861/399/4637 2045/1540/4637
f 861/399/4638 381/1541/4638 2045/1540/4638
f 1525/475/4639 2048/1547/4639 565/1544/4639
f 1525/475/4640 1526/477/4640 2048/1547/4640
f 1526/477/4641 566/1548/4641 2048/1547/4641
f 900/476/4642 2051/1554/4642 420/1551/4642
f 900/476/4643 1525/475/4643 2051/1554/4643
f 1525/475/4644 565/1544/4644 2051/1554/4644
f 1044/473/4645 2054/1559/4645 564/1556/4645
f 1044/473/4646 1261/464/4646 2054/1559/4646
f 1261/464/4647 301/1560/4647 2054/1559/4647
f 1522/470/4648 2057/1566/4648 562/1563/4648
f 1522/470/4649 1523/472/4649 2057/1566/4649
f 1523/472/4650 563/1567/4650 2057/1566/4650
f 1192/471/4651 2060/1573/4651 232/1570/4651
f 1192/471/4652 1522/470/4652 2060/1573/4652
f 1522/470/4653 562/1563/4653 2060/1573/4653
f 1041/468/4654 2063/1578/4654 561/1575/4654
f 1041/468/4655 1262/467/4655 2063/1578/4655
f 1262/467/4656 302/1579/4656 2063/1578/4656
f 1519/463/4657 2066/1585/4657 559/1582/4657
f 1519/463/4658 1520/465/4658 2066/1585/4658
f 1520/465/4659 560/1586/4659 2066/1585/4659
f 1261/464/4660 2069/1590/4660 301/1560/4660
f 1261/464/4661 1519/463/4661 2069/1590/4661
f 1519/463/4662 559/1582/4662 2069/1590/4662
f 1038/461/4663 2072/1595/4663 558/1592/4663
f 1038/461/4664 859/380/4664 2072/1595/4664
f 859/380/4665 379/1596/4665 2072/1595/4665
f 1516/458/4666 2075/1602/4666 556/1599/4666
f 1516/458/4667 1517/460/4667 2075/1602/4667
f 1517/460/4668 557/1603/4668 2075/1602/4668
f 903/459/4669 2078/1609/4669 423/1606/4669
f 903/459/4670 1516/458/4670 2078/1609/4670
f 1516/458/4671 556/1599/4671 2078/1609/4671
f 1035/456/4672 2081/1614/4672 555/1611/4672
f 1035/456/4673 1264/447/4673 2081/1614/4673
f 1264/447/4674 304/1615/4674 2081/1614/4674
f 1513/453/4675 2084/1621/4675 553/1618/4675
f 1513/453/4676 1514/455/4676 2084/1621/4676
f 1514/455/4677 554/1622/4677 2084/1621/4677
f 1190/454/4678 2087/1628/4678 230/1625/4678
f 1190/454/4679 1513/453/4679 2087/1628/4679
f 1513/453/4680 553/1618/4680 2087/1628/4680
f 1032/451/4681 2090/1633/4681 552/1630/4681
f 1032/451/4682 1265/450/4682 2090/1633/4682
f 1265/450/4683 305/1634/4683 2090/1633/4683
f 1510/446/4684 2093/1640/4684 550/1637/4684
f 1510/446/4685 1511/448/4685 2093/1640/4685
f 1511/448/4686 551/1641/4686 2093/1640/4686
f 1264/447/4687 2096/1645/4687 304/1615/4687
f 1264/447/4688 1510/446/4688 2096/1645/4688
f 1510/446/4689 550/1637/4689 2096/1645/4689
f 1029/444/4690 2099/1650/4690 549/1647/4690
f 1029/444/4691 857/361/4691 2099/1650/4691
f 857/361/4692 377/1651/4692 2099/1650/4692
f 1507/441/4693 2102/1657/4693 547/1654/4693
f 1507/441/4694 1508/443/4694 2102/1657/4694
f 1508/443/4695 548/1658/4695 2102/1657/4695
f 906/442/4696 2105/1664/4696 426/1661/4696
f 906/442/4697 1507/441/4697 2105/1664/4697
f 1507/441/4698 547/1654/4698 2105/1664/4698
f 1026/439/4699 2108/1669/4699 546/1666/4699
f 1026/439/4700 1267/430/4700 2108/1669/4700
f 1267/430/4701 307/1670/4701 2108/1669/4701
f 1504/436/4702 2111/1676/4702 544/1673/4702
f 1504/436/4703 1505/438/4703 2111/1676/4703
f 1505/438/4704 545/1677/4704 2111/1676/4704
f 865/437/4705 2114/1681/4705 385/1431/4705
f 865/437/4706 1504/436/4706 2114/1681/4706
f 1504/436/4707 544/1673/4707 2114/1681/4707
f 1023/434/4708 2117/1686/4708 543/1683/4708
f 1023/434/4709 1268/433/4709 2117/1686/4709
f 1268/433/4710 308/1687/4710 2117/1686/4710
f 1501/429/4711 2120/1693/4711 541/1690/4711
f 1501/429/4712 1502/431/4712 2120/1693/4712
f 1502/431/4713 542/1694/4713 2120/1693/4713
f 1267/430/4714 2123/1698/4714 307/1670/4714
f 1267/430/4715 1501/429/4715 2123/1698/4715
f 1501/429/4716 541/1690/4716 2123/1698/4716
f 1020/427/4717 2126/1703/4717 540/1700/4717
f 1020/427/4718 856/426/4718 2126/1703/4718
f 856/426/4719 376/1704/4719 2126/1703/4719
f 1498/422/4720 2129/1710/4720 538/1707/4720
f 1498/422/4721 1499/424/4721 2129/1710/4721
f 1499/424/4722 539/1711/4722 2129/1710/4722
f 909/423/4723 2132/1717/4723 429/1714/4723
f 909/423/4724 1498/422/4724 2132/1717/4724
f 1498/422/4725 538/1707/4725 2132/1717/4725
f 1017/420/4726 2135/1722/4726 537/1719/4726
f 1017/420/4727 1270/411/4727 2135/1722/4727
f 1270/411/4728 310/1723/4728 2135/1722/4728
f 1495/417/4729 2138/1729/4729 535/1726/4729
f 1495/417/4730 1496/419/4730 2138/1729/4730
f 1496/419/4731 536/1730/4731 2138/1729/4731
f 863/418/4732 2141/1734/4732 383/1486/4732
f 863/418/4733 1495/417/4733 2141/1734/4733
f 1495/417/4734 535/1726/4734 2141/1734/4734
f 1014/415/4735 2144/1739/4735 534/1736/4735
f 1014/415/4736 1271/414/4736 2144/1739/4736
f 1271/414/4737 311/1740/4737 2144/1739/4737
f 1492/410/4738 2147/1746/4738 532/1743/4738
f 1492/410/4739 1493/412/4739 2147/1746/4739
f 1493/412/4740 533/1747/4740 2147/1746/4740
f 1270/411/4741 2150/1751/4741 310/1723/4741
f 1270/411/4742 1492/410/4742 2150/1751/4742
f 1492/410/4743 532/1743/4743 2150/1751/4743
f 1011/408/4744 2153/1756/4744 531/1753/4744
f 1011/408/4745 855/407/4745 2153/1756/4745
f 855/407/4746 375/1757/4746 2153/1756/4746
f 1489/403/4747 2156/1763/4747 529/1760/4747
f 1489/403/4748 1490/405/4748 2156/1763/4748
f 1490/405/4749 530/1764/4749 2156/1763/4749
f 912/404/4750 2159/1770/4750 432/1767/4750
f 912/404/4751 1489/403/4751 2159/1770/4751
f 1489/403/4752 529/1760/4752 2159/1770/4752
f 1008/401/4753 2162/1775/4753 528/1772/4753
f 1008/401/4754 1273/392/4754 2162/1775/4754
f 1273/392/4755 313/1776/4755 2162/1775/4755
f 1486/398/4756 2165/1782/4756 526/1779/4756
f 1486/398/4757 1487/400/4757 2165/1782/4757
f 1487/400/4758 527/1783/4758 2165/1782/4758
f 861/399/4759 2168/1787/4759 381/1541/4759
f 861/399/4760 1486/398/4760 2168/1787/4760
f 1486/398/4761 526/1779/4761 2168/1787/4761
f 1005/396/4762 2171/1792/4762 525/1789/4762
f 1005/396/4763 1274/395/4763 2171/1792/4763
f 1274/395/4764 314/1793/4764 2171/1792/4764
f 1483/391/4765 2174/1799/4765 523/1796/4765
f 1483/391/4766 1484/393/4766 2174/1799/4766
f 1484/393/4767 524/1800/4767 2174/1799/4767
f 1273/392/4768 2177/1804/4768 313/1776/4768
f 1273/392/4769 1483/391/4769 2177/1804/4769
f 1483/391/4770 523/1796/4770 2177/1804/4770
f 1002/389/4771 2180/1809/4771 522/1806/4771
f 1002/389/4772 853/388/4772 2180/1809/4772
f 853/388/4773 373/1810/4773 2180/1809/4773
f 1480/384/4774 2183/1816/4774 520/1813/4774
f 1480/384/4775 1481/386/4775 2183/1816/4775
f 1481/386/4776 521/1817/4776 2183/1816/4776
f 915/385/4777 2186/1823/4777 435/1820/4777
f 915/385/4778 1480/384/4778 2186/1823/4778
f 1480/384/4779 520/1813/4779 2186/1823/4779
f 999/382/4780 2189/1828/4780 519/1825/4780
f 999/382/4781 1276/373/4781 2189/1828/4781
f 1276/373/4782 316/1829/4782 2189/1828/4782
f 1477/379/4783 2192/1835/4783 517/1832/4783
f 1477/379/4784 1478/381/4784 2192/1835/4784
f 1478/381/4785 518/1836/4785 2192/1835/4785
f 859/380/4786 2195/1840/4786 379/1596/4786
f 859/380/4787 1477/379/4787 2195/1840/4787
f 1477/379/4788 517/1832/4788 2195/1840/4788
f 996/377/4789 2198/1845/4789 516/1842/4789
f 996/377/4790 1277/376/4790 2198/1845/4790
f 1277/376/4791 317/1846/4791 2198/1845/4791
f 1474/372/4792 2201/1852/4792 514/1849/4792
f 1474/372/4793 1475/374/4793 2201/1852/4793
f 1475/374/4794 515/1853/4794 2201/1852/4794
f 1276/373/4795 2204/1857/4795 316/1829/4795
f 1276/373/4796 1474/372/4796 2204/1857/4796
f 1474/372/4797 514/1849/4797 2204/1857/4797
f 993/370/4798 2207/1862/4798 513/1859/4798
f 993/370/4799 849/369/4799 2207/1862/4799
f 849/369/4800 369/1863/4800 2207/1862/4800
f 1471/365/4801 2210/1869/4801 511/1866/4801
f 1471/365/4802 1472/367/4802 2210/1869/4802
f 1472/367/4803 512/1870/4803 2210/1869/4803
f 918/366/4804 2213/1876/4804 438/1873/4804
f 918/366/4805 1471/365/4805 2213/1876/4805
f 1471/365/4806 511/1866/4806 2213/1876/4806
f 990/363/4807 2216/1881/4807 510/1878/4807
f 990/363/4808 1279/354/4808 2216/1881/4808
f 1279/354/4809 319/1882/4809 2216/1881/4809
f 1468/360/4810 2219/1888/4810 508/1885/4810
f 1468/360/4811 1469/362/4811 2219/1888/4811
f 1469/362/4812 509/1889/4812 2219/1888/4812
f 857/361/4813 2222/1893/4813 377/1651/4813
f 857/361/4814 1468/360/4814 2222/1893/4814
f 1468/360/4815 508/1885/4815 2222/1893/4815
f 987/358/4816 2225/1898/4816 507/1895/4816
f 987/358/4817 1280/357/4817 2225/1898/4817
f 1280/357/4818 320/1899/4818 2225/1898/4818
f 1465/353/4819 2228/1905/4819 505/1902/4819
f 1465/353/4820 1466/355/4820 2228/1905/4820
f 1466/355/4821 506/1906/4821 2228/1905/4821
f 1279/354/4822 2231/1910/4822 319/1882/4822
f 1279/354/4823 1465/353/4823 2231/1910/4823
f 1465/353/4824 505/1902/4824 2231/1910/4824
f 984/351/4825 2234/1915/4825 504/1912/4825
f 984/351/4826 850/287/4826 2234/1915/4826
f 850/287/4827 370/1916/4827 2234/1915/4827
f 1462/348/4828 2237/1922/4828 502/1919/4828
f 1462/348/4829 1463/350/4829 2237/1922/4829
f 1463/350/4830 503/1923/4830 2237/1922/4830
f 921/349/4831 2240/1929/4831 441/1926/4831
f 921/349/4832 1462/348/4832 2240/1929/4832
f 1462/348/4833 502/1919/4833 2240/1929/4833
f 981/346/4834 2243/1934/4834 501/1931/4834
f 981/346/4835 1282/337/4835 2243/1934/4835
f 1282/337/4836 322/1935/4836 2243/1934/4836
f 1459/343/4837 2246/1941/4837 499/1938/4837
f 1459/343/4838 1460/345/4838 2246/1941/4838
f 1460/345/4839 500/1942/4839 2246/1941/4839
f 1181/344/4840 2249/1948/4840 221/1945/4840
f 1181/344/4841 1459/343/4841 2249/1948/4841
f 1459/343/4842 499/1938/4842 2249/1948/4842
f 978/341/4843 2252/1953/4843 498/1950/4843
f 978/341/4844 1283/340/4844 2252/1953/4844
f 1283/340/4845 323/1954/4845 2252/1953/4845
f 1456/336/4846 2255/1960/4846 496/1957/4846
f 1456/336/4847 1457/338/4847 2255/1960/4847
f 1457/338/4848 497/1961/4848 2255/1960/4848
f 1282/337/4849 2258/1965/4849 322/1935/4849
f 1282/337/4850 1456/336/4850 2258/1965/4850
f 1456/336/4851 496/1957/4851 2258/1965/4851
f 975/334/4852 2261/1970/4852 495/1967/4852
f 975/334/4853 854/333/4853 2261/1970/4853
f 854/333/4854 374/1971/4854 2261/1970/4854
f 1453/329/4855 2264/1977/4855 493/1974/4855
f 1453/329/4856 1454/331/4856 2264/1977/4856
f 1454/331/4857 494/1978/4857 2264/1977/4857
f 924/330/4858 2267/1984/4858 444/1981/4858
f 924/330/4859 1453/329/4859 2267/1984/4859
f 1453/329/4860 493/1974/4860 2267/1984/4860
f 972/327/4861 2270/1989/4861 492/1986/4861
f 972/327/4862 1285/318/4862 2270/1989/4862
f 1285/318/4863 325/1990/4863 2270/1989/4863
f 1450/324/4864 2273/1996/4864 490/1993/4864
f 1450/324/4865 1451/326/4865 2273/1996/4865
f 1451/326/4866 491/1997/4866 2273/1996/4866
f 854/325/4867 2276/2003/4867 374/2000/4867
f 854/325/4868 1450/324/4868 2276/2003/4868
f 1450/324/4869 490/1993/4869 2276/2003/4869
f 969/322/4870 2279/2008/4870 489/2005/4870
f 969/322/4871 1286/321/4871 2279/2008/4871
f 1286/321/4872 326/2009/4872 2279/2008/4872
f 1447/317/4873 2282/2015/4873 487/2012/4873
f 1447/317/4874 1448/319/4874 2282/2015/4874
f 1448/319/4875 488/2016/4875 2282/2015/4875
f 1285/318/4876 2285/2020/4876 325/1990/4876
f 1285/318/4877 1447/317/4877 2285/2020/4877
f 1447/317/4878 487/2012/4878 2285/2020/4878
f 966/315/4879 2288/2025/4879 486/2022/4879
f 966/315/4880 852/314/4880 2288/2025/4880
f 852/314/4881 372/2026/4881 2288/2025/4881
f 1444/310/4882 2291/2032/4882 484/2029/4882
f 1444/310/4883 1445/312/4883 2291/2032/4883
f 1445/312/4884 485/2033/4884 2291/2032/4884
f 927/311/4885 2294/2039/4885 447/2036/4885
f 927/311/4886 1444/310/4886 2294/2039/4886
f 1444/310/4887 484/2029/4887 2294/2039/4887
f 963/308/4888 2297/2044/4888 483/2041/4888
f 963/308/4889 1288/299/4889 2297/2044/4889
f 1288/299/4890 328/2045/4890 2297/2044/4890
f 1441/305/4891 2300/2051/4891 481/2048/4891
f 1441/305/4892 1442/307/4892 2300/2051/4892
f 1442/307/4893 482/2052/4893 2300/2051/4893
f 852/306/4894 2303/2058/4894 372/2055/4894
f 852/306/4895 1441/305/4895 2303/2058/4895
f 1441/305/4896 481/2048/4896 2303/2058/4896
f 960/303/4897 2306/2063/4897 480/2060/4897
f 960/303/4898 1289/302/4898 2306/2063/4898
f 1289/302/4899 329/2064/4899 2306/2063/4899
f 1438/298/4900 2309/2070/4900 478/2067/4900
f 1438/298/4901 1439/300/4901 2309/2070/4901
f 1439/300/4902 479/2071/4902 2309/2070/4902
f 1288/299/4903 2312/2075/4903 328/2045/4903
f 1288/299/4904 1438/298/4904 2312/2075/4904
f 1438/298/4905 478/2067/4905 2312/2075/4905
f 957/296/4906 2315/2080/4906 477/2077/4906
f 957/296/4907 847/295/4907 2315/2080/4907
f 847/295/4908 367/2081/4908 2315/2080/4908
f 1435/291/4909 2318/2087/4909 475/2084/4909
f 1435/291/4910 1436/293/4910 2318/2087/4910
f 1436/293/4911 476/2088/4911 2318/2087/4911
f 930/292/4912 2321/2094/4912 450/2091/4912
f 930/292/4913 1435/291/4913 2321/2094/4913
f 1435/291/4914 475/2084/4914 2321/2094/4914
f 954/289/4915 2324/2099/4915 474/2096/4915
f 954/289/4916 1291/280/4916 2324/2099/4916
f 1291/280/4917 331/2100/4917 2324/2099/4917
f 1432/286/4918 2327/2106/4918 472/2103/4918
f 1432/286/4919 1433/288/4919 2327/2106/4919
f 1433/288/4920 473/2107/4920 2327/2106/4920
f 850/287/4921 2330/2111/4921 370/1916/4921
f 850/287/4922 1432/286/4922 2330/2111/4922
f 1432/286/4923 472/2103/4923 2330/2111/4923
f 951/284/4924 2333/2116/4924 471/2113/4924
f 951/284/4925 1292/283/4925 2333/2116/4925
f 1292/283/4926 332/2117/4926 2333/2116/4926
f 1429/279/4927 2336/2123/4927 469/2120/4927
f 1429/279/4928 1430/281/4928 2336/2123/4928
f 1430/281/4929 470/2124/4929 2336/2123/4929
f 1291/280/4930 2339/2128/4930 331/2100/4930
f 1291/280/4931 1429/279/4931 2339/2128/4931
f 1429/279/4932 469/2120/4932 2339/2128/4932
f 948/277/4933 2342/2133/4933 468/2130/4933
f 948/277/4934 848/276/4934 2342/2133/4934
f 848/276/4935 368/2134/4935 2342/2133/4935
f 1426/272/4936 2345/2140/4936 466/2137/4936
f 1426/272/4937 1427/274/4937 2345/2140/4937
f 1427/274/4938 467/2141/4938 2345/2140/4938
f 933/273/4939 2348/2147/4939 453/2144/4939
f 933/273/4940 1426/272/4940 2348/2147/4940
f 1426/272/4941 466/2137/4941 2348/2147/4941
f 945/270/4942 2351/2152/4942 465/2149/4942
f 945/270/4943 1294/261/4943 2351/2152/4943
f 1294/261/4944 334/2153/4944 2351/2152/4944
f 1423/267/4945 2354/2159/4945 463/2156/4945
f 1423/267/4946 1424/269/4946 2354/2159/4946
f 1424/269/4947 464/2160/4947 2354/2159/4947
f 847/268/4948 2357/2166/4948 367/2163/4948
f 847/268/4949 1423/267/4949 2357/2166/4949
f 1423/267/4950 463/2156/4950 2357/2166/4950
f 942/265/4951 2360/2171/4951 462/2168/4951
f 942/265/4952 1295/264/4952 2360/2171/4952
f 1295/264/4953 335/2172/4953 2360/2171/4953
f 1420/260/4954 2363/2178/4954 460/2175/4954
f 1420/260/4955 1421/262/4955 2363/2178/4955
f 1421/262/4956 461/2179/4956 2363/2178/4956
f 1294/261/4957 2366/2183/4957 334/2153/4957
f 1294/261/4958 1420/260/4958 2366/2183/4958
f 1420/260/4959 460/2175/4959 2366/2183/4959
f 939/258/4960 2369/2188/4960 459/2185/4960
f 939/258/4961 1178/257/4961 2369/2188/4961
f 1178/257/4962 218/2189/4962 2369/2188/4962
f 1417/253/4963 2372/2195/4963 457/2192/4963
f 1417/253/4964 1418/255/4964 2372/2195/4964
f 1418/255/4965 458/2196/4965 2372/2195/4965
f 936/254/4966 2375/2202/4966 456/2199/4966
f 936/254/4967 1417/253/4967 2375/2202/4967
f 1417/253/4968 457/2192/4968 2375/2202/4968
f 816/251/4969 2378/2207/4969 336/2204/4969
f 816/251/4970 1298/250/4970 2378/2207/4970
f 1298/250/4971 338/2208/4971 2378/2207/4971
f 1414/246/4972 2381/2214/4972 454/2211/4972
f 1414/246/4973 1415/248/4973 2381/2214/4973
f 1415/248/4974 455/2215/4974 2381/2214/4974
f 727/247/4975 2384/2221/4975 247/2218/4975
f 727/247/4976 1414/246/4976 2384/2221/4976
f 1414/246/4977 454/2211/4977 2384/2221/4977
f 813/244/4978 2387/2226/4978 333/2223/4978
f 813/244/4979 728/243/4979 2387/2226/4979
f 728/243/4980 248/2227/4980 2387/2226/4980
f 1411/240/4981 2390/2233/4981 451/2230/4981
f 1411/240/4982 1412/241/4982 2390/2233/4982
f 1412/241/4983 452/2234/4983 2390/2233/4983
f 730/217/4984 2393/2240/4984 250/2237/4984
f 730/217/4985 1411/240/4985 2393/2240/4985
f 1411/240/4986 451/2230/4986 2393/2240/4986
f 810/239/4987 2396/2245/4987 330/2242/4987
f 810/239/4988 727/238/4988 2396/2245/4988
f 727/238/4989 247/2246/4989 2396/2245/4989
f 1408/234/4990 2399/2252/4990 448/2249/4990
f 1408/234/4991 1409/236/4991 2399/2252/4991
f 1409/236/4992 449/2253/4992 2399/2252/4992
f 732/235/4993 2402/2259/4993 252/2256/4993
f 732/235/4994 1408/234/4994 2402/2259/4994
f 1408/234/4995 448/2249/4995 2402/2259/4995
f 807/232/4996 2405/2264/4996 327/2261/4996
f 807/232/4997 732/231/4997 2405/2264/4997
f 732/231/4998 252/2265/4998 2405/2264/4998
f 1405/227/4999 2408/2271/4999 445/2268/4999
f 1405/227/5000 1406/229/5000 2408/2271/5000
f 1406/229/5001 446/2272/5001 2408/2271/5001
f 734/228/5002 2411/2278/5002 254/2275/5002
f 734/228/5003 1405/227/5003 2411/2278/5003
f 1405/227/5004 445/2268/5004 2411/2278/5004
f 804/225/5005 2414/2283/5005 324/2280/5005
f 804/225/5006 734/224/5006 2414/2283/5006
f 734/224/5007 254/2284/5007 2414/2283/5007
f 1402/220/5008 2417/2290/5008 442/2287/5008
f 1402/220/5009 1403/222/5009 2417/2290/5009
f 1403/222/5010 443/2291/5010 2417/2290/5010
f 1301/221/5011 2420/2297/5011 341/2294/5011
f 1301/221/5012 1402/220/5012 2420/2297/5012
f 1402/220/5013 442/2287/5013 2420/2297/5013
f 801/218/5014 2423/2302/5014 321/2299/5014
f 801/218/5015 730/217/5015 2423/2302/5015
f 730/217/5016 250/2237/5016 2423/2302/5016
f 1399/214/5017 2426/2307/5017 439/2304/5017
f 1399/214/5018 1400/215/5018 2426/2307/5018
f 1400/215/5019 440/2308/5019 2426/2307/5019
f 737/192/5020 2429/2314/5020 257/2311/5020
f 737/192/5021 1399/214/5021 2429/2314/5021
f 1399/214/5022 439/2304/5022 2429/2314/5022
f 798/213/5023 2432/2319/5023 318/2316/5023
f 798/213/5024 729/212/5024 2432/2319/5024
f 729/212/5025 249/2320/5025 2432/2319/5025
f 1396/209/5026 2435/2326/5026 436/2323/5026
f 1396/209/5027 1397/210/5027 2435/2326/5027
f 1397/210/5028 437/2327/5028 2435/2326/5028
f 739/185/5029 2438/2333/5029 259/2330/5029
f 739/185/5030 1396/209/5030 2438/2333/5030
f 1396/209/5031 436/2323/5031 2438/2333/5031
f 795/208/5032 2441/2338/5032 315/2335/5032
f 795/208/5033 733/207/5033 2441/2338/5033
f 733/207/5034 253/2339/5034 2441/2338/5034
f 1393/204/5035 2444/2345/5035 433/2342/5035
f 1393/204/5036 1394/205/5036 2444/2345/5036
f 1394/205/5037 434/2346/5037 2444/2345/5037
f 741/178/5038 2447/2352/5038 261/2349/5038
f 741/178/5039 1393/204/5039 2447/2352/5039
f 1393/204/5040 433/2342/5040 2447/2352/5040
f 792/203/5041 2450/2357/5041 312/2354/5041
f 792/203/5042 735/202/5042 2450/2357/5042
f 735/202/5043 255/2358/5043 2450/2357/5043
f 1390/199/5044 2453/2364/5044 430/2361/5044
f 1390/199/5045 1391/200/5045 2453/2364/5045
f 1391/200/5046 431/2365/5046 2453/2364/5046
f 743/171/5047 2456/2371/5047 263/2368/5047
f 743/171/5048 1390/199/5048 2456/2371/5048
f 1390/199/5049 430/2361/5049 2456/2371/5049
f 789/198/5050 2459/2376/5050 309/2373/5050
f 789/198/5051 736/197/5051 2459/2376/5051
f 736/197/5052 256/2377/5052 2459/2376/5052
f 1387/194/5053 2462/2383/5053 427/2380/5053
f 1387/194/5054 1388/195/5054 2462/2383/5054
f 1388/195/5055 428/2384/5055 2462/2383/5055
f 745/164/5056 2465/2390/5056 265/2387/5056
f 745/164/5057 1387/194/5057 2465/2390/5057
f 1387/194/5058 427/2380/5058 2465/2390/5058
f 786/193/5059 2468/2395/5059 306/2392/5059
f 786/193/5060 737/192/5060 2468/2395/5060
f 737/192/5061 257/2311/5061 2468/2395/5061
f 1384/188/5062 2471/2400/5062 424/2397/5062
f 1384/188/5063 1385/190/5063 2471/2400/5063
f 1385/190/5064 425/2401/5064 2471/2400/5064
f 1310/189/5065 2474/2407/5065 350/2404/5065
f 1310/189/5066 1384/188/5066 2474/2407/5066
f 1384/188/5067 424/2397/5067 2474/2407/5067
f 783/186/5068 2477/2412/5068 303/2409/5068
f 783/186/5069 739/185/5069 2477/2412/5069
f 739/185/5070 259/2330/5070 2477/2412/5070
f 1381/181/5071 2480/2417/5071 421/2414/5071
f 1381/181/5072 1382/183/5072 2480/2417/5072
f 1382/183/5073 422/2418/5073 2480/2417/5073
f 1312/182/5074 2483/2424/5074 352/2421/5074
f 1312/182/5075 1381/181/5075 2483/2424/5075
f 1381/181/5076 421/2414/5076 2483/2424/5076
f 780/179/5077 2486/2429/5077 300/2426/5077
f 780/179/5078 741/178/5078 2486/2429/5078
f 741/178/5079 261/2349/5079 2486/2429/5079
f 1378/174/5080 2489/2434/5080 418/2431/5080
f 1378/174/5081 1379/176/5081 2489/2434/5081
f 1379/176/5082 419/2435/5082 2489/2434/5082
f 1314/175/5083 2492/2441/5083 354/2438/5083
f 1314/175/5084 1378/174/5084 2492/2441/5084
f 1378/174/5085 418/2431/5085 2492/2441/5085
f 777/172/5086 2495/2446/5086 297/2443/5086
f 777/172/5087 743/171/5087 2495/2446/5087
f 743/171/5088 263/2368/5088 2495/2446/5088
f 1375/167/5089 2498/2451/5089 415/2448/5089
f 1375/167/5090 1376/169/5090 2498/2451/5090
f 1376/169/5091 416/2452/5091 2498/2451/5091
f 1316/168/5092 2501/2458/5092 356/2455/5092
f 1316/168/5093 1375/167/5093 2501/2458/5093
f 1375/167/5094 415/2448/5094 2501/2458/5094
f 774/165/5095 2504/2463/5095 294/2460/5095
f 774/165/5096 745/164/5096 2504/2463/5096
f 745/164/5097 265/2387/5097 2504/2463/5097
f 1372/160/5098 2507/2468/5098 412/2465/5098
f 1372/160/5099 1373/162/5099 2507/2468/5099
f 1373/162/5100 413/2469/5100 2507/2468/5100
f 1308/161/5101 2510/2475/5101 348/2472/5101
f 1308/161/5102 1372/160/5102 2510/2475/5102
f 1372/160/5103 412/2465/5103 2510/2475/5103
f 771/158/5104 2513/2480/5104 291/2477/5104
f 771/158/5105 747/157/5105 2513/2480/5105
f 747/157/5106 267/2481/5106 2513/2480/5106
f 1369/153/5107 2516/2487/5107 409/2484/5107
f 1369/153/5108 1370/155/5108 2516/2487/5108
f 1370/155/5109 410/2488/5109 2516/2487/5109
f 752/154/5110 2519/2494/5110 272/2491/5110
f 752/154/5111 1369/153/5111 2519/2494/5111
f 1369/153/5112 409/2484/5112 2519/2494/5112
f 768/151/5113 2522/2499/5113 288/2496/5113
f 768/151/5114 748/150/5114 2522/2499/5114
f 748/150/5115 268/2500/5115 2522/2499/5115
f 1366/146/5116 2525/2506/5116 406/2503/5116
f 1366/146/5117 1367/148/5117 2525/2506/5117
f 1367/148/5118 407/2507/5118 2525/2506/5118
f 754/147/5119 2528/2513/5119 274/2510/5119
f 754/147/5120 1366/146/5120 2528/2513/5120
f 1366/146/5121 406/2503/5121 2528/2513/5121
f 765/144/5122 2531/2518/5122 285/2515/5122
f 765/144/5123 749/143/5123 2531/2518/5123
f 749/143/5124 269/2519/5124 2531/2518/5124
f 1363/139/5125 2534/2525/5125 403/2522/5125
f 1363/139/5126 1364/141/5126 2534/2525/5126
f 1364/141/5127 404/2526/5127 2534/2525/5127
f 755/140/5128 2537/2532/5128 275/2529/5128
f 755/140/5129 1363/139/5129 2537/2532/5129
f 1363/139/5130 403/2522/5130 2537/2532/5130
f 762/137/5131 2540/2537/5131 282/2534/5131
f 762/137/5132 750/136/5132 2540/2537/5132
f 750/136/5133 270/2538/5133 2540/2537/5133
f 1360/132/5134 2543/2544/5134 400/2541/5134
f 1360/132/5135 1361/134/5135 2543/2544/5135
f 1361/134/5136 401/2545/5136 2543/2544/5136
f 756/133/5137 2546/2551/5137 276/2548/5137
f 756/133/5138 1360/132/5138 2546/2551/5138
f 1360/132/5139 400/2541/5139 2546/2551/5139
f 759/130/5140 2549/2556/5140 279/2553/5140
f 759/130/5141 751/129/5141 2549/2556/5141
f 751/129/5142 271/2557/5142 2549/2556/5142
f 1357/125/5143 2552/2563/5143 397/2560/5143
f 1357/125/5144 1358/127/5144 2552/2563/5144
f 1358/127/5145 398/2564/5145 2552/2563/5145
f 1323/126/5146 2555/2570/5146 363/2567/5146
f 1323/126/5147 1357/125/5147 2555/2570/5147
f 1357/125/5148 397/2560/5148 2555/2570/5148
f 1353/123/5149 2558/2575/5149 393/2572/5149
f 1353/123/5150 721/122/5150 2558/2575/5150
f 721/122/5151 241/2576/5151 2558/2575/5151
f 726/120/5152 2561/2582/5152 246/2579/5152
f 726/120/5153 720/119/5153 2561/2582/5153
f 720/119/5154 240/2583/5154 2561/2582/5154
f 725/117/5155 2564/2589/5155 245/2586/5155
f 725/117/5156 719/116/5156 2564/2589/5156
f 719/116/5157 239/2590/5157 2564/2589/5157
f 724/114/5158 2567/2596/5158 244/2593/5158
f 724/114/5159 718/113/5159 2567/2596/5159
f 718/113/5160 238/2597/5160 2567/2596/5160
f 722/111/5161 2570/2603/5161 242/2600/5161
f 722/111/5162 717/110/5162 2570/2603/5162
f 717/110/5163 237/2604/5163 2570/2603/5163
f 1338/108/5164 2573/2610/5164 378/2607/5164
f 1338/108/5165 715/103/5165 2573/2610/5165
f 715/103/5166 235/2611/5166 2573/2610/5166
f 1346/107/5167 2576/2617/5167 386/2614/5167
f 1346/107/5168 713/100/5168 2576/2617/5168
f 713/100/5169 233/2618/5169 2576/2617/5169
f 1344/106/5170 2579/2624/5170 384/2621/5170
f 1344/106/5171 711/97/5171 2579/2624/5171
f 711/97/5172 231/2625/5172 2579/2624/5172
f 1342/105/5173 2582/2631/5173 382/2628/5173
f 1342/105/5174 709/94/5174 2582/2631/5174
f 709/94/5175 229/2632/5175 2582/2631/5175
f 1340/104/5176 2585/2638/5176 380/2635/5176
f 1340/104/5177 707/91/5177 2585/2638/5177
f 707/91/5178 227/2639/5178 2585/2638/5178
f 715/103/5179 2588/2643/5179 235/2611/5179
f 715/103/5180 706/102/5180 2588/2643/5180
f 706/102/5181 226/2644/5181 2588/2643/5181
f 713/100/5182 2591/2648/5182 233/2618/5182
f 713/100/5183 705/99/5183 2591/2648/5183
f 705/99/5184 225/2649/5184 2591/2648/5184
f 711/97/5185 2594/2653/5185 231/2625/5185
f 711/97/5186 703/96/5186 2594/2653/5186
f 703/96/5187 223/2654/5187 2594/2653/5187
f 709/94/5188 2597/2658/5188 229/2632/5188
f 709/94/5189 699/93/5189 2597/2658/5189
f 699/93/5190 219/2659/5190 2597/2658/5190
f 707/91/5191 2600/2663/5191 227/2639/5191
f 707/91/5192 700/81/5192 2600/2663/5192
f 700/81/5193 220/2664/5193 2600/2663/5193
f 1331/90/5194 2603/2670/5194 371/2667/5194
f 1331/90/5195 704/89/5195 2603/2670/5195
f 704/89/5196 224/2671/5196 2603/2670/5196
f 704/87/5197 2606/2677/5197 224/2674/5197
f 704/87/5198 702/86/5198 2606/2677/5198
f 702/86/5199 222/2678/5199 2606/2677/5199
f 702/84/5200 2609/2684/5200 222/2681/5200
f 702/84/5201 697/83/5201 2609/2684/5201
f 697/83/5202 217/2685/5202 2609/2684/5202
f 700/81/5203 2612/2689/5203 220/2664/5203
f 700/81/5204 698/80/5204 2612/2689/5204
f 698/80/5205 218/2690/5205 2612/2689/5205
f 697/78/5206 2615/2696/5206 217/2693/5206
f 697/78/5207 1328/77/5207 2615/2696/5207
f 1328/77/5208 368/2697/5208 2615/2696/5208
